Rank,Gene,Cell Type,logFC.ecoVSctrl,logFC.ecpVSctrl,logFC.ecpaVSctrl,logFC.eueVSctrl,logCPM,FDR,Score,Status,Dropped Reason
2,FABP4,Prv-CCL19,2.83816155675853,5.12069912835603,4.6791917792389,0.0817237450703614,9.45619830706881,1.22438753903611e-80,0.7717076784464634,PASS,
6,C2orf40,Prv-CCL19,2.93781655186595,6.61065896830397,6.94196108254577,2.09189134798326,11.8430645086516,1.54674941731856e-164,0.7189670081736984,PASS,
7,S100A10,Prv-CCL19,3.8749810218315,4.20535306408511,4.1369847777599,0.842938412888082,9.35579529616379,1.64016140095129e-96,0.7167913904092995,PASS,
8,LYVE1,Mɸ4-infiltrated,3.98204340205728,3.79032786605932,4.21647380851412,0.628195684789284,7.92473695176468,3.58775577879164e-102,0.7152887550127041,PASS,
10,PDK4,Mɸ1-LYVE1,4.79527630724777,4.28644271427278,2.57958880968192,0.564390577486611,10.0949373291401,8.241452408427271e-173,0.6977931020104948,PASS,
11,FABP5,EC-aPCV,2.9007193871253,5.41728884431876,4.50077781298879,1.594635944244,9.31378727295596,6.06997305366739e-55,0.6932172952498946,PASS,
12,WISP2,Prv-CCL19,3.46689546120519,3.50666634204905,3.40533059971308,0.204505701584026,8.848583673926,6.24764709914704e-50,0.6888353599235137,PASS,
13,ADIRF,Prv-CCL19,3.29294732945969,4.7992197959273,4.96061716908267,1.74354331443439,11.474304069873,1.22416930349479e-175,0.6833224023051833,PASS,
16,MT1M,Prv-CCL19,2.63667494456688,3.620764493794,3.61772660042207,0.319981970415618,9.14065542499426,2.17457513275918e-50,0.6777661616337662,PASS,
17,POSTN,EC-tip,3.39129204865467,3.43407136263251,3.191779413357,0.249348511772191,8.53124454199196,1.95125313979424e-150,0.6771411679216033,PASS,
18,SELE,EC-PCV,0.6027145186676,5.44495963200446,4.95367063464931,1.01120651946671,9.6378404191699,2.27926498909546e-22,0.6770960651385247,PASS,
20,SNCG,Prv-CCL19,1.32849838403204,4.2977577763681,4.33075199520729,0.598381350083377,9.18233486409304,1.66725177825987e-121,0.67420194759116,PASS,
21,CFH,Prv-CCL19,2.85546567119942,3.62521377272609,3.09543268303508,0.170228051194819,9.41571199549611,1.26605208951871e-62,0.6740913852574847,PASS,
22,CYP1B1,Mɸ1-LYVE1,2.58806408728478,3.93659567532805,4.2009139899007,1.01890489520524,7.79723116309613,2.99296942648319e-84,0.6685880900326844,PASS,
25,LYVE1,Mɸ1-LYVE1,1.80848320047995,4.0407186371581,3.31864302710402,0.445214071532013,9.33295623386049,4.22443033933539e-90,0.6602457110791956,PASS,
26,PDK4,Mɸ4-infiltrated,4.35680987532902,3.49574021237029,1.72252261682198,0.0413533347625535,8.04184993375696,2.81334228770232e-126,0.6588578793213549,PASS,
27,FBLN2,EC-aPCV,2.27319548086426,3.69449780053932,3.33474108270852,0.492335305394744,8.5260574392949,2.9533678955605e-22,0.6576543774804313,PASS,
30,CXCL8,cDC2,4.34467124112718,2.20192793380999,3.331261056937,0.145693250037754,7.31162084233052,2.83266997835894e-28,0.6516919664109518,PASS,
32,KLF2,Prv-CCL19,2.48643044342732,3.04105851169242,3.07976562812875,0.0329021797409243,9.07033071371968,1.90755093787131e-39,0.6511882254757485,PASS,
33,GPX3,Prv-CCL19,3.11117783192162,3.43495707515624,3.24577323291972,0.747004247139885,8.92154249474131,7.83931965595609e-64,0.6507842484010709,PASS,
35,CCL21,Prv-CCL19,1.41910551808396,3.75676655336796,3.94447824050724,0.616853268783829,9.73017261623797,5.44968159132644e-47,0.6491947154837742,PASS,
39,FGF7,Prv-CCL19,2.20855946337272,3.60077416999974,3.1459757253828,0.596157822024722,9.15756249516957,2.02438276372444e-71,0.6431965267015566,PASS,
43,CDKN1A,EC-aPCV,2.18273473471956,3.38466072327685,3.44957110512185,0.745529136423038,8.7675491916312,7.126758930940719e-11,0.6352845053197601,PASS,
44,CLSTN2,Prv-CCL19,1.90996013764601,3.25567782784642,3.32921598116679,0.480744702320861,8.70128887204179,3.08300589253685e-65,0.6350910772462094,PASS,
45,CD36,Prv-CCL19,2.72204269072415,3.07891148514222,2.37516890365843,0.155991308339923,8.55953713262541,1.31915398184751e-34,0.6346792063134834,PASS,
46,APOLD1,EC-tip,2.00003660331899,2.81928085536587,3.01425333325792,0.0103286150738348,7.94175601710873,5.43098941664351e-134,0.6339479725675229,PASS,
50,CFH,EC-tip,0.787669982597189,3.35245007579477,3.14957793442931,0.0396685554531516,7.42517550379771,2.90457154924705e-206,0.6284030542545804,PASS,
53,FKBP5,Mɸ1-LYVE1,3.90720544961115,2.56692478728259,2.33308588870871,0.356896623980581,9.30840840560751,1.38087941566517e-208,0.6265534577566111,PASS,
54,ADAMTS1,EC-aPCV,1.48582263894276,3.97846716440815,3.30606561281662,0.93955466258541,9.66587657841726,6.52957165239759e-30,0.6256147938267335,PASS,
55,ANGPT1,Prv-CCL19,1.63383169170591,3.05908385704819,3.14527625524516,0.336430236792672,8.74743452365055,2.95114642389693e-66,0.6248958044249701,PASS,
56,MT1A,Prv-CCL19,4.44551605615413,2.66191929811127,2.05842376572246,0.515562111551385,8.65052974066494,2.10326420530823e-54,0.6229389463803672,PASS,
57,CHRDL1,Prv-CCL19,0.314099492290453,3.51551237763806,3.30121504205844,0.158401254847586,8.71385673993036,3.98605547596987e-90,0.621859567765739,PASS,
58,CYR61,EC-aPCV,2.65153158030646,2.87128401586904,2.32982939349897,0.252024540879881,8.40148600300734,1.0351741586806e-09,0.6216854404239438,PASS,
60,ANGPTL1,Prv-CCL19,2.09790303413343,3.97119351162053,3.90037849218113,1.47551081730454,9.32704696065873,2.02737623614906e-75,0.6204632312226155,PASS,
63,CLU,Prv-CCL19,1.97994106563026,2.45285828264475,3.03127212802556,0.146671113929131,8.89920228766792,2.18974042841959e-57,0.6167551199926938,PASS,
65,NFIB,Prv-CCL19,1.73562925449502,3.04154684584546,2.99483046273333,0.501626396283283,8.99611880044349,3.24511304545265e-73,0.615345636221398,PASS,
67,APOLD1,EC-PCV,1.9122762103776,3.18714614322154,2.79315103703111,0.603156629168248,8.46919604852327,4.89555972242957e-14,0.6138563611811985,PASS,
68,AKAP12,EC-tip,4.4380883186999,2.25388973602588,1.95621462286566,0.370071778134692,7.8953637228346,3.02980529776512e-230,0.61277308390255,PASS,
70,RRAD,Prv-CCL19,2.20741611026677,3.49641589974673,3.88909171701961,1.38354548279699,9.36569415239975,1.31261698663287e-61,0.6119450065705896,PASS,
71,RSPO3,dS2,2.10545507551288,3.35756219526292,2.91241124241907,0.876871806289957,7.42993493523231,2.78191404685569e-266,0.6118723616865585,PASS,
72,APOLD1,EC-aPCV,1.99425130002763,2.86493996455669,2.43919446318772,0.311343541136386,8.60413303635104,8.527123530300841e-15,0.6100683588057761,PASS,
73,FABP5,Prv-CCL19,3.19543373410186,2.99181420562767,2.42272195171873,0.837009708341265,8.75576529554032,8.85312252339843e-34,0.6090307879637266,PASS,
75,SRGAP1,cDC2,3.96820775768284,2.57434975591573,2.55179587508851,0.858525660278849,7.13459581823993,1.90199555263867e-36,0.6086648931082678,PASS,
76,AREG,Mɸ1-LYVE1,1.53338712754438,3.06485841182807,2.02546163054009,0.09231627313799,7.41068380407046,2.28861847168082e-52,0.6074158721395916,PASS,
78,CCL4L2,cDC2,3.00690004660806,2.15462546194955,2.49784253459338,0.264033412842916,7.45949331463811,3.05530372005013e-12,0.6070250763063246,PASS,
81,AQP1,EC-PCV,2.01376950336,3.10414696699445,3.31293726845171,0.959057575164884,10.3221328411745,2.18230094976799e-56,0.606442609291332,PASS,
84,ANGPTL1,dS2,2.49870265056624,1.97629421454304,3.20040929438966,0.437372816606538,7.5632457446317,2.01945120295739e-216,0.6005424940225533,PASS,
85,CFH,EC-aPCV,1.32043548509365,3.25980791151936,3.13079591440576,0.840117116108741,8.40050652850559,3.50574645696328e-18,0.5998615628383247,PASS,
87,AKR1C1,EC-PCV,1.15116054251458,2.78440285512371,2.81294087900085,0.34764472053718,8.32853998747011,1.72523522021998e-13,0.5988217836892369,PASS,
88,NEXN,Prv-CCL19,2.63426363236273,2.51675811321348,2.70111593552707,0.674072450991995,9.34874247250298,2.08623839762403e-48,0.598518297660547,PASS,
90,VCAN,Mɸ1-LYVE1,0.407020763536693,2.36395411156046,4.44905630062639,0.470776385162106,8.34256326389504,3.738442182498589e-229,0.5979015638009068,PASS,
92,CLEC10A,Mɸ4-infiltrated,2.34601996596768,3.22265085934122,3.10844013160377,1.20621471562263,8.4169716148217,8.69789313489431e-97,0.596999313740723,PASS,
93,TAGLN,EC-tip,0.547202891775446,2.66928285505933,2.78737030238725,0.0327983015822931,7.43622925203936,4.84740992229033e-128,0.5968818860584136,PASS,
94,CAVIN2,cDC2,1.73127207804816,2.03025169376357,2.7575335664635,0.0991160596070146,7.05491680836726,4.11325077137428e-17,0.5951112958263313,PASS,
95,PLCXD3,EC-PCV,1.42203640750551,2.51273567150617,2.42879262422872,0.174979157545419,8.37439278007235,5.0798820743821e-14,0.5946778107025604,PASS,
96,INMT,Prv-CCL19,1.2918168278297,2.86005074823344,2.41083982046448,0.3528083124193,8.57087813663289,2.40590227351187e-52,0.5946729849355633,PASS,
100,PTGDS,EC-PCV,1.00065727830592,4.65665205744939,4.20062212176265,1.89437158000272,9.26998735226935,4.16368664282904e-24,0.5942290041894366,PASS,
104,ZFP36,dS2,2.5094416407543,4.22140989947054,0.657896278152531,0.74800728226523,8.62054505251987,0,0.5927738106705953,PASS,
105,PLAT,EC-PCV,0.664265134921543,2.84446147618072,2.73367486072612,0.284637161914195,9.88279100105663,2.31558447470937e-37,0.592621701626333,PASS,
106,AQP1,EC-tip,3.05773441713297,3.56316923179213,3.76155545124571,1.87693453007496,9.26103832984976,9.47554878298345e-166,0.5923652326705457,PASS,
107,TTN,Mɸ1-LYVE1,2.35068229198686,2.94488410750105,1.91888254510982,0.616371082704353,7.49657207871239,3.75962993928023e-28,0.5918119620682305,PASS,
108,MTUS1,EC-aPCV,3.11132295889872,2.25209006944722,2.21725448476785,0.595479582942259,8.72469034601353,1.64872932038666e-16,0.5898698387291765,PASS,
109,FN1,EC-aPCV,4.37495566765182,2.72296342456107,2.70783786940701,1.42285421686762,8.27798017547549,2.5296672264664e-19,0.5896737003736862,PASS,
110,ADAMTS1,EC-tip,1.17041783294283,3.25270811066824,2.1114755226143,0.522374735288173,7.99628056171369,1.22381811864845e-93,0.589383176299347,PASS,
114,CD36,Mɸ1-LYVE1,3.13598933333948,2.49740916240577,1.79807625705936,0.603309692965139,8.6878647411374,2.78265795629516e-88,0.587929126924809,PASS,
116,FKBP5,cDC2,3.2711128314807,1.45318545734959,1.91094600477032,0.0086032320062529,8.14480743660684,1.46620992567327e-48,0.5861918652369318,PASS,
118,MYADM,EC-aPCV,1.52189168467711,2.47470391686898,2.10036999843489,0.232819832862972,8.28843824190786,1.61383827787111e-10,0.5857148720790684,PASS,
119,AC020916.1,EC-aPCV,1.96690823732833,2.80096015621873,2.02072008883272,0.571059285298761,8.33711163228762,5.3859573332368e-30,0.5854186515586376,PASS,
121,EMP1,EC-aPCV,2.22320964448714,2.38959266054024,2.24160631510165,0.510228400078427,9.31873706277544,3.39243595881704e-06,0.5849138971164949,PASS,
123,COL15A1,EC-PCV,0.846331143242793,2.68709274310326,3.15772937871672,0.626697879479386,8.39321845715052,8.50188723082068e-27,0.5839564523095737,PASS,
124,DDIT4,cDC2,3.07472293413856,1.6142905141815,1.84726458623432,0.0985323180544574,8.09770312524495,7.7071791995051e-30,0.5835656292589969,PASS,
125,CXCL12,EC-tip,0.838989238493732,3.82777122822624,3.04429121933044,1.2214703387469,7.31708232527547,1.15019055990362e-124,0.5833563872238811,PASS,
127,FOXC1,EC-aPCV,1.61580972481812,2.51879202911398,2.21797813515681,0.418576121328877,8.4787492846229,1.53884415639122e-11,0.5826549578359999,PASS,
129,C1QB,Mɸ4-infiltrated,2.89472356263187,2.76010651307991,2.6352230312406,1.15573362178674,7.8857691819271,2.20098139381795e-38,0.5820280283701487,PASS,
130,MGLL,EC-PCV,1.19828062441356,2.65016695880143,2.78868605918061,0.616560375460525,8.46179808107688,1.61003692379908e-22,0.5819989321741998,PASS,
131,FHL5,Prv-CCL19,2.59588157277571,2.26586303508669,2.40276648846417,0.681206886075266,8.7658268546945,5.16111143597477e-37,0.5819350882417826,PASS,
132,INPP4B,Prv-CCL19,2.65263891516825,3.65366038824598,3.68388506581343,1.92368672786077,9.08694203457118,1.53343466254439e-67,0.5818085618587768,PASS,
134,LMCD1,dS2,2.13483975220893,2.10813822348058,3.0409623888328,0.714224411053347,7.17818731370612,2.79973178117021e-167,0.5814297036793955,PASS,
135,FOS,dS2,3.04865013284172,4.52602548602632,0.282603158495263,1.08906949869781,10.1629221647588,0,0.5814067949574256,PASS,
136,CITED2,Prv-CCL19,3.78167669191062,2.36981163571047,2.02825371142076,0.932900290462058,8.90792931368937,4.8725926076873e-43,0.5812606322489557,PASS,
137,SKAP2,EC-aPCV,1.58050658150862,3.06177833107332,3.0844296364794,1.12235527598249,8.35928991309346,1.72501083738315e-18,0.580802010617741,PASS,
138,DNASE1L3,EC-PCV,2.47003588849652,2.40292812160195,2.13091733263911,0.638718196149943,8.20132058501237,7.30997514038718e-07,0.5803181274100406,PASS,
139,HSPA1B,Mɸ1-LYVE1,1.77800063295601,2.55625950273567,1.73008270653755,0.321352741188322,7.8212685263511,3.59816919112715e-27,0.5802831567673075,PASS,
140,SOD3,Prv-CCL19,1.19216400389292,2.64623966540604,2.53398378862977,0.540094535745505,9.78195094123297,2.64794947052061e-79,0.5800999412599631,PASS,
142,MEOX1,EC-aPCV,0.427698200428083,2.83766578738663,2.88550285302255,0.526872213910016,8.50837366282836,1.67422185265053e-34,0.5799228958905818,PASS,
144,PCDH19,EC-aPCV,0.768315524399762,2.73241502232947,2.63782193071839,0.497851097964159,8.23635679593288,1.88488459522685e-18,0.5793504457415085,PASS,
145,CTSH,EC-tip,2.32366127680906,3.14321594199552,2.84040036563657,1.32466064641579,7.7440470454244,1.48868135634875e-98,0.5790882528683454,PASS,
146,THBS1,cDC2,3.03929401816852,1.0855041032735,3.11460903769686,0.396500524689632,7.26470400990615,8.98721025286218e-32,0.5788406075137575,PASS,
149,HAS2,dS2,1.96910688990854,1.68046916590187,2.66452390183643,0.302369435298072,7.12081225375892,1.96442484259441e-154,0.5773555800990386,PASS,
152,JUN,EC-aPCV,2.85679917231834,2.31771686407321,2.20637139381375,0.814858686469435,9.41071435313147,7.34207205516169e-07,0.5760312050316497,PASS,
153,SPRY1,EC-PCV,1.54175758622163,1.97517909458107,1.92962258044073,0.0491256839435043,9.10519654365388,2.61327890406152e-10,0.5758767729785796,PASS,
154,TSC22D3,Prv-CCL19,1.01431727524243,1.9465373457524,2.32400498268294,0.0245128569935275,9.20889551055597,9.89477024852249e-50,0.5756375976866233,PASS,
155,F13A1,cDC2,3.58428038608295,1.42796267014753,2.82931418772817,0.73998815186532,7.27546700476912,5.543156102688831e-35,0.5751744964763746,PASS,
156,SNAI1,EC-aPCV,0.702224157657926,2.58438968745067,2.69134462407191,0.493610424558232,8.22310671330087,2.45495304005739e-14,0.5750760715435737,PASS,
157,SERPINE1,dS2,1.3250876650273,2.61441221250397,1.17296043517459,0.0504159539884008,7.29071789750028,1.52661744524149e-290,0.5747053413762431,PASS,
159,DAAM1,EC-PCV,2.26489054167862,3.03741443947567,3.46499984260814,1.54423275783577,8.61289626885455,7.79671113331545e-18,0.5745067774285859,PASS,
162,MT1E,Prv-CCL19,1.6980729833974,2.19008309447683,2.44337733652707,0.514186297511627,9.36499559563778,6.296609032990169e-42,0.5740788079781155,PASS,
163,KLF4,EC-aPCV,1.56296244293439,2.06997925233232,1.98312148469333,0.206481463265428,8.94870601267291,1.26682674956516e-06,0.5732297614544476,PASS,
164,CADM3-AS1,EC-aPCV,0.725195587599027,2.22705328030718,2.3817055864278,0.197427504436679,8.31199126291236,3.64874914118417e-17,0.5726650480967033,PASS,
165,GFRA1,Prv-CCL19,0.029388583102134,2.55618076606784,2.55190940317868,0.217597766206897,8.51102850636917,1.52205725442827e-65,0.5724943995159862,PASS,
170,SAP30,Mɸ4-infiltrated,3.41836531151148,1.99992096554999,1.2533026313766,0.460548231078313,7.86103610683125,1.34458539202338e-88,0.5709088645999325,PASS,
171,MAOA,Prv-CCL19,1.4777642056892,2.24253219974139,2.30090488218171,0.478436184909803,8.48402768885108,2.32572201430032e-37,0.5707709530802657,PASS,
176,STEAP4,Prv-CCL19,4.43141950860571,6.01133270600813,5.8143410509221,3.8815844532809,10.6041969494899,3.20261622272194e-113,0.569614593839357,PASS,
177,EDNRB,EC-tip,3.46310098300587,1.8277969383944,2.1211228731896,0.778637893247054,7.51005801854201,1.09652225565991e-168,0.5691617083436119,PASS,
182,TCN2,Mɸ1-LYVE1,3.00780860492845,1.74700118137903,2.10246082132271,0.617999268905905,8.13020329110856,2.48681884218197e-107,0.5679960243602907,PASS,
184,TGFBR3,Prv-CCL19,2.10557665723325,1.79436328933611,2.20446878075437,0.424646478016844,8.54198149436071,4.77373509029459e-31,0.5677825767793786,PASS,
185,TSC22D3,cDC2,2.25216683604993,1.7622966295293,1.76342683324758,0.260168147807486,8.82027522755449,6.206595076986091e-32,0.5677124862208015,PASS,
186,LDB3,Prv-CCL19,0.87005060097355,1.96036552745551,2.11685557497908,0.0760781780696013,8.40070487032499,2.75396874668238e-37,0.5677086798478024,PASS,
188,PLAC9,Prv-CCL19,2.03626486969331,3.8146285718661,3.80884139917813,2.05360532816238,9.64841832065928,6.016672926396119e-92,0.567656796698451,PASS,
189,CCL2,EC-PCV,0.0960082275010044,4.12903977091425,2.92687164577342,1.32834986143355,8.67893858087176,1.0512950425711e-22,0.5675882773758024,PASS,
191,FKBP5,Mɸ4-infiltrated,3.35613373568047,2.02176428984804,0.842613980826138,0.349553878565985,8.2264683135992,3.19670222740752e-112,0.5669937438117743,PASS,
193,PLPP3,Mɸ1-LYVE1,2.81776767864506,2.00134050104144,1.94936194354172,0.674842575567142,7.52295146615644,2.37565081736191e-52,0.5668703206883623,PASS,
194,FOSL2,Mɸ1-LYVE1,0.844038214395226,2.02337855979095,1.95484480184775,0.058746090780012,7.58715331396074,1.063978786675e-55,0.5666895564357005,PASS,
195,HBEGF,EC-tip,1.17307499323484,2.48025082931823,2.18229653400258,0.550455785534478,7.40606583621352,1.57667720037271e-62,0.5666469873125267,PASS,
199,CCL18,Mɸ1-LYVE1,3.5139108332098,0.569009673773253,2.95045085465302,0.391133251465584,9.28017038324997,1.17274603748748e-84,0.5659015041384724,PASS,
201,CCL4,cDC2,0.181559329793037,2.62591036337812,2.30168226200502,0.361206656568989,7.19562197537496,1.05328132268687e-17,0.5656818946130193,PASS,
202,C11orf96,EC-PCV,1.14393613499645,2.61648137996933,2.34450032329232,0.708515327476611,8.48826525009194,5.12437380933103e-09,0.565414849008465,PASS,
205,NRP2,EC-tip,2.58194623998883,2.73544026923187,3.00660470951819,1.45090749730674,7.64368278045711,2.11864926794762e-102,0.5649518618282571,PASS,
206,FILIP1L,EC-PCV,0.502758967877118,2.55343648003762,2.76003174206961,0.634634167520365,8.36972752363156,5.89572543524037e-16,0.5648798640134955,PASS,
209,CXCL3,Mɸ1-LYVE1,0.87488048045674,2.0151190819319,3.00185228340436,0.544552357092918,7.51206509276142,7.50879254383931e-75,0.5647225251776913,PASS,
210,CSGALNACT1,Prv-CCL19,0.345359148865138,2.53881318214115,2.94553197954806,0.647904988108468,8.61288178266883,3.39320078596924e-70,0.5647092089792868,PASS,
212,GPNMB,Prv-CCL19,1.35053976455133,2.60560572084398,2.89748465410528,0.996728917335361,8.76239136193023,1.94890446240499e-47,0.5645465997134655,PASS,
215,RGS1,Mɸ4-infiltrated,3.44904224585687,2.33604887158879,1.0150979472675,0.697277799322627,8.29533609888489,6.663286195367121e-63,0.5641467789241105,PASS,
217,SNTA1,Prv-CCL19,0.540307703154732,2.09720490992642,2.1462576773024,0.155350929793278,8.50843490237413,1.06968719697338e-42,0.5634557314849478,PASS,
220,EREG,Mɸ1-LYVE1,1.34942969646957,1.69416415376795,2.63386007237031,0.406749713127166,7.35753586863297,1.16270592847115e-38,0.562475456771111,PASS,
221,SLC7A2,Prv-CCL19,2.16394638618617,2.29164305365593,2.06273190040327,0.784005067234977,8.68029770800105,6.571342316499221e-25,0.5622470361246001,PASS,
222,CSRNP1,EC-aPCV,1.55427949893904,2.34177549317955,1.94276330358757,0.586911702792484,8.39302279117751,1.57015755275837e-12,0.5618478558116174,PASS,
223,PNP,EC-aPCV,1.1813879237894,2.30566369007028,2.21955276102645,0.562650519843922,8.28220708287806,2.05961432808279e-07,0.5617500930898452,PASS,
224,C9orf40,EC-aPCV,2.01864426845128,2.32388933274674,2.13638856132799,0.80225084616089,8.11589129178943,3.98342917628837e-05,0.5614843685770129,PASS,
225,RSPO3,EC-PCV,1.20011936053999,2.80088823894068,2.34947149345494,0.906992523896838,8.460257630526,7.453823935572739e-16,0.5610415462612127,PASS,
227,AC108134.2,dS2,2.81332920932176,1.6980193316583,1.35416858972303,0.357202538382449,7.22864530342628,3.02251161568562e-127,0.5608340371603396,PASS,
228,BTNL9,EC-tip,3.66527892373546,1.50025096708756,2.31183466063843,0.86540256397257,7.52583181040527,2.91515328175649e-182,0.5607311027618814,PASS,
229,C5AR2,Mɸ1-LYVE1,0.846917233583831,2.17677216751775,2.03701381631786,0.329139361706007,7.66145482567127,6.60641438347165e-48,0.5604478092166155,PASS,
230,LYST,EC-PCV,1.26248491702013,1.81248609941312,1.69220740771309,0.103286051780157,8.57349556068964,4.85533361920033e-09,0.5603253048729303,PASS,
231,ZBTB16,Prv-CCL19,2.55379020110249,2.11046054496064,2.46877071758181,0.985625908486012,8.48486982005319,4.45577555745665e-32,0.5602442870730524,PASS,
233,LDLR,EC-aPCV,1.35261050206758,2.38663699919811,2.28199183655932,0.721597183503537,8.47481446307214,1.32187100111997e-06,0.5599223398110063,PASS,
234,PTGDS,EC-aPCV,1.8085585951279,4.20724856479145,4.02567746240434,2.32651074159291,8.80844554156248,6.173221894475499e-12,0.5599085095771886,PASS,
235,JUN,EC-tip,1.32645069874081,2.24109215678579,1.65324473061865,0.375871560999839,8.63455924641415,1.15750183804285e-58,0.5598385642665298,PASS,
237,PODN,Prv-CCL19,1.79956212403477,2.13120317196562,2.07215433192778,0.632927497169225,8.45427032431891,2.56836174226555e-28,0.559804042592418,PASS,
239,ARID5B,EC-aPCV,1.15833892465759,2.387805238985,2.10408977555392,0.595453422720871,8.42493281881651,3.35244812438345e-12,0.5596724142781387,PASS,
241,ZBTB16,EC-PCV,2.6290160101402,2.0505161524725,2.0941223090945,0.839861625902421,8.22817441136779,4.82560003431663e-09,0.5595965714077823,PASS,
242,SMAP2,cDC2,2.83187295460752,1.41979254857072,1.66716198237609,0.353105719008127,8.63322828871357,5.30102316339225e-64,0.5595580296199324,PASS,
244,SESN1,cDC2,2.00953773675038,1.59777160921108,1.84042371668402,0.292593262595473,7.20376516491888,7.54083558619648e-16,0.5594746071638548,PASS,
247,CD44,Prv-CCL19,0.559219775064718,2.02897887988727,2.19990158145519,0.242938763602012,9.93492828921866,2.40442304288288e-80,0.5589893838177407,PASS,
252,ARID5B,EC-tip,2.25415695034517,2.96770123839465,2.51415903233585,1.40287178755717,7.70607348237098,1.96994692289998e-83,0.5581599263671041,PASS,
253,POSTN,EC-PCV,2.762371216886,1.32247415203139,1.05411253540379,0.0403403659678088,8.79674420787738,2.58745149669228e-14,0.5579790476502786,PASS,
255,TNS1,Mɸ1-LYVE1,2.03708244094697,1.96610649351791,2.13375330313901,0.669726793917593,7.56286439387598,2.58364016851891e-25,0.5578689193509387,PASS,
256,CA4,EC-tip,5.37710552275561,0.936630755132274,0.0851997765897975,0.0482942374788786,8.05894034661045,0,0.5578280302079609,PASS,
258,GPR34,Mɸ4-infiltrated,2.95179457141434,1.81464605523562,1.88492902943783,0.745675205585217,7.57212231585279,3.92011907250135e-55,0.557721900920087,PASS,
259,DUSP1,EC-tip,1.36078775619337,1.92505038607906,1.31237142940473,0.0997042043503249,9.0513389655947,9.57031163352262e-73,0.5576613372069894,PASS,
260,FKBP5,Prv-CCL19,2.80451917365916,1.67835637825329,1.43307226559597,0.443736386657169,8.53467127209089,1.449153414667e-31,0.5575868102534872,PASS,
261,MAP3K8,cDC2,2.06801917403114,1.25173583294074,1.59597088632287,0.0428769156583569,7.64686296715649,5.65060181104466e-19,0.5571504769942305,PASS,
263,RAB3C,EC-PCV,0.48861433505328,2.37098002840967,1.92745483332113,0.347248953818827,8.15857071566134,5.43115251458337e-18,0.5571047647945274,PASS,
265,CCDC80,dS2,2.23931501330021,1.37495802789057,1.8926901823713,0.299846557298605,7.84210009410402,7.84064395064322e-124,0.5570246854985005,PASS,
266,SEMA3E,EC-PCV,0.178297729565515,2.28221437178022,2.32507678806974,0.355412869313391,8.20230972667595,5.79741952102615e-20,0.5569785049072044,PASS,
267,CD163,cDC2,4.45420854820045,1.3889575687939,2.19907410572013,1.01742491784103,7.19231831762701,3.52226838399201e-45,0.5569435691727367,PASS,
269,CCND1,EC-PCV,0.609999309355138,1.70923153022936,2.19512680213689,0.113311912513141,8.196544191094,1.74508361615566e-13,0.5568418732413417,PASS,
273,LMCD1,Prv-CCL19,3.13507122034237,2.30976691683458,2.0985541645283,1.1660587870791,8.85075852481915,1.16027265734993e-29,0.5566804950759906,PASS,
274,C5AR1,Mɸ1-LYVE1,0.903141625283014,1.72278886295321,1.82601317127501,0.0696560328477588,8.97319933054262,5.80028308012628e-66,0.5566775387267537,PASS,
275,MAP3K8,EC-aPCV,1.53747211964717,2.42620744661747,2.11710222446717,0.796219360048243,8.12281416685256,3.14797205627645e-10,0.5565159019970477,PASS,
276,CFD,Prv-CCL19,1.68560018352523,5.40943919769682,5.1034744222516,3.10691806556298,10.2242862277763,8.13079858770953e-72,0.5564489294339455,PASS,
277,GNLY,dS2,1.20560413723348,1.55217365333069,3.72605475444597,0.80298218534983,7.36298620825382,2.69729892601811e-253,0.556415137163579,PASS,
278,PGM5P3-AS1,dS2,1.09393315921148,1.27386216521999,2.17221609974902,0.0160062047331805,7.10210336618795,1.88391240386888e-121,0.5559962481266508,PASS,
279,IL7R,B cell,2.15931199854159,1.50672988898216,2.14413742959975,0.478897624263726,8.41121171849455,8.12199671411838e-49,0.5559743325989892,PASS,
280,AC108134.2,EC-PCV,1.3694836374106,1.35803983426153,2.33107621322229,0.223599111806241,8.30444766305231,1.11456605842731e-17,0.555950131882397,PASS,
283,CTTNBP2,cDC2,1.67415860965603,2.04672454750371,1.1516614181454,0.24242503974995,7.01454090465216,8.073332486527409e-26,0.5558466684177227,PASS,
286,RNASE1,cDC2,2.4753740381512,0.927035905411385,2.15726349223317,0.234165536766478,6.85611672787833,7.047283089612249e-22,0.5554932763482276,PASS,
288,HERPUD1,Mɸ4-infiltrated,2.02618184822734,1.47250800476898,1.18249627744973,0.0365658801289158,8.85302017539109,4.04182518593562e-55,0.555088957226414,PASS,
289,LPAR6,cDC2,2.59967304961996,2.42827765264576,1.96850379136943,1.06488060140178,7.76325969007187,3.76842502734434e-26,0.555073789575384,PASS,
292,C7,EC-tip,0.599344296065405,3.07569909247239,1.39966789530616,0.598772719790289,7.21891055569279,3.44366749829346e-95,0.5549264694118863,PASS,
294,CPXM2,EC-PCV,1.03223678671341,1.70064775148875,1.74272858701643,0.10448361358346,8.59213733364207,9.59767695655547e-11,0.554902292855971,PASS,
295,ZBTB16,EC-tip,2.87198177410349,1.68261053070306,1.99733608324718,0.744899099836267,7.52392048353963,4.44894111471532e-165,0.5548622172687537,PASS,
296,SCARA5,dS2,2.45252451771484,1.01494981297969,1.90105292940355,0.195512388972482,7.23119267193478,4.04280842308062e-126,0.554679380428549,PASS,
298,LPAR6,Mɸ4-infiltrated,3.03544556332325,2.13797621165271,2.43943070620401,1.20833810073138,7.96694128457158,5.52259693688971e-65,0.5545628520260981,PASS,
300,MT2A,Prv-CCL19,2.56502460089672,1.82660391988337,1.77969965474788,0.664775312379727,10.57546319919,3.29853309244315e-30,0.5544342949027177,PASS,
301,TSC22D3,Mɸ1-LYVE1,1.42159863017871,1.87754548372287,1.01673897555551,0.0381636562082127,8.76261077029709,9.122925744822439e-43,0.5543374687820839,PASS,
302,ZBTB16,EC-aPCV,3.07213612061892,2.32630959967101,2.35511625213788,1.28929833781531,8.15979302021799,3.18291243601616e-07,0.5543312005395584,PASS,
305,LDLR,EC-tip,1.15358071918898,1.92755977320312,1.32444658209673,0.120554615598822,7.5635113662858,9.864149013129099e-50,0.5540981595532485,PASS,
306,KLF9,Mɸ1-LYVE1,1.95482940234288,2.21715039342358,1.62572936012853,0.655837172008968,7.83141209426998,4.23456004191514e-29,0.5540434627989504,PASS,
307,C1QC,Mɸ4-infiltrated,2.90864476558028,2.72990591532505,2.41954211963104,1.48046364936256,7.81034955953749,3.97666554462646e-35,0.5540236571905075,PASS,
308,C1QA,Mɸ4-infiltrated,3.20187055781631,2.79152059505666,2.56800008362568,1.64077427828134,8.20492544856967,1.2783823309091e-37,0.5536350033897522,PASS,
309,PPARG,Prv-CCL19,1.52193125442003,1.69455505417373,1.26179869353899,0.0833674145376831,8.32536278045673,8.488116544431031e-20,0.5536038213262104,PASS,
310,BTG2,EC-tip,2.53153352550028,1.78225181308035,1.14996392475988,0.390497522775291,7.96681235410977,7.03806453508092e-152,0.553576810117554,PASS,
311,NRN1,EC-aPCV,0.47703189356191,1.87014816122638,1.81323968021885,0.0831827909576109,9.61588901858651,4.79591273102206e-40,0.5535234393038085,PASS,
312,KCNE1,Mɸ1-LYVE1,2.93852132277524,1.21338561385635,0.993163809874258,0.10261263548398,7.59058328965579,1.6624310321926e-136,0.5534661753475785,PASS,
316,AL359220.1,EC-PCV,1.59545726651233,1.50652909919391,1.39102827392379,0.0578394032209686,8.30729166463492,0.0001876267522408,0.5531836191191165,PASS,
317,FBLN2,EC-tip,0.642379760468237,2.11404724876462,1.52108340767791,0.175712327332691,7.18728748363049,1.27627591736522e-46,0.5527936639214289,PASS,
318,SESN1,Mɸ4-infiltrated,2.14248541928855,1.46727075824632,1.03907024735145,0.0621161960841684,7.42781739266231,4.56264016943815e-41,0.5527043049970624,PASS,
321,HSPA1B,Mɸ4-infiltrated,1.39557001781586,1.92585681531135,2.51422443274103,0.699735445584032,7.9596350382886,2.27358608469935e-43,0.5526333371679187,PASS,
323,KLF9,cDC2,2.52153872701804,1.68294875091213,1.59763246329679,0.537261372178421,7.31199866904947,6.750034715714799e-19,0.5523936362021649,PASS,
325,COL25A1,Prv-CCL19,0.67759252292844,1.93731016637831,2.33800551299942,0.425218127552403,8.42588125965679,2.11358642122515e-40,0.5522659036411887,PASS,
326,NRN1,EC-PCV,0.775752005099485,1.73737398595031,1.59660077449536,0.0432759726367607,9.41435105720608,7.40442581367199e-27,0.5522140195256686,PASS,
327,SLC11A1,Mɸ1-LYVE1,0.859053606880353,1.51154868105463,2.09368973103563,0.141368173782338,8.07482200967206,7.831224871294931e-47,0.5521457533867515,PASS,
329,PTGDS,B cell,5.82723716038718,0.296126183695264,0.877533431900899,0.24616422599543,8.91833124847035,0,0.552055074257759,PASS,
330,SOCS2,EC-aPCV,3.01218475094462,2.31936976400406,2.39004796987549,1.32021021836833,8.50765169730295,8.34556542854551e-08,0.5518586639320108,PASS,
332,NBL1,Prv-CCL19,1.27167500466948,1.60969106546071,1.53207521320877,0.110824916570379,9.285175897588,2.75358788498708e-33,0.551722657540671,PASS,
333,HOXB4,EC-aPCV,0.655328478796473,1.90399796841132,2.03748270743014,0.294102511659578,8.20397931685244,1.75091083230714e-12,0.5516385248077311,PASS,
335,MIDN,EC-aPCV,1.61851401566291,2.81697362063264,2.91922785393565,1.39383731118008,8.70613229003508,1.8757989881942e-10,0.5515234787090957,PASS,
337,YPEL2,Mɸ4-infiltrated,1.8033981339963,1.33719762990404,1.74401954432185,0.205430169285309,7.59094606717367,8.42993417411895e-41,0.5514479476911192,PASS,
341,NOSTRIN,EC-PCV,1.51256313371833,1.45066209553862,1.41524536153132,0.0536318939908768,9.48307294734827,3.50498474041489e-17,0.5512299065903928,PASS,
343,SGMS2,Mɸ1-LYVE1,0.583044265370778,2.00794230658137,1.71741950455422,0.212850551836583,7.27471218650549,1.65700390545047e-54,0.5511264146047362,PASS,
344,ADORA3,cDC2,2.17689963543644,1.85476435561814,1.567352285527,0.553570988699308,7.03045313404631,1.57210603906459e-16,0.5509224939946743,PASS,
347,S100A6,Prv-CCL19,0.604164325926209,1.97631028535454,2.1198605603095,0.380952991273207,11.9753243907301,3.31732757428043e-108,0.5502176520923362,PASS,
348,SELP,EC-tip,0.976981768739679,2.33114970534114,2.31282161866785,0.765283334918792,7.58597969035905,4.45575122718051e-58,0.5501297093516021,PASS,
349,METTL7A,EC-aPCV,0.7876060668588,1.74506846690405,1.67928977068528,0.141199739701801,8.35760976864936,6.59520289073647e-08,0.5497762316647263,PASS,
350,DOCK11,EC-PCV,0.628316479838966,1.92648858431739,2.06388610655043,0.349992194711833,8.14116891786694,2.39668176994595e-12,0.5496690505138055,PASS,
351,EBF3,EC-aPCV,0.986552042334199,1.98144187844709,2.06228745230982,0.495517530763961,8.07427477931664,3.30351017510983e-08,0.54945439174598,PASS,
352,SNCG,EC-PCV,0.986106828171582,2.31132143113389,2.16258385710902,0.713604242844031,9.32603615654548,6.32586818978915e-34,0.5494369400947369,PASS,
355,DNM1,Mɸ1-LYVE1,0.787217261241336,2.103404531045,1.7631753414441,0.389104170889751,7.32501125923531,6.58415282756972e-42,0.5492611523438781,PASS,
357,LMOD1,Prv-CCL19,1.19595167721448,2.65331386906991,2.93050946382581,1.23432869761551,9.68231888301964,9.71327204001034e-82,0.5491142766882312,PASS,
358,AFAP1L2,EC-PCV,1.49518936706557,1.94438665114949,1.98901711853572,0.60728694154101,8.24435181929397,6.01930960612544e-08,0.5490070252336823,PASS,
359,CRYAB,Prv-CCL19,0.0580550386729821,1.98559139868553,1.8955572082231,0.152868394308941,9.15596760835053,1.01378435066861e-49,0.5487591022541566,PASS,
360,FBXO31,EC-tip,2.54399389887279,1.02202394392006,1.02859625365055,0.0004062023461208,7.49913331047603,1.46028461557851e-200,0.5486788936870375,PASS,
361,AEBP1,Prv-CCL19,1.01469761431745,2.1096138803589,2.00577011739535,0.568063792802007,9.89616692400026,7.42555440603351e-56,0.5486662706358033,PASS,
363,CYP1B1,Mɸ4-infiltrated,0.942293870249608,2.1240313026807,2.49236191436244,0.737995907090972,8.21752074102703,3.56024622289556e-45,0.5485978887806235,PASS,
365,MAN1A1,Mɸ1-LYVE1,2.02980088296875,1.34385501020656,1.22027410947619,0.135894455879578,8.59129382461377,9.525698204195619e-70,0.548113628279346,PASS,
366,NR4A1,Prv-CCL19,1.91032026373681,2.61362884965229,1.80596800084703,1.0276226695126,8.78234205385492,4.76517455227958e-15,0.5479928597494218,PASS,
367,CST3,B cell,5.91300394860302,1.27055861224152,1.10732612730771,1.01967655207477,9.42754042482835,0,0.5479394924226414,PASS,
368,LIMS2,Prv-CCL19,0.74550957971574,1.71794535529953,1.99545195058544,0.278929937694995,8.43465637171793,8.23341214398825e-30,0.5479034772844198,PASS,
371,GPIHBP1,EC-aPCV,3.50085387866854,1.20821580495087,1.28649270038219,0.495962676634946,8.07894687546891,1.50068314359502e-66,0.5477901551752316,PASS,
373,MAP1LC3B,EC-aPCV,3.25769389689501,1.88964367864567,1.77131024885403,0.996832079356854,8.72865707808204,2.15558309443645e-43,0.5477437214370192,PASS,
374,RASA4,EC-aPCV,1.02740933127829,3.43003418901773,3.50636167086424,1.77264731212243,8.80112582757018,1.48715795600086e-38,0.5477134854058966,PASS,
375,C12orf75,cDC2,2.13624479127338,2.54461842384672,1.54784426791673,0.964036681742282,8.02951530537652,3.25143756331181e-21,0.5475860831306268,PASS,
376,MEG3,dS2,1.96536858253222,2.19119291595739,1.35324886135329,0.658015228155853,9.20417265650999,2.92289142893873e-244,0.5475163552172657,PASS,
377,SAP30,Mɸ1-LYVE1,2.54768757164963,1.56029067717381,1.48873513412246,0.526896939091349,7.89107903558427,4.15458022819809e-72,0.5475085649913953,PASS,
379,SYTL2,Prv-CCL19,0.0990152266366428,2.56552186817455,2.70577899077564,0.813197701794082,9.0786034189321,4.15121627398404e-70,0.5474749575425533,PASS,
382,NUDT4,Prv-CCL19,1.77604795784639,1.8581322996203,1.82756865878536,0.615532107891465,8.68198930914203,6.05944144259417e-23,0.547068421645453,PASS,
383,PKP2,cDC2,1.9457606519236,1.06370241855886,1.36143556795849,0.0311684912739671,6.9199132826154,6.40698272803121e-11,0.5468930446832969,PASS,
386,ETS2,cDC2,2.27180700575504,1.2742459329208,1.18371260302459,0.181902104473892,8.29218453680802,5.51926878223526e-34,0.5466845683368995,PASS,
387,FGD4,Prv-CCL19,2.07933095807045,1.83730371399109,1.50113075664697,0.574952121185794,8.37706647242991,8.66110386837721e-20,0.5464918317486764,PASS,
388,EMP1,Prv-CCL19,2.08049292601558,1.80051120300694,2.18315847128153,0.814263245629879,8.54399445202048,2.06889892439069e-22,0.5464139596217236,PASS,
389,FMN1,Mɸ4-infiltrated,2.32694136001224,1.58985269898948,1.66571682025326,0.576948590244235,7.54210368386243,3.10796594477035e-43,0.5461765465440598,PASS,
390,EFHD2,EC-aPCV,1.6917910664667,1.88424597400049,1.63419733516483,0.549036008829752,8.26571878685603,3.13993869792114e-06,0.5461465852881596,PASS,
391,TMEM159,Prv-CCL19,1.32436793382579,1.30689968394672,1.65835627145761,0.126220841507584,8.51311655220012,6.79072889883908e-21,0.5461134704256061,PASS,
392,SERPINB1,EC-PCV,0.641305675261067,1.8679383635003,1.55589302820799,0.197760360149346,9.10589577681568,1.55039338140875e-12,0.5460529216945613,PASS,
396,APLP2,Prv-CCL19,1.64934535859528,1.59023986334909,1.73291189860127,0.418562605533936,9.14869010334375,9.812503671478129e-30,0.5458400301088258,PASS,
397,MS4A6A,Mɸ4-infiltrated,2.04693705485299,1.33813977155807,1.24429605649744,0.202311139737355,9.23470510024807,1.66690260769328e-49,0.5456169082159716,PASS,
398,THBD,EC-PCV,0.370728661143609,1.87438674862255,1.8648405337752,0.247716491509924,8.74807049926466,2.37174801463316e-10,0.545612132298891,PASS,
399,SKAP2,Prv-CCL19,0.794594824336491,1.65264403517695,1.39854247146207,0.0712360786526873,8.32108755901514,3.57538819530584e-20,0.5455746524313216,PASS,
400,FLRT2,EC-tip,0.483781917685171,1.88235366842495,2.36622756143765,0.480407776598702,7.19194370968257,3.07287370735326e-54,0.5454899773791869,PASS,
401,CTTNBP2,Mɸ4-infiltrated,2.13367342786411,1.42640481270227,1.15816341173793,0.247959953474518,7.3306491852719,3.22741790628532e-33,0.5453852947643136,PASS,
403,ANXA1,EC-tip,2.31474528273255,1.26426282738552,1.17004065811757,0.214873591433073,9.08825406261202,8.03151617720132e-190,0.5452157080918154,PASS,
404,HMOX1,Mɸ1-LYVE1,3.28478924202095,1.94796103991412,3.25251440717539,1.58952071120762,10.5195370128062,9.889669640343891e-53,0.5452099191511556,PASS,
406,COL14A1,Prv-CCL19,0.428443541078426,2.44424814325171,2.19836872817905,0.707206978670464,10.0333693380172,2.43772433808546e-75,0.5451891124007299,PASS,
407,ADAM28,Mɸ4-infiltrated,1.10772056001565,1.49385812765986,2.89577998373722,0.653888876795351,7.95931079114182,3.78562237925179e-99,0.5451305589426639,PASS,
408,RHOU,EC-PCV,0.944231714328958,2.47050006000004,2.64276350967767,1.03350001913895,8.47773200172338,4.078496298709301e-16,0.545103634362971,PASS,
410,MT1X,Prv-CCL19,2.40581577977883,1.09536933900162,1.04558048103447,0.0959839643218373,8.57144969999762,9.23776783753645e-21,0.5450529957268536,PASS,
411,IL1R1,EC-aPCV,1.20108746539285,1.83989830934646,1.82971898861043,0.482316457654612,8.93016986700179,1.02511409749076e-08,0.5448652919383529,PASS,
413,PACSIN2,Prv-CCL19,1.11504301709704,1.22936704867802,1.61851336856194,0.0371749955490716,8.46098360305655,1.40018452032337e-20,0.5445541103436063,PASS,
414,FKBP5,EC-tip,4.55341194739407,0.816955981358925,0.798295084458659,0.408704912235909,8.02486918688816,0,0.5444757971466966,PASS,
415,ADIPOR2,EC-aPCV,2.54328795580495,1.17278258465216,1.11282687101291,0.219766213489186,8.03083373889771,2.11793165415586e-23,0.5444524658973707,PASS,
419,ARHGEF28,EC-tip,1.24012261328574,1.5760886943713,1.62702808762873,0.288811445184021,7.21237994451447,2.17472859583498e-36,0.5439445288854265,PASS,
420,TIMP3,EC-tip,2.83031539175256,1.69556601825769,2.1001955889426,0.96951856081659,9.48092868162466,1.18642736802063e-173,0.5439199831916953,PASS,
423,SMAP2,Mɸ1-LYVE1,2.02673912894965,1.26982097339876,1.07081331542022,0.129073891837765,8.91357285148939,2.95602439690037e-108,0.5437320894477964,PASS,
424,SLCO3A1,EC-tip,2.21424958280788,1.46709866138751,1.44144981155744,0.439169766524861,7.43781721211602,2.51271138115108e-113,0.5437253846426432,PASS,
426,LINC01579,dS2,1.74852358046259,1.40605011373301,1.5023833203119,0.30106442214303,7.09785153482653,8.11652725123091e-69,0.5435602848727424,PASS,
427,SLC25A25,EC-PCV,0.58195343370474,1.89411100048342,2.01756122316807,0.425226098684642,8.28089090982422,3.17186784167301e-08,0.5435246323460622,PASS,
428,NPNT,Prv-CCL19,0.687814283635887,1.68342511491721,1.82678058802231,0.270046389924132,8.4153234669561,4.7850730422888e-25,0.5434798690331935,PASS,
429,HSPB6,Prv-CCL19,0.806889596505751,2.34836983996324,2.43554489191927,0.885562813728882,8.81065121636621,1.06695169504278e-39,0.5434715816619405,PASS,
431,SLC4A7,Treg,1.69123087689181,1.26922355737061,1.21783406970783,0.0975489987464603,8.84202645747701,1.25368198629207e-15,0.5434314612886664,PASS,
433,TPM4,EC-aPCV,0.948813466784319,1.46209118037923,1.27103761590177,0.0135692203071438,9.4323669997591,3.47852970066377e-14,0.5431810737552082,PASS,
435,TNFAIP3,dS2,1.97720956152368,2.64750308926211,1.22672657673439,0.928518617280907,7.23201173820494,3.52285054568706e-150,0.5430617309736464,PASS,
439,DGKG,Prv-CCL19,0.583985146931252,1.46807366579882,1.8938055155947,0.160824881974176,8.35216899049537,1.00916885454717e-27,0.5426936042151966,PASS,
441,MTRNR2L1,EC-aPCV,0.208945730699124,2.11574979511445,2.12689829289193,0.490889613617699,8.09326437431028,4.112591683525481e-15,0.5425839334195927,PASS,
444,C5AR1,cDC2,2.02334697736209,1.0295440101275,2.64981292835758,0.619314865483996,6.90818462436856,6.71587158392115e-27,0.5424027252129766,PASS,
445,KLF4,Mɸ1-LYVE1,0.868569499197605,2.06276685169514,0.962444471976657,0.218141819927784,7.77899942336916,1.94168431557317e-30,0.5423910140004502,PASS,
450,SAP30,cDC2,2.6340158382712,0.97078863773085,0.770060140131318,0.0428892894602856,7.23776251488333,6.393091046547729e-22,0.5421153956323979,PASS,
451,SEMA3D,EC-PCV,0.496893493568806,1.94039184762431,1.67369200836525,0.323186824734424,8.10078783533326,4.10088916522389e-10,0.5421054718896494,PASS,
452,TAGLN,Prv-CCL19,0.985778725213315,1.94334041982532,1.90748517461202,0.558683079807065,12.9592990955151,1.34208399265065e-64,0.5420532720072727,PASS,
453,LAMA4,dS2,2.24714869739561,1.30567248038978,0.937899280550829,0.195472893842589,7.49452117993364,4.19705061862677e-114,0.5420516378202701,PASS,
454,VCAM1,Prv-CCL19,0.994422730864029,1.61722388713224,1.16474633463272,0.098489000185553,8.37666958228298,1.61043780936762e-15,0.5420396913596125,PASS,
456,CRYBG1,Treg,2.03671925254971,1.92487064936075,0.941565344868094,0.479561018326767,8.83157714903114,5.66470213707176e-21,0.5420017063885236,PASS,
459,SLC7A5,EC-tip,3.35363156354782,1.17863705665335,0.261121522548596,0.15485927033199,7.5735803423609,3.89423148184253e-241,0.5418148679127437,PASS,
460,CYP1B1,EC-aPCV,0.960611498093924,1.79092987010281,1.98648708638581,0.504212261453436,8.04519762421832,2.48471972618316e-05,0.5417911324740625,PASS,
461,LINC02381,Prv-CCL19,0.633108961168445,1.56559221320865,1.9244311292503,0.262017729745645,8.38816218485083,4.84955195876485e-27,0.5417530389302836,PASS,
462,PDGFB,cDC2,1.37516941517911,1.20190194625031,1.2901998000285,0.0354640036693777,6.90654522123452,1.13946606245287e-08,0.5416571874215679,PASS,
463,HIST1H2AC,Mɸ4-infiltrated,1.56671936451891,1.38785095511816,2.22502351021175,0.550581681157908,7.46163205910152,4.018802434664941e-52,0.5416174355578275,PASS,
464,SGK1,cDC2,2.4562628072167,1.17751409422561,1.33605026688826,0.347529243991766,8.25052170269529,2.05663338578412e-09,0.5415622561035944,PASS,
465,FN1,cDC2,0.78083482191424,1.54283897484357,4.22972560253608,1.10081511431874,7.17364625917114,1.85746648711938e-50,0.5415318281296957,PASS,
468,TMTC1,EC-PCV,1.62863212367425,2.4546852219026,2.46434308276157,1.2157116611083,8.50013904934049,1.42557463052563e-11,0.5410962739922729,PASS,
470,ADAM33,Prv-CCL19,0.480586662796315,2.09961240668217,2.09038983347512,0.581270083901878,8.48857702480228,4.47011075220894e-36,0.5409828176967042,PASS,
471,ADORA3,Mɸ4-infiltrated,2.48949958331694,1.08096514518513,0.927809423814808,0.156035476428649,7.3519945477836,7.8791127585665e-42,0.5409413739561829,PASS,
472,FKBP5,EC-aPCV,3.73515253136108,1.77823746140475,1.68087214584685,1.13498942448822,8.04367279474044,8.098252194826621e-54,0.5409298515793597,PASS,
473,CPXM2,EC-tip,0.924019074911028,1.57889075705106,1.4040738050774,0.174683279334018,7.61046842891729,3.55754395496871e-39,0.5409235137804551,PASS,
474,COBLL1,EC-tip,1.98811728107087,1.22876357089758,1.09108421647015,0.166893459778142,7.25494725166513,5.37557266721802e-89,0.5408348445964335,PASS,
477,FOSB,dS2,3.79635738841064,4.71786602048402,0.116064542048799,1.9601240047956,8.27901542330916,0,0.5405489265657886,PASS,
478,BTG2,EC-PCV,2.09150967193219,1.82015475516615,1.5555805481592,0.700537583125549,8.52327676399025,5.33557863090745e-07,0.5405009823321032,PASS,
479,TACC1,EC-tip,2.89446307351816,1.31287182750435,1.21699700537464,0.516575793455989,8.85635976583033,0,0.5404016772810434,PASS,
480,CRIP1,Prv-CCL19,0.0861475627336524,2.19580876789688,2.90183318365318,0.814827497333351,8.94985765377883,3.84958262712875e-71,0.5403922527173612,PASS,
481,LMNA,EC-tip,1.20101669617273,1.40177550901485,1.2436145483318,0.109528867359045,9.17906850275792,8.18902327216021e-76,0.5402900745124913,PASS,
482,SMAP2,Mɸ4-infiltrated,1.81874391694135,1.20921757928599,0.920347487272396,0.0534152368911295,8.31938002048879,2.84395604026532e-46,0.5402575554410843,PASS,
483,DIAPH2,Prv-CCL19,1.28810477145521,1.1242486270624,1.37443647473943,0.0322956360229012,8.46605568659464,1.09373229377133e-14,0.5401938997942545,PASS,
484,GNG4,dS2,1.89858863655582,1.06581405422855,1.14624697913766,0.0856787019084257,7.22048936501785,2.84699000355347e-84,0.5401937118618405,PASS,
486,CENPW,dS2,1.42247751142219,2.50849443995401,2.05242615779558,1.05868953457143,7.46719037740981,3.00851362546864e-128,0.5400837341898347,PASS,
487,CRYBG3,EC-PCV,0.684843150814586,1.40230291730983,1.59228491876375,0.098382266233866,8.25211410368603,3.45287517966618e-07,0.5400008666626205,PASS,
488,C7,EC-PCV,0.923756762783694,2.66971498056456,2.24901612529037,1.07203818219466,9.18843485391557,2.02949008221417e-19,0.5399990965254222,PASS,
489,CAB39L,Prv-CCL19,1.12715558900826,1.46165977985706,1.49344187117901,0.227879092540031,8.32591707312845,5.42193750057347e-16,0.5398181019245762,PASS,
490,RGS2,Mɸ1-LYVE1,0.375788498184943,1.93960721748745,1.29213255929827,0.189881440771112,8.28128520836664,2.43904004593213e-47,0.5397404052400334,PASS,
491,CDC42EP4,EC-PCV,1.67881011335358,1.06799341327889,1.23025627553291,0.0686417604340543,8.27315775399899,2.98368110573409e-05,0.5396909051707878,PASS,
492,MRC1,cDC2,3.49846077102174,1.3677641019088,2.35865723765773,1.12522276621057,8.78829322501543,8.97123334250873e-26,0.5396904581172949,PASS,
494,FAM207A,Prv-CCL19,0.450907037651914,1.52834663001899,1.6602011725264,0.133037300021105,8.64641978858034,6.624477647202709e-26,0.5395860632543972,PASS,
502,SH3BGRL2,EC-PCV,1.10720142602068,1.5960422344668,1.55758520400397,0.333655668564867,8.34203854436347,2.9313590433055e-06,0.5391485967788219,PASS,
503,MGLL,EC-tip,0.740966642784858,1.59847543564578,2.02207127082551,0.402690190227395,7.60141142222136,1.52332187311882e-45,0.5391113190823495,PASS,
506,TXNIP,B cell,1.81158261012669,1.70605534406194,1.54228515375782,0.588104011114946,11.3775352229585,1.30269932788743e-88,0.5389461493914707,PASS,
507,EREG,cDC2,1.70479444128872,0.776558755157618,2.74812757449259,0.493753428823868,7.14426561966226,1.00442706194607e-21,0.5389166458038871,PASS,
510,ARID5A,EC-aPCV,0.607123248336274,2.06625728434348,1.897038244969,0.57117506194645,8.33764581007878,1.42556696272914e-09,0.5388187453705968,PASS,
511,THSD7A,EC-tip,1.24342343950059,1.91603077454427,2.10720766428391,0.752494137192406,7.66403635097047,1.71596385612069e-45,0.5386547485401127,PASS,
517,F10,Prv-CCL19,0.404066364295705,2.2348808555035,2.47467852882859,0.816787322277593,8.94350456832222,1.79109217401971e-51,0.5382236822566944,PASS,
518,RCBTB2,Mɸ4-infiltrated,1.70055867782507,1.37428079758479,2.37954942322318,0.698951963875896,7.9636188251579,5.877437416929401e-68,0.5382154306547676,PASS,
520,AOC3,Prv-CCL19,0.312278167054176,2.71148645423684,2.66131150756533,1.09604227558708,8.83363442277081,2.03741036260737e-54,0.5380027616146222,PASS,
522,FGD4,EC-PCV,1.15289549483161,1.88346683169115,1.88389183059599,0.642661212400332,8.12109715281474,4.38382678215254e-07,0.5379524824775191,PASS,
523,LDLR,EC-PCV,1.0891720962025,1.41811413531355,1.6039626391277,0.275044501446736,8.26011980598213,0.0007060461251535,0.5379150731488115,PASS,
524,PSTPIP2,cDC2,1.7325958319113,2.12085317595611,1.67564010804545,0.850215470380254,8.4167462683464,1.27589193166747e-34,0.5378344661084249,PASS,
525,FADS3,Prv-CCL19,0.817854970187618,1.58352625057119,1.55544755695571,0.270305338788243,8.54323919494591,2.09962991969771e-19,0.5378048495525157,PASS,
526,TSPO,Prv-CCL19,1.32473350973299,1.66061582012571,1.77999444270849,0.538995955899149,8.90468906040359,2.51652043296654e-28,0.5377940088773809,PASS,
528,ECHDC2,Prv-CCL19,1.54819836750852,1.53280870065217,1.26260463579441,0.34171527900419,8.53432820502174,1.08399198106134e-14,0.5377513003909946,PASS,
529,CNTN1,Prv-CCL19,0.940852616380636,2.0786227406402,1.86023943086901,0.679515647270895,8.42377391284881,5.88865313371715e-25,0.5377353982078314,PASS,
530,NTN4,EC-tip,1.46205539713707,1.20236584598405,1.4206066256756,0.199277279031399,7.29887067437288,1.51602801842749e-50,0.5376810711583212,PASS,
531,SPRY1,EC-aPCV,0.964997260017593,1.93827703676594,1.83694079824555,0.607069325267764,10.1388610395233,7.46254562835577e-09,0.5376437686760633,PASS,
533,TUT7,Mɸ1-LYVE1,2.6122182503541,1.38592052673271,1.28614616835761,0.563367945545693,8.11064346882615,7.68521819598906e-102,0.5375485395116203,PASS,
534,APLNR,EC-aPCV,0.782810979762952,2.12216162723642,2.18446388380206,0.776792036956968,8.53222179804829,3.78375667609779e-10,0.5375432464860497,PASS,
535,SLCO3A1,EC-PCV,1.31659354862313,1.55166689925996,1.69601055972293,0.453558534111805,8.20964946115604,1.14123550960604e-05,0.5375128800272694,PASS,
536,SERPINI1,Prv-CCL19,0.0871884983679911,1.49400267415119,1.55439944715819,0.0124001815382718,8.45622316630008,9.95229374995912e-26,0.5374324698127898,PASS,
538,PRELP,Prv-CCL19,1.5463222595915,1.59430719051239,1.69286014907208,0.541381710635962,8.77748272555622,2.09446445731773e-18,0.5373766853993506,PASS,
539,MCTP1,EC-aPCV,1.90744915507927,2.26184270736992,1.98051810804089,1.08360444325668,8.51305087547768,2.75106703417759e-08,0.5373557066180946,PASS,
550,C12orf75,Prv-CCL19,0.113192645689494,1.81459863335766,1.99292446007573,0.369368031122331,8.92565609383592,2.37598861663832e-36,0.536810173224185,PASS,
551,ADAMTS18,EC-tip,0.98845675315592,0.923735489991772,2.08612076386381,0.178145621507506,7.20579884458258,7.97495725869442e-48,0.5367893168397604,PASS,
552,EDNRB,EC-PCV,1.13228904009484,1.93684133964005,1.75424207552868,0.638999608400797,8.11143115995759,7.14059611336889e-07,0.5367878352441474,PASS,
553,ESAM,Prv-CCL19,1.52621107871421,2.02675441082194,2.02867151518083,0.89093637951815,8.57464114369842,9.83309114173313e-23,0.5367755364242544,PASS,
554,TXNIP,cDC2,2.21028709236411,0.995347796165234,1.35802093594028,0.2882677039075,10.386780494042,7.09388186116708e-36,0.5367624007440185,PASS,
556,ACKR1,EC-aPCV,1.10359467030513,1.9617475460616,1.90921277112047,0.701702336417844,11.827936433287,4.07710590982604e-38,0.5366758113161509,PASS,
557,CYTIP,Mɸ1-LYVE1,0.357449078777534,1.24849614819332,1.71670332849114,0.0384452174652788,7.61772879132065,1.04397226404611e-60,0.5366429587471118,PASS,
558,CD163,Mɸ1-LYVE1,2.00181942644021,0.998089530450061,1.40046036061055,0.25312404782775,10.8850954659569,2.10604382084056e-153,0.5365716335292515,PASS,
559,RGS1,cDC2,2.04380956886134,1.64371809802722,1.13375215287893,0.513910337742948,9.08185183760278,6.06086007916743e-14,0.5364313901248842,PASS,
562,RYR3,EC-PCV,0.465874893043123,2.05761187952158,1.94966993322873,0.592168769001315,8.42865674635021,1.59292017094712e-13,0.536329624403169,PASS,
565,GPIHBP1,EC-PCV,2.49451098337108,0.838102076334464,0.887951643274464,0.109795950173989,8.0264648534338,1.31974185080711e-13,0.5362786244074619,PASS,
566,PALMD,Prv-CCL19,0.577452340403379,1.52049395413376,1.27754460900059,0.0968343788333261,8.32652751946804,1.06318990289854e-15,0.5361569934836848,PASS,
570,GSN,EC-tip,1.76353867306496,1.75666405262446,1.97955043612176,0.812339621079103,9.47925709750005,4.44783559330981e-106,0.5360216005845607,PASS,
572,CITED4,Prv-CCL19,1.04547644318579,1.23174031283382,1.56490666597246,0.189805793081708,8.43446527740624,4.31019733018023e-17,0.5358843391668602,PASS,
574,CD302,Prv-CCL19,1.57671041745901,1.47495798752682,1.08157052607775,0.289471498566064,8.46026115268783,2.43572091099294e-15,0.5358462998875119,PASS,
580,GYPC,EC-PCV,1.34854640795352,1.31118816596542,1.02938499946806,0.12339598990825,8.1748272228067,0.0002814976255347,0.5355881615668978,PASS,
581,SELENOP,Mɸ4-infiltrated,3.69487863504027,0.537061891811939,0.339969074206871,0.0581010682039295,7.4642147864615,1.6991090619674e-143,0.5355811266804786,PASS,
582,TP53INP1,B cell,1.4591648952839,1.62832708000424,1.27137064109293,0.414847192322753,8.62642073940876,1.93349218947256e-27,0.53557357021919,PASS,
585,STK17B,cDC2,1.7887451262019,1.38817452535021,1.42134970077003,0.436168757609702,8.58268279213493,3.9833969463135e-27,0.5354421246049692,PASS,
586,SPEG,Prv-CCL19,0.661262807049931,1.61883666343036,1.58186339177755,0.304260547752103,8.33516051736399,2.16891402049033e-19,0.5353776754231125,PASS,
588,MAP3K8,Mɸ1-LYVE1,1.04151071333866,1.68417673572046,1.29099995933306,0.345476551356409,8.08051635168436,3.78762470712438e-29,0.5350641593714006,PASS,
590,ARHGAP26,EC-PCV,0.940991628652144,1.28220468890324,1.46177869622215,0.167707745107701,8.26009375465242,2.65018825879435e-05,0.5350107394167881,PASS,
593,KCNE1,Mɸ4-infiltrated,1.44484154910423,1.281242912814,0.907035419375671,0.103970936485005,7.45763803693665,1.19888403765916e-23,0.534845779908154,PASS,
598,ST6GALNAC1,EC-tip,2.58409531313187,1.61192084253369,0.798811925929076,0.548412008420046,7.40210735522471,5.52557116026728e-133,0.5346777861426096,PASS,
601,DUSP1,EC-aPCV,2.50565588814267,1.76956802636653,1.11993518838088,0.730816244228904,9.3858899231536,4.85258270090114e-35,0.5345127145775105,PASS,
602,MEGF9,Mɸ1-LYVE1,2.28161702154017,1.5651542328214,1.35056382818369,0.652027057521704,7.59514028187652,3.10243186463027e-49,0.534489555192645,PASS,
603,ENDOD1,Prv-CCL19,0.765980550554886,1.60963668326143,1.56957529188617,0.343029152004694,8.57329048318164,2.45670406004004e-19,0.5344857806447735,PASS,
604,C1QTNF1,Prv-CCL19,1.73583172802657,2.32930647683009,2.34330298554228,1.24293447349042,8.73943572026683,8.06934121073422e-29,0.534386139140195,PASS,
605,ANG,Prv-CCL19,1.6722551188415,1.33180075700718,1.49745156028837,0.423647512747872,8.41711246100539,2.70954578424042e-14,0.5343783859717073,PASS,
606,EGR2,EC-aPCV,0.577842688356539,1.96338794976686,1.61715885233451,0.493277544294513,8.02186668807581,1.35454158881689e-12,0.5343609631300666,PASS,
607,TGFBR2,EC-PCV,1.07018715307034,1.44650742141644,1.63110787138026,0.369192689865185,9.56772175743817,3.86074074977858e-23,0.5342868771923894,PASS,
608,GCNT1,Mɸ4-infiltrated,1.94522617505783,1.87885243197987,2.06176092458206,0.981167674855067,7.51719196239721,3.05388371923825e-39,0.5342154428250556,PASS,
609,ABCA8,Prv-CCL19,1.26161603423712,1.41149541328631,0.942335391007066,0.150910937898915,8.5153013473961,3.99415175839771e-12,0.5341707350554146,PASS,
610,EMP3,Mɸ1-LYVE1,0.0156547527590099,1.64026213582517,1.39678838062495,0.0861089429830012,9.12638973060578,1.72622140271386e-93,0.5341126688741528,PASS,
612,FKBP5,B cell,3.0708102125118,1.16235076453056,1.56122069324316,0.727417139366506,8.53253263715995,1.07031272840174e-91,0.5340905618599684,PASS,
614,KLF2,EC-aPCV,1.39793295316156,1.5489400862993,1.06484294917855,0.311185013707106,10.4191026941051,3.39472581001609e-16,0.5339994343596784,PASS,
615,VAMP5,Mɸ4-infiltrated,1.50287198144108,1.00372986824648,1.50387059163612,0.212932078249403,8.07700991594113,7.30550262187535e-32,0.5339676212091066,PASS,
616,HIST1H1D,Mɸ4-infiltrated,1.81622708173674,1.8666739869018,1.29685330704364,0.674534517051225,7.4045822989494,1.83554850221385e-33,0.53396309360983,PASS,
619,EBF3,EC-tip,0.256814177533761,1.78428849618833,1.65495504553642,0.335315390709059,7.16821851365442,1.96405933386537e-39,0.5337354116233243,PASS,
620,GFRA2,Mɸ1-LYVE1,0.390963965791701,1.63582071551367,0.916736029600383,0.0222223278739531,7.38353805651631,8.01603858874079e-35,0.5337152677890907,PASS,
626,RASA4,EC-tip,0.109509318175992,2.15835962562832,2.73181908819024,0.866288035413093,7.40054459874614,7.39886880951775e-107,0.5334934449178641,PASS,
628,RAPH1,EC-PCV,1.5088544194885,1.7695658264625,1.72676508982418,0.706222717096278,8.3990064736061,2.0609819445697e-05,0.5334686597176559,PASS,
630,PCSK1,dS2,1.12019816351011,1.17436673638076,1.3331238112455,0.149253820644503,7.05962150632113,7.93879497308985e-65,0.5333165350226998,PASS,
634,PGM5,Prv-CCL19,0.888445028321507,1.58405187220901,1.6172734936844,0.407197356639578,8.36370632852168,1.16139979725278e-16,0.5332020418932645,PASS,
636,SYTL3,cDC2,1.77853689569133,0.995858698104942,0.780669017382632,0.0310312317124045,7.0298313202198,8.23775113899127e-10,0.5331814604429611,PASS,
637,SERPING1,Prv-CCL19,1.17126795219657,1.20329787293308,1.08635919338499,0.0924205626115664,9.58238259325221,1.81976119686796e-21,0.5330755686172615,PASS,
638,SLC39A14,EC-tip,3.06780222782542,0.887140244649392,0.607232350004394,0.2504200520141,7.84000179249173,2.2714158363644e-280,0.5330719206579316,PASS,
639,RASL11A,Prv-CCL19,0.429648375513752,1.49167487144729,1.24480959925382,0.0948928262331028,8.89004767115729,1.82432282488323e-20,0.533064769972823,PASS,
641,RGS1,B cell,2.09468810739,0.867177728967127,1.34328335387309,0.260570181747156,8.40506002950735,1.59712939809773e-41,0.5330289037743895,PASS,
642,TIMP3,Prv-CCL19,1.44246617363334,2.03206935755508,1.99893097407429,0.924113862937086,11.0937921780307,9.14642694429816e-51,0.5330003426113769,PASS,
644,EPAS1,Prv-CCL19,1.59963048460582,1.92633241128941,1.84055956092992,0.859462391435145,8.89588747070529,8.71657951531061e-24,0.5328986207130504,PASS,
646,EPS8,EC-tip,0.618504508899458,2.06437106199205,1.84257422250075,0.665970860589936,7.29944950177935,3.74920262375956e-46,0.532797646677275,PASS,
650,SAMHD1,Prv-CCL19,1.47526317830795,1.32227887508427,1.16332143551706,0.280049261050569,8.62135944585473,6.89260692039917e-12,0.5325214772632986,PASS,
651,SSH2,Mɸ4-infiltrated,1.44246876121726,1.03671578342716,1.28256445245467,0.164815144371712,7.81147148230978,9.95124658306862e-31,0.5324567459124312,PASS,
652,FOS,EC-tip,1.53360634768714,2.47000669250931,0.379923723510907,0.59433246936186,9.19499154554316,3.01293279738727e-49,0.5324354794691887,PASS,
655,APOLD1,Prv-CCL19,1.77572047806831,2.26385288610317,1.73625847802684,1.04551816205743,8.48608233717495,4.39282817735774e-19,0.532320437136069,PASS,
656,COL4A5,Prv-CCL19,0.48480040643498,1.73593912788835,1.61043679591378,0.39021047805582,8.38471525113482,2.15775636894029e-20,0.5322018194738787,PASS,
657,AP001528.2,Prv-CCL19,0.845097867660562,1.55682609578903,1.44702062214287,0.340538974666077,8.33754871738011,7.960099118129061e-15,0.5321448979679075,PASS,
658,ARRDC2,Mɸ1-LYVE1,1.3625068194495,1.15568678395986,0.744842989352059,0.0128644927382179,7.7526594953773,3.1697318050085e-25,0.5321335398757533,PASS,
661,INMT,EC-tip,0.0328423098778622,1.56236482490785,1.55107633440267,0.153842244317877,7.26426734191975,2.37237996497033e-40,0.5319959354851646,PASS,
664,KCNMA1,Mɸ4-infiltrated,1.8962327237333,1.79524129625621,1.60191876386194,0.805504323393792,7.40913713701499,6.616160939066389e-28,0.5318603941296723,PASS,
665,MTRNR2L1,EC-PCV,0.0886658145842994,1.29990380443332,1.7560894271403,0.110015727096529,8.11121631225639,6.07790997862937e-13,0.531828353454197,PASS,
666,IFITM2,cDC2,3.33947893553265,0.852400917900239,1.87102856537702,0.783031402242835,8.46139785785511,5.82383451893147e-39,0.5318245712307883,PASS,
667,SLC29A1,EC-tip,0.465985174717888,1.59162859922847,2.02520878796475,0.466135252047357,7.30668840124989,3.88305209687935e-46,0.53181174541585,PASS,
669,PSTPIP2,Mɸ1-LYVE1,2.21025663617862,1.78213732951233,1.5552399840383,0.865441208466792,7.6138782544103,4.0925619637353e-28,0.5317461837662227,PASS,
674,IL7R,Treg,1.67525347016819,0.856826729015914,1.23320956917303,0.131231751694051,9.80153608527625,2.53475624735036e-14,0.5316529697083564,PASS,
675,COPZ2,EC-PCV,0.497100254983384,1.66162004473735,1.08578606155475,0.175658755145412,8.10121301796887,6.26501378035853e-10,0.5316404808630225,PASS,
677,CST3,EC-aPCV,1.45281198864349,1.74949042831067,1.70799688254307,0.709980529692427,10.5579187005299,4.46051993769294e-21,0.5314812164472816,PASS,
680,LGI4,Prv-CCL19,0.780338791671024,3.40876144307621,3.79892066707803,2.00881985208137,9.48761996904939,5.23784446786378e-100,0.5313795314788291,PASS,
682,TTLL7,Prv-CCL19,0.215782894925091,1.41057684982507,1.74305433128278,0.21275030987139,8.53844682134118,3.20950692982074e-28,0.5312432117594215,PASS,
683,AKAP1,Prv-CCL19,0.642121065018522,1.27363110928531,1.52803262756944,0.184503024656344,8.38407387965475,3.2714856603637e-16,0.5312189393539473,PASS,
686,SELP,EC-aPCV,0.772893977226544,2.58030722717189,2.48002041106444,1.20653511923242,8.95440434980714,1.76912556660674e-28,0.5311551362015569,PASS,
688,ITPR2,EC-tip,1.35093743503587,1.33480210182312,1.27597662745796,0.322536553291494,7.37380438514017,3.93033261408592e-44,0.5311316357988779,PASS,
689,ITPR2,EC-PCV,0.434137809372234,1.61847734995036,1.58787282557867,0.330214304744099,8.30990109125589,8.02772297610635e-08,0.5310727063571367,PASS,
691,CD2AP,Mɸ4-infiltrated,1.17304842894257,1.16813272420312,1.15183133108649,0.143419721565325,7.53094486336866,5.73116407912333e-24,0.5310257244098203,PASS,
694,RCAN1,dS2,0.663122302470318,2.24304829627676,1.80284156729531,0.787286141943578,7.22334314106104,2.89933159878287e-142,0.5308923110566881,PASS,
696,NAV3,dS2,1.76659061167707,1.45313553933755,1.61714291867489,0.622457713636102,7.11848922270472,2.49650676151217e-45,0.5308207104495238,PASS,
701,DUSP1,Prv-CCL19,1.6865318748587,1.23975828275751,0.602527299218138,0.124604658909623,8.95536830824391,6.41667562644075e-12,0.5307036083231136,PASS,
702,RARRES2,Prv-CCL19,1.60419187247465,1.86369262249805,1.75639159071987,0.837751783604475,9.98390553943493,2.07910483546696e-50,0.5306881906882909,PASS,
703,GAPT,Mɸ4-infiltrated,1.90251281971038,1.75837479870319,1.790631684744,0.874687331602149,7.93766113595604,3.83590356487364e-31,0.5306829287198854,PASS,
704,FCGR3A,Mɸ4-infiltrated,1.55798737616135,2.05988684880507,3.17243683327636,1.39580815223952,9.92229419524146,1.13879087841363e-132,0.5306718305697845,PASS,
705,ACVRL1,Prv-CCL19,1.16344117889954,1.85297404468395,1.89741447635394,0.766677690975679,8.45481553395246,4.15057751738929e-21,0.5305964605630188,PASS,
708,MRC1,Mɸ1-LYVE1,2.00977585041575,1.57675006274344,1.29854316826817,0.643106244376828,10.4023486013849,2.33178503369664e-53,0.5304245284153152,PASS,
709,TSPAN4,Prv-CCL19,1.07865641264931,1.26801663805241,0.917526321928071,0.0991702702597578,8.68559936837556,6.33302745494009e-13,0.5303181614213754,PASS,
710,RASSF4,B cell,1.75812125912482,0.684734833680265,1.39581527023947,0.151109597721883,8.35193111323862,2.5568303349074e-44,0.5302672446959598,PASS,
711,CELF2,cDC2,1.76783496833563,0.947613230205334,1.28147219213506,0.252652053269364,8.48120762047383,8.53932985742532e-23,0.5302199613643487,PASS,
714,PTPRE,EC-aPCV,1.08368726440207,2.08588276429045,1.85957892980168,0.856487046118235,8.05901879697217,7.81859966986343e-08,0.5300881294257013,PASS,
715,BIRC3,Mɸ1-LYVE1,0.901695367438197,1.84059245340582,1.45831296246699,0.547429108946391,7.34411095617996,1.94004210374483e-23,0.529980301887182,PASS,
719,SSPN,Prv-CCL19,0.551332344874393,1.25125961059187,1.42459767064104,0.141337033348775,8.8154424594738,2.75381421406228e-20,0.5297621677666602,PASS,
725,SSTR2,Prv-CCL19,0.960321184577484,2.38568760760852,2.40226376612825,1.16243307016891,8.58196885620699,1.87684176824211e-29,0.5295246469003667,PASS,
726,HERPUD1,Mɸ1-LYVE1,0.365319845174703,1.18509019820321,1.27482995199665,0.0063234712018227,9.55088628191552,1.27949489638135e-33,0.5294786449838402,PASS,
727,FKBP5,EC-PCV,3.02782032053247,1.38570745835763,1.17455180662735,0.777777849948842,8.12460286107336,2.34320715568861e-25,0.5294369386902582,PASS,
728,PIK3R3,EC-PCV,1.01930543697916,1.35765060805312,1.45187912544383,0.342152328268865,8.26466347293211,0.000775405023294,0.5294301539196641,PASS,
729,GFRA2,Mɸ4-infiltrated,0.845870148144406,1.89792407675866,1.40732701220197,0.554153446549638,7.37820007635046,2.09643504248956e-33,0.5293899989610279,PASS,
730,IL6ST,EC-aPCV,1.549575314952,1.86590852671523,1.74535633796189,0.843189031033268,9.23762711188606,1.51409136488471e-07,0.5293765111825193,PASS,
731,PCDH19,EC-PCV,0.61754535612649,1.76312919603934,1.90460936819399,0.600780948209537,8.16066567116389,1.41261529319232e-09,0.5292934362943837,PASS,
735,FABP3,Prv-CCL19,0.224092342085406,1.48788293494333,1.54291438216285,0.228084152528215,8.32113009787553,4.20793763621202e-21,0.5291433157674477,PASS,
736,TMEM246,Prv-CCL19,0.743199702671909,1.23625073514326,1.38580633964753,0.186324520389279,8.33973287509451,5.92721058284004e-13,0.5291344833200572,PASS,
737,ANKRD28,EC-tip,0.90773040556974,1.00018935860816,1.22085455178666,0.0492628532469337,7.61453729442285,4.21520765668448e-31,0.5291046642466084,PASS,
739,HIST1H1C,Mɸ4-infiltrated,1.32993998830739,1.40920440190659,1.63226885195465,0.522818844030688,7.45766577957632,6.43209127116313e-28,0.5290691730543648,PASS,
741,HLA-DRB1,Mɸ4-infiltrated,2.68142423816581,2.78230627218153,2.34634877056791,1.7672948443202,11.3309565471263,1.3845110605067e-128,0.5290351677829241,PASS,
743,LINC01094,Mɸ4-infiltrated,0.951052364953314,0.975780845568852,2.27618038950418,0.425293351238099,7.78922565708328,1.11239022936668e-65,0.5289605426796979,PASS,
747,LGALS3,EC-aPCV,0.740445611383851,1.55812371073951,1.49203363469982,0.394121685665055,9.96529828675638,1.48102582932956e-28,0.5288770794291158,PASS,
754,DSC2,Mɸ4-infiltrated,1.40493071060023,1.60292419529823,2.37692726943717,0.902067026171008,7.7306635634994,1.0992639632269e-54,0.5287027789314217,PASS,
757,RGS18,Mɸ4-infiltrated,2.06324582592011,1.1172780111013,1.20121965089874,0.421987045167029,7.65167430188926,3.41774686249151e-28,0.5286305844130363,PASS,
759,HERPUD1,cDC2,0.724908595721229,1.43880379975742,1.00249038560144,0.159500859558342,10.1757543125628,2.43448945267068e-26,0.528578377648252,PASS,
760,ECM1,Mɸ1-LYVE1,0.180467810910769,1.60297173615874,1.73405740383267,0.354434679306977,7.37165670479748,5.351595548502651e-68,0.5285623634611268,PASS,
762,CCDC88A,B cell,2.79859519672105,0.707090973497251,1.47473462334261,0.497073389042597,8.56194490748924,7.63736033525792e-80,0.5285048486921575,PASS,
764,PLP2,Prv-CCL19,0.66216727077478,1.3326034139637,1.31998294384449,0.204163997258033,8.63642415896769,8.44700196441599e-16,0.5284789128854669,PASS,
765,BDKRB1,dS2,1.28942972127868,1.11418995739087,1.20393582687043,0.220521779895573,7.05929998093979,6.09308463245565e-50,0.528464883794327,PASS,
766,SYNE2,EC-aPCV,1.04988528233129,1.2720572069264,1.13020455525851,0.211331886588717,9.32936168644801,1.69981541644354e-06,0.5284470645114595,PASS,
767,NFASC,Prv-CCL19,1.15385990544492,1.4745653552321,1.44713259680049,0.456485580519998,8.48971077339967,2.84030578882155e-14,0.5284148952428638,PASS,
768,PLSCR4,EC-PCV,1.48284709617157,1.01650866782041,1.09085669629844,0.184138338675596,8.47863040175299,0.0001413621086141,0.5283121721353987,PASS,
771,RGS7BP,EC-PCV,1.12261068839452,1.46540702612431,1.16361018292166,0.345168274880548,8.02812245520304,0.0004478866575268,0.5282949687510864,PASS,
772,FILIP1L,cDC2,1.73989464034214,1.38124889944546,1.00962468325496,0.411289624706833,7.81898159069972,6.271111869543979e-11,0.5282788474499799,PASS,
773,HMGB2,Mɸ4-infiltrated,2.3728583247435,1.47174591460403,0.641199840829867,0.488974077553312,7.99829912101132,1.01583860061042e-52,0.5282481915995543,PASS,
775,RASD1,Prv-CCL19,0.684773274823761,1.7027483885628,1.03317150403655,0.303457988276799,8.38522452566396,1.80662396033222e-13,0.5281401864386607,PASS,
776,PLN,Prv-CCL19,0.570583015940742,1.33355598023075,1.89685659388746,0.391775511941148,8.78162236194724,2.11032634128467e-24,0.5280691294821162,PASS,
777,TXNIP,Mɸ4-infiltrated,1.89454447048076,1.64268921526085,1.98878587465122,0.929347109483699,10.523584022314,4.254464657533509e-77,0.5279286117722389,PASS,
779,SRGAP2B,Mɸ4-infiltrated,1.52305954902251,1.23935302391481,1.27477811655978,0.384388646308276,7.55223275527295,5.03399138213653e-23,0.5278783382212541,PASS,
780,HSPA1B,Prv-CCL19,0.550003799973717,1.21651094973622,1.10386275195778,0.0491868479033666,8.41512796106875,9.08862143996618e-12,0.5278452926881492,PASS,
783,RGL1,Mɸ1-LYVE1,1.77487212411892,1.38502927421234,0.891630783629493,0.391040687709189,8.28115827770258,2.10043352304244e-41,0.527727706454258,PASS,
787,CD300LG,EC-tip,3.72767716223714,0.580197867936558,0.570381302610355,0.357435133058323,7.5046964846685,0,0.5275433167289484,PASS,
792,SAMD9L,Mɸ4-infiltrated,2.87033176645476,1.88154985917534,2.64926780664738,1.51296293372855,7.75136038581092,2.7305231560373e-52,0.5273232244515805,PASS,
793,AC114760.2,Mɸ1-LYVE1,0.232415750080381,1.68562157835275,1.19870160342723,0.247243953970423,7.29455794181023,2.71189393658746e-35,0.5272981736306511,PASS,
794,IRX3,EC-PCV,0.486112405165653,1.60857643892297,1.41950554215061,0.356868635453364,8.05390683194666,2.79249476035905e-06,0.5272679535674825,PASS,
799,TXNIP,Treg,2.22911677058993,1.66344638652306,1.54246450353773,0.884321930142645,11.0366444203485,2.89586601341089e-22,0.5271815160198723,PASS,
803,IDH1,Mɸ4-infiltrated,2.09077075877646,1.95858956491527,2.72051947659785,1.38729093712799,7.8918560283992,9.292898520946431e-61,0.5270588512711268,PASS,
804,ZBTB16,cDC2,2.15067371402138,0.521520530898255,0.776920651804075,0.0160140283294523,6.80500739137277,1.62138764407959e-10,0.5270143571168926,PASS,
806,PGM5,EC-tip,0.548409718444559,2.01431073247862,2.13641652896339,0.827005561316045,7.32174136629454,1.65829495106612e-52,0.5269774849715304,PASS,
810,IFI44L,Mɸ4-infiltrated,2.98012516605556,0.459029815398488,2.89883534634542,0.927474854579828,7.91832473904834,7.08811672160012e-87,0.5269410270939784,PASS,
812,FIGN,Prv-CCL19,0.677608619065888,1.36107808283817,1.36400319927005,0.272439860948659,8.34560599210912,3.27377564681856e-12,0.5268629060252326,PASS,
813,ALKAL2,Prv-CCL19,1.7397057513745,1.40433827850571,0.957625545617376,0.432851482997181,8.2984774943276,1.66654882679665e-13,0.5268335319261779,PASS,
814,FILIP1L,Mɸ4-infiltrated,1.56784401621166,1.59907146251663,1.15345007132753,0.557498204953593,7.42001950334382,5.83747646598294e-23,0.5266942341379584,PASS,
816,COX7A1,Prv-CCL19,0.2880065778917,1.3758377162954,1.5471270774154,0.243758153094771,9.28494629708253,2.06463439507473e-33,0.5265939306892712,PASS,
817,TMTC1,EC-tip,2.05349788729491,1.8220456444885,1.68935576171847,0.97802500058502,7.56349301858716,1.2031028641639e-59,0.5265674628857219,PASS,
818,DDIT4,Mɸ1-LYVE1,2.24985494618832,1.35456611923877,1.55816937226431,0.753229834765032,8.03057513770097,3.87547557270602e-37,0.5265482935876035,PASS,
819,LPCAT4,EC-PCV,0.884521109055349,1.51949599767444,1.67480992310331,0.52286458868638,8.4934527080089,1.88700161120391e-08,0.5265340117016648,PASS,
821,SBDS,Prv-CCL19,0.900365242854287,0.965332136349227,0.983067874074775,0.0027220655974406,9.14748811954986,4.175666836816221e-15,0.5264523314944546,PASS,
825,FXYD1,Prv-CCL19,1.28145448210944,1.89142121343007,2.03886618263152,0.935867977521692,9.62374557747883,2.26399219040268e-39,0.5264185549034909,PASS,
828,AC058791.1,dS2,1.489644299587,1.05354265870433,0.751476265033725,0.126089944839322,7.4616068724177,1.67960380294376e-61,0.5263007663752667,PASS,
830,TACC1,EC-PCV,1.52612792526369,1.13368332278091,1.17650508296383,0.328682460433932,9.24484206415212,1.07863336774033e-10,0.5262795101118847,PASS,
832,LRG1,EC-aPCV,1.09569373194963,1.83912560667536,1.97404790430041,0.843254900829091,8.05169659646245,0.0001341704687355,0.5262558343910081,PASS,
833,ITGA5,dS2,0.977503567776868,1.0789976092891,0.757096912900475,0.0053168208262564,7.26676224846706,3.72208757832763e-70,0.5262542060307117,PASS,
834,SERTAD4-AS1,EC-tip,1.0538373242693,1.35874116359907,1.35487837711813,0.381887809732563,7.56976845908201,3.09864329013921e-32,0.5262245292354782,PASS,
836,ATP8B4,Prv-CCL19,0.576911733403349,1.41974468539519,1.0620791064731,0.183262092933558,8.30996244618887,2.27971855652972e-11,0.5261275702486105,PASS,
837,TIPARP,cDC2,2.28578541389426,0.898675390955694,1.02266656145848,0.354002392174985,7.04120544944662,3.61324600226887e-12,0.5261194243254574,PASS,
838,CAV2,Prv-CCL19,1.30802117936397,1.61098004466362,1.58870821834874,0.65767710418289,9.24824512429028,4.18419730623229e-23,0.5261162540196598,PASS,
839,GFOD1,EC-tip,1.01020282648981,0.952078978931926,1.13849337848484,0.0894398318674158,7.71169045792088,2.53876553419752e-36,0.5260847173580506,PASS,
840,TAGLN2,Mɸ1-LYVE1,0.482743133414828,1.23702393610964,0.985673123051557,0.038720692613477,8.55569308856536,5.99945808662906e-38,0.526057058370707,PASS,
841,CELF2,EC-tip,2.05856254934475,0.474227774667251,0.8490780829158,0.0155913395433068,7.41955823830888,2.65514420374856e-120,0.5260389323064769,PASS,
843,DEPTOR,cDC2,1.96161981185266,0.733376768184916,1.3178414599606,0.292840294093296,6.89430304767538,1.96180669490632e-08,0.5259930793782501,PASS,
844,PLEKHO2,EC-aPCV,0.960721010816129,1.97111342738422,2.06845682591066,0.908502213168395,8.21959406331836,6.17461047990382e-07,0.5259882797463495,PASS,
847,ARRDC3,cDC2,1.26319874711145,0.730773850408889,1.21706860099249,0.0745384880823748,7.31359942716021,1.62559444113201e-05,0.5259091941595265,PASS,
848,PITX1,dS2,1.14616260766131,1.0397929047089,0.893075673277444,0.0874416121133332,7.04766153646937,1.68093837367815e-55,0.5258962851682671,PASS,
850,COL4A6,Prv-CCL19,0.112898549016123,1.20644027047023,1.63085481124857,0.154342744936344,8.31693212111386,5.33068335081725e-23,0.5258646399584814,PASS,
851,HRH1,EC-PCV,0.630217581624079,1.1224714871444,1.43475657555615,0.18443176745001,8.10213881378167,2.13028191147887e-05,0.5258439705665148,PASS,
852,IL17RD,EC-tip,1.40576561379477,0.871346109451403,0.995631525012558,0.107691582404678,7.34092246909444,2.32705598998953e-50,0.5258415122238267,PASS,
854,CADPS2,EC-tip,2.39029074597581,0.958529402359271,1.03129358436147,0.419770927938126,7.7486400452918,4.56203616356271e-170,0.5258345367122647,PASS,
859,MXI1,Mɸ1-LYVE1,1.4894758360399,0.833234152088777,1.14706509580884,0.166529184043398,7.52349492422088,1.17662968547274e-24,0.5257255519124258,PASS,
860,ATF3,Mɸ4-infiltrated,3.00641319061349,2.36630795257986,1.70783409622004,1.48824643531431,7.79305053605572,1.83156437585379e-34,0.5257245207877619,PASS,
861,CLN8,cDC2,0.803068887219283,1.43503538991021,1.18105482304473,0.302727745384115,7.65976076767013,1.83748445464175e-14,0.5257123586692946,PASS,
864,LTC4S,EC-PCV,0.0780508111110668,1.29030103245125,1.1120727860618,0.0094745056803071,8.77573211173789,1.98039699622797e-10,0.5256241176101707,PASS,
865,KLF9,EC-tip,1.04785159052657,1.00948683587569,0.944414847234014,0.070463594073215,7.70487200218248,5.83371187190786e-41,0.5256013067687243,PASS,
867,MIS18BP1,Mɸ4-infiltrated,1.75524900027223,1.54795676072499,1.95257039602073,0.874495828466867,8.16955627429656,1.04904639647198e-47,0.5255838117463871,PASS,
869,LAMP3,B cell,1.66941150550102,0.846492994330705,1.43918780987348,0.326497350546602,8.35047920018706,8.60266969296297e-35,0.5255610070351971,PASS,
870,ALDH1A1,Mɸ1-LYVE1,3.1031162759668,1.70242221712244,0.807059620516592,0.892892659366036,8.38449851387034,3.93814844744129e-139,0.5255331869239006,PASS,
872,DOCK11,EC-tip,0.0421756836023671,1.37710018782377,1.41514456690982,0.156510362830302,7.14203841342631,2.12100278942482e-35,0.5253725907023449,PASS,
873,SLA,Mɸ1-LYVE1,1.67561462573777,1.20867543362152,1.35813260704663,0.487015203621899,8.48426843596985,1.36558353149032e-42,0.5253615059932595,PASS,
874,CD36,EC-aPCV,0.31853354845531,2.01135715323109,1.23609606741688,0.485456116482625,7.99473634757705,1.33806182964566e-29,0.5253318911350661,PASS,
875,ATOH8,EC-tip,1.9192283959502,0.799461767794316,0.833099399294907,0.159276366317092,7.48486629692206,1.18356509338133e-86,0.5252819923330724,PASS,
876,KANK3,Prv-CCL19,0.217105748948137,1.2436579735809,1.26560487323538,0.087552579475983,8.29370679924891,9.6803990583649e-16,0.5252206779002555,PASS,
879,DKK3,Prv-CCL19,0.747740531605628,1.3403670555459,1.0686739390648,0.212477773252715,8.6073970622111,2.07234145442193e-12,0.5251412104012789,PASS,
881,RNASE6,cDC2,1.53855360924439,0.864119465100721,1.04442561749502,0.172198813659434,8.73876714655135,7.27125039177431e-21,0.5251053134890324,PASS,
882,MEGF9,Mɸ4-infiltrated,1.6491443696571,1.1873320612192,1.33608611502682,0.467702361160171,7.72937113121886,6.58761766930681e-24,0.5250575045778602,PASS,
887,MYO10,Prv-CCL19,0.807813603358515,1.39092467167299,1.33241129130025,0.350514134475089,8.3779247309994,6.04848420774645e-12,0.5249397714378229,PASS,
889,AQP1,EC-aPCV,0.290647381998696,1.66898706018207,1.75073614566179,0.495126494831101,10.8337311124904,2.3413142710624e-48,0.5249300487789762,PASS,
890,TXNIP,Mɸ1-LYVE1,1.74029152243977,1.37040601381737,1.46461639409347,0.629063789828473,10.8707389047437,1.04360179288501e-44,0.5249244186710444,PASS,
893,SYNE1,EC-PCV,1.89774333026971,1.14867231355373,1.21369938478663,0.477267457925576,8.42664006079586,7.53907560779839e-06,0.524660095180837,PASS,
897,CD82,dS2,1.29808588490408,0.803800413027066,1.09966885626226,0.109400125280932,7.0683831748746,3.71059204134727e-38,0.5245642855594943,PASS,
898,SELENOW,EC-aPCV,0.608845519370678,1.38602651740102,1.29112177042103,0.288714799997685,10.3640780007443,3.60520635547563e-28,0.5245428845051956,PASS,
904,SRGAP2C,Mɸ4-infiltrated,1.55125646590423,1.20990153525946,1.57029971814681,0.549022811989691,7.64926522487372,3.52837198799864e-28,0.5242924247246855,PASS,
905,LYZ,B cell,3.29202005506237,1.16377485629176,1.95910296883226,1.08790134923596,8.52408727040207,2.65904430650172e-84,0.5242584931869165,PASS,
909,ASS1,EC-tip,2.58938914073177,1.41056129784282,1.12255377048671,0.758609969210389,7.42415853790764,5.37996366651934e-134,0.5241217913961823,PASS,
910,SLC39A14,EC-PCV,2.57198906323981,0.463949307488648,0.624415709054092,0.104785816442093,7.99720373166177,3.03537927817966e-21,0.5241160377811521,PASS,
913,IGF2BP2,EC-PCV,0.177093955933464,1.62564651009506,1.44145156386532,0.353488792568743,8.05473121675434,4.98534183355521e-08,0.5240858323254556,PASS,
916,ADAMTS9,EC-aPCV,1.93029183943927,2.24398109452878,1.92257370679157,1.26672560964268,8.61052540625424,4.0141522416382e-05,0.5240034350573021,PASS,
920,MT1H,Mɸ1-LYVE1,0.0418493659155632,2.19369972636403,1.76113074676519,0.706221395019507,7.27623630983454,6.06000620083659e-94,0.5239181999065661,PASS,
921,HLA-DPA1,Mɸ4-infiltrated,0.761169531955843,1.27519656908493,0.834376997612502,0.127049498296856,11.0600846954098,4.16228469134563e-37,0.523897670015729,PASS,
922,SORBS2,Prv-CCL19,0.695328966757699,2.58548655252709,2.53014489199848,1.31645896412742,8.73564344532165,1.27581368572966e-40,0.5238685182620021,PASS,
923,CST3,cDC2,1.42581308880859,0.880472384610442,1.14817544053435,0.214368886680425,12.8291914105233,2.21834740318715e-26,0.5238428699358505,PASS,
924,P3H2,dS2,1.24359584910329,1.1665717006584,0.856351402876194,0.210230783289746,7.36650586342567,4.57721225308384e-64,0.5237740957721876,PASS,
925,TYROBP,B cell,3.99731495384081,0.653645159997437,1.71154636196089,0.929481197239488,8.60042665777581,1.13207264677037e-169,0.523741810721276,PASS,
929,CRIM1,Prv-CCL19,1.67299850212902,2.04501974512187,1.88519315439789,1.10353221108818,9.09210851116488,1.74957993294855e-18,0.5235581960601832,PASS,
932,RNF141,Mɸ4-infiltrated,0.794348614747096,1.09587833627231,1.54224675727104,0.301691404666316,7.77592906023839,1.81984995112126e-32,0.523469165412748,PASS,
933,MYH11,Prv-CCL19,0.315599988704014,1.41766414480611,1.79053499041498,0.420634095490958,9.80845759503951,2.21646030511573e-28,0.5234247651365513,PASS,
934,CERCAM,dS2,0.697771793724311,0.991135373007571,1.04085155445591,0.0502790999126004,7.43940389999556,1.54274694828968e-73,0.5234102156789741,PASS,
935,GPR155,Mɸ4-infiltrated,1.04242292850938,1.07848032963088,1.89301270349635,0.47915469981632,7.40635534875711,1.47631947973821e-34,0.5233923075508559,PASS,
936,FUCA1,Mɸ4-infiltrated,2.47287493184314,1.7456641938063,2.01807595451136,1.20494382902594,7.58715562273225,4.03429768976668e-35,0.5233653915524018,PASS,
938,SMIM3,cDC2,1.45696082504944,1.03939039873797,0.833917205800439,0.203683746104347,6.87783427680262,1.23322605815191e-05,0.5233153449013351,PASS,
941,INSR,cDC2,1.85380412377227,0.769023252443066,1.33997278141416,0.348836536489384,7.01883478452936,5.55856622689869e-09,0.5231617961005802,PASS,
945,RNF144B,cDC2,1.23448734873375,0.782398121296437,0.960706836541837,0.0683580632039676,7.30437768510022,1.76500680161118e-05,0.5229503842644898,PASS,
947,RNASE4,dS2,1.9937227622916,0.67110385517369,0.5014290543442,0.0475759400453956,7.08998164799026,6.366817353951049e-49,0.5228909745695547,PASS,
948,CADM3,Prv-CCL19,0.0542032448388329,1.4353402649103,1.64519855597157,0.320822781652864,8.35905912590092,1.93898637704869e-21,0.5228841841009466,PASS,
951,CDC42EP2,EC-aPCV,0.244686963356397,1.1587224856296,1.17272945932003,0.0738238591864251,8.10871001456704,0.0001408783035531,0.5227646810478683,PASS,
953,ZNF562,cDC2,1.53956184540464,0.899386997678881,0.887589830469238,0.186038916393519,7.30614942838562,4.41242089082732e-08,0.5227217216559386,PASS,
954,MAF,EC-tip,2.81479548372692,0.360736255233027,0.743968771523004,0.185984235044654,7.33643711814599,2.78971304024803e-223,0.5227117698778843,PASS,
955,HLA-DQB1,Mɸ4-infiltrated,0.700531105816374,1.56642392599299,0.915636245715985,0.310647220073585,9.61343855610529,1.02638653520706e-44,0.5226411780146577,PASS,
957,PTGS2,cDC2,3.86634954420584,0.490708666592658,1.72100489778137,0.841931974636626,7.24803167336791,2.72485582034051e-45,0.5225903428642876,PASS,
959,CCL8,Prv-CCL19,0.227360262208228,1.20695511191006,1.56468805546218,0.233423408107064,8.31637322180078,6.27868700863619e-19,0.5225454491405055,PASS,
960,CCND3,Mɸ1-LYVE1,1.54313302460645,0.802845397146883,0.897461872009374,0.146125922219897,7.51855889669078,6.00943634401896e-34,0.5225201516174954,PASS,
964,TFPI,Mɸ1-LYVE1,2.85147468972434,0.688470355529778,1.15203273085235,0.50700966832333,7.41457848361147,2.66139464274268e-124,0.5224549281791517,PASS,
965,IL6ST,Treg,1.89039888715996,1.45647681228202,1.66586902529724,0.822683118828789,8.74903491903705,1.65368396281511e-08,0.5223506045911811,PASS,
966,GFOD1,Mɸ1-LYVE1,1.40218779269713,0.64834452366632,0.81434438256369,0.0064542723959748,7.34674354058018,5.02239804315673e-24,0.5223342387427499,PASS,
967,PIK3R1,Prv-CCL19,0.269140596480359,1.63372633542184,1.79850502707618,0.538275057816882,8.86163493502953,4.598233762555089e-30,0.5223174222264445,PASS,
970,MS4A6A,B cell,3.49640130548578,0.0225920295510983,0.922792009169888,0.251743173636968,8.45259380470337,5.09254123749047e-240,0.5223062471509448,PASS,
971,IGLC2,Mɸ1-LYVE1,3.11387595207235,0.304978434610916,1.31204216649283,0.436741719198241,7.62521693506418,1.59943773574605e-59,0.5222896984629423,PASS,
972,NXPE3,EC-PCV,0.800898601791461,1.63832886836473,1.63687763248345,0.625564926514008,8.12029503691411,1.25937202676469e-05,0.5222819065225072,PASS,
977,DNAJC18,EC-aPCV,0.541408774485721,1.49421723396769,1.56270159846233,0.463415808193902,7.98454318265273,5.45269106192004e-05,0.5222491019642547,PASS,
981,FKBP11,EC-PCV,1.11161382020211,1.73716242011478,1.65939017643325,0.76238242341195,8.2937243277603,7.83093810870955e-05,0.5221840644324917,PASS,
983,LAMC1,dS2,1.92758943972251,1.30416516671805,1.66742526783751,0.762991751479139,7.54010677549826,7.42766322540665e-51,0.5220993926997946,PASS,
986,CAP2,Prv-CCL19,0.627796036836362,1.09166623008098,1.43922832808136,0.251552338322725,8.34530335907767,5.4087489778317e-13,0.5219540422193697,PASS,
990,BZW2,EC-tip,1.16867249422414,0.659738325586167,0.93368389093329,0.0041600144690625,7.56363587604182,1.21818961988045e-47,0.521849806160571,PASS,
991,TRIM22,Mɸ4-infiltrated,1.3479657809932,0.524415854520548,1.02980317347424,0.0158385515711478,7.7941700141809,1.14014123337834e-23,0.5218461218329319,PASS,
992,SESN1,B cell,1.31125661964961,1.71016558526708,1.1083167599538,0.620380422906763,8.53294601318162,2.6461484028177e-22,0.5218354454581506,PASS,
993,SRGAP2,Mɸ4-infiltrated,1.37470098685156,1.16253840528688,1.05640613430623,0.351581909509643,7.84089971740549,5.840291198659669e-22,0.521833465523798,PASS,
994,ADGRG1,EC-aPCV,0.961643905169136,1.52819542305523,1.63725932268576,0.621979468840981,8.32837972285701,0.0002423677687608,0.5218323511078794,PASS,
996,AKAP13,dS2,1.04708999433228,0.859833132587698,1.09974492034597,0.131607869925279,8.44909485975723,2.58794002012457e-104,0.5218195444854871,PASS,
997,SYNE2,EC-tip,1.25744691937768,0.936028821325212,1.03302214243862,0.204571356124424,8.65937722728908,1.58863808601586e-75,0.5216598505387748,PASS,
998,AIG1,Prv-CCL19,0.601742359506626,1.24776597588214,1.40969465030788,0.31842515282899,8.59430541492032,4.887351513776139e-16,0.5216323445075352,PASS,
999,PIK3IP1,Treg,1.56751965955523,0.856463681774603,0.955837162723266,0.219321459620017,9.14049473316603,8.256883620893089e-11,0.5215912505114836,PASS,
1001,PHTF2,Mɸ4-infiltrated,1.93671200889354,1.34104651919299,1.30845421547135,0.672398898779369,7.44754857573563,4.775070111360619e-22,0.5215410344571831,PASS,
1003,SESN1,Treg,2.54631109930841,1.74764231159284,1.19042628340285,0.977998886488846,8.61565809117747,1.4444713906611e-12,0.5215329788860027,PASS,
1005,CALM2,Prv-CCL19,0.451387790393465,1.29957342530201,1.29273241159457,0.268158808120561,10.5264742172641,4.25055867010668e-58,0.5214547330747854,PASS,
1006,SLC11A1,cDC2,2.15663108027506,0.923823814354249,1.63472652155572,0.634809651794851,6.91229747705795,8.58018982785621e-10,0.5214522897302276,PASS,
1007,MAP7D3,Prv-CCL19,0.644421053118014,1.19641662359638,1.39192142637463,0.302408410252152,8.68341339087737,1.22136391250496e-15,0.5214263977553807,PASS,
1008,RBP7,Mɸ1-LYVE1,2.13967244270139,0.787132725047007,0.685699108928526,0.240923937517433,7.52254500815891,2.50564873524122e-75,0.5213627076178475,PASS,
1009,PGM5P4-AS1,dS2,0.535993173839043,0.778777717936424,1.36324222676522,0.0579803631861933,7.07590697847172,2.47153213341306e-37,0.5213535374611294,PASS,
1011,CSF2RA,B cell,2.04675198751321,0.53581706379298,1.00195233677936,0.203179190254266,8.35861535322588,7.90544346557932e-52,0.5212714286692918,PASS,
1012,EDNRB,Prv-CCL19,2.65253776004065,1.99601889713242,1.53419367611219,1.23942160038187,8.44716498156334,1.98387729829121e-22,0.5212514280084596,PASS,
1013,CD74,Mɸ4-infiltrated,0.961501275649863,0.979665821179113,0.584272407104899,0.0031669541684072,11.7914890676238,1.67419289399674e-42,0.5212099507665909,PASS,
1016,MYOF,EC-tip,1.54392070077042,1.30366071467436,1.47770862863759,0.619629012703785,7.7446886148973,4.1162865216178e-53,0.5211683610301834,PASS,
1017,ZFAND5,Mɸ1-LYVE1,1.28658396796527,0.836851331462334,0.58451980094441,0.0175695626056582,8.69988830817165,7.46104866103621e-46,0.5211541682692048,PASS,
1021,CXCL1,Mɸ1-LYVE1,0.443115297983621,0.558243717929902,2.14485107516414,0.193461091889947,7.30759412664464,5.351595548502651e-68,0.5211204983418323,PASS,
1023,LRG1,EC-PCV,0.176937397920564,1.4874624606541,1.44032693839434,0.345735107712471,8.04806992968251,6.86459195830383e-07,0.5210876584197643,PASS,
1024,ID1,EC-PCV,0.740826576179075,1.07097346156016,1.43360323883238,0.287755989858794,11.0839714165847,4.72609624914488e-13,0.5210398362687576,PASS,
1027,SIRPA,EC-aPCV,0.395997752977986,2.10773083843735,1.94505061483482,0.871325437961641,8.07024627158317,2.67279258171783e-13,0.5209663999226793,PASS,
1028,CFD,dS2,1.29207820153672,0.323201516028731,1.32092184914313,0.0207979908963925,9.47143146545064,1.75344186345997e-57,0.5209269420861875,PASS,
1032,PLPP1,EC-tip,1.78851518674976,1.34487215968602,1.5555066804077,0.732211846353431,7.67844180781323,3.82455465386867e-54,0.5208715342606164,PASS,
1033,CCDC6,cDC2,1.50158916107497,1.21848234643435,1.18070625494457,0.472737148917742,7.48554516394348,2.33712869325698e-11,0.5208684855607414,PASS,
1036,MALL,EC-tip,0.227917827436746,1.49156287078408,1.49312979292982,0.38455993424539,7.76383671388882,2.81470225053878e-43,0.5208110700111556,PASS,
1039,FOLR2,Mɸ4-infiltrated,2.91962574662477,1.37900856064093,0.847559032287847,0.790908011654773,7.53751174611702,1.54646720263193e-47,0.5206838658183267,PASS,
1041,SYT15,EC-aPCV,0.507208390376045,1.672573663303,1.69081791012819,0.61469973027827,8.24251983746723,2.45050284943032e-08,0.520621105912754,PASS,
1042,CTDSPL,EC-tip,2.10621494800557,0.387750142690859,1.09067450305695,0.188451708793842,7.35546009215446,2.06893147714146e-124,0.5206111217053127,PASS,
1043,S1PR1,Mɸ4-infiltrated,0.41220587434284,0.865958316590427,1.353979843574,0.0835704854788415,7.30667176507852,7.580615787884881e-23,0.5205447977082761,PASS,
1044,KLF9,B cell,1.13824654101014,1.09905294303382,1.08162534721313,0.295049392763558,8.39057001129794,3.66584557361753e-13,0.5205107760046664,PASS,
1047,S100A10,EC-aPCV,1.50965954656582,1.49447059871945,1.34656375948657,0.674955244218392,10.525168503052,7.34029259354718e-15,0.5202956119926596,PASS,
1048,SOCS3,EC-aPCV,0.268541841736799,1.22321548527741,1.31813330515256,0.215907560132701,9.85779794562749,1.91721900095792e-05,0.5202710180088717,PASS,
1049,APMAP,Mɸ4-infiltrated,0.873367004116528,0.985223500927411,1.63463191225668,0.363722838197659,7.74540710421068,1.57487562188538e-36,0.520249952817141,PASS,
1050,CAST,EC-tip,1.37458984355857,0.672178952399212,0.81338584999236,0.0594076364592919,8.64741262397823,1.41213260609193e-131,0.5201712776555352,PASS,
1052,ECHDC3,Prv-CCL19,0.199777500844356,0.957307435651277,1.25832993269047,0.0509404696100385,8.33131429828073,1.35777041315286e-12,0.5200604012412264,PASS,
1054,IL1R1,EC-PCV,0.937882995576481,1.92586177406773,1.87598674128581,0.916604316255186,9.13273696556217,6.61616153306017e-19,0.5200310280778271,PASS,
1055,MSR1,cDC2,1.66945140636108,1.50506239264929,2.32329027005061,1.04590578584404,7.20806291474024,3.67070461106844e-10,0.5200218738182497,PASS,
1057,IFNGR1,Mɸ4-infiltrated,1.41561529393876,0.746647275593078,0.520828672804619,0.0150954071330718,8.78814431555068,1.35398860727317e-39,0.519751547441204,PASS,
1058,ATP8B4,Mɸ4-infiltrated,1.38386607685518,1.179849772669,1.3601310176841,0.506108398125217,7.53655418898682,2.93888358168769e-21,0.519750489986947,PASS,
1059,S100A4,Prv-CCL19,0.187851832288332,2.15039675136163,2.36998472066603,0.997639239897636,11.0298463585638,3.81380368383252e-57,0.5197159891436901,PASS,
1060,AL031777.3,Mɸ4-infiltrated,0.411029242119916,0.681181186055619,1.59561858996877,0.092827149128721,7.31642702299113,1.2110679734646e-31,0.5196672849279074,PASS,
1062,ST8SIA4,Mɸ4-infiltrated,1.45212755231946,0.961983007808537,1.67864494410907,0.526608440586636,7.92598459876131,6.7887217345732e-40,0.5196078960605738,PASS,
1064,SIGLEC1,Mɸ4-infiltrated,2.80268036008528,1.48943103728547,2.44593057642137,1.35854822001487,7.63404158593648,5.10687557335496e-51,0.5195610531181719,PASS,
1065,KLF4,dS2,0.821620967659294,1.20366603038993,0.273990800277852,0.0066340633855786,7.58458130127414,2.01781456494985e-95,0.5195588008240635,PASS,
1066,ZCCHC2,Mɸ1-LYVE1,1.61922057062835,0.783303442469064,0.994948300385619,0.252605417466578,7.69832047492092,7.66083855584428e-38,0.5195303504763645,PASS,
1070,NAIP,Mɸ4-infiltrated,1.83266480572591,1.05365352370491,1.21944652492416,0.515195303887249,8.08464245400036,1.93276052801807e-29,0.5194753457768553,PASS,
1071,EPHX1,Prv-CCL19,0.644093133945909,1.28853162526013,1.12312625561222,0.296144229937035,9.09313128417322,2.61127495285674e-15,0.5194557179367341,PASS,
1075,AHNAK,Mɸ1-LYVE1,1.70778506950532,2.01348584639096,1.54795897042318,1.05320037185995,9.07893430050327,4.23797726150852e-24,0.5193113384634013,PASS,
1076,SESN1,Mɸ1-LYVE1,2.19952216664423,1.74444963937723,1.45648562143863,1.01737419854326,8.24620893010682,3.19109210332333e-32,0.5192873580022419,PASS,
1077,ATP1B1,Prv-CCL19,1.99889815677079,0.671422281551874,1.01246205426572,0.303812868734628,8.3306849574971,3.52505800561241e-16,0.5192775312584917,PASS,
1078,TIMP3,EC-aPCV,1.56504854546964,0.774825311070719,0.85795515846168,0.193688690054604,9.50865767778698,1.25563335761704e-10,0.5192618219966055,PASS,
1079,SOCS1,B cell,1.79667372267198,0.654824299439609,0.550837817328028,0.0876504540457362,8.65834386554963,3.46891126981394e-36,0.5192543126523067,PASS,
1080,GIMAP7,Mɸ4-infiltrated,1.88522894619649,1.33240555182219,1.54233825545321,0.774718339788708,7.7511298094246,4.68594716696979e-23,0.5192184336757526,PASS,
1081,MCTP1,EC-PCV,0.927543484845239,1.55253248540662,1.50140672369062,0.62788077693767,8.32593959995079,0.0001125740695354,0.5191840320184746,PASS,
1082,IL18,Mɸ4-infiltrated,1.91808414367979,1.27600144820158,0.943195616394061,0.558842034434811,7.64630651794261,1.22090039620493e-24,0.5190538359594585,PASS,
1083,USP53,Mɸ4-infiltrated,1.7789714668408,1.08939366524178,0.149405949702621,0.163321210936945,7.36500481077654,4.76725433237333e-30,0.519024425748093,PASS,
1084,SPAAR,EC-tip,1.94935485475983,0.476979431808662,0.588606432569316,0.0565813327208781,7.39483848583491,4.31365807232832e-119,0.518994583179289,PASS,
1085,TSC22D3,EC-aPCV,1.87833949043209,0.687564477662242,0.735790657128562,0.193608773610174,8.68463982064285,4.96552403238127e-15,0.5189846057803955,PASS,
1086,SULF1,dS2,0.43390881879539,0.750036117092257,1.50555478768935,0.117699798177143,7.23682586152268,2.04853554613227e-44,0.5189680095699936,PASS,
1088,ASPH,Prv-CCL19,0.587528967523221,1.66006545590205,1.22071670380239,0.503539671866562,8.68203937693319,1.99725144730777e-18,0.5189432751265357,PASS,
1092,FBN1,EC-PCV,0.568740717196134,1.64856788073239,1.5074242167107,0.590680576993825,8.22566446436191,2.29129444557139e-06,0.5188473465802022,PASS,
1093,NEK10,Treg,1.51268539027982,0.834352039690964,1.36208478800902,0.388920678429634,8.4026882199491,1.36722248141143e-06,0.518832197544904,PASS,
1097,RCAN1,Mɸ1-LYVE1,2.07535939817027,1.45798769621646,0.749280882327392,0.625302895745908,7.52988992045074,4.76691675706546e-46,0.5187422201120058,PASS,
1099,DST,Mɸ4-infiltrated,0.541113110972221,1.54270767507476,1.32148128253542,0.47356092938314,7.59513570372467,3.07669482754838e-25,0.5187193098663084,PASS,
1100,COBLL1,EC-PCV,1.0585805221735,0.99704441612013,1.45930053640332,0.390240850839695,8.06650988405837,1.81781024362695e-05,0.5186235834699168,PASS,
1101,AIF1L,EC-tip,2.34987316994694,1.65881588265557,1.49037223766296,1.03550875251381,7.39362450908411,3.03762213740706e-88,0.5186099090044349,PASS,
1102,SDC3,Mɸ4-infiltrated,2.12981963464183,1.80656826547025,1.99557323928795,1.21578288117426,7.42907979290827,1.53585914556788e-31,0.5186096181674867,PASS,
1103,SNTB1,Mɸ1-LYVE1,1.71371883731017,0.718117872129348,0.950095536294815,0.249192819365775,7.35863484693404,1.7922846742356e-36,0.5185621477550266,PASS,
1106,ITPKC,EC-PCV,1.02224466692319,1.84451711700135,1.76234226469746,0.887723058062396,8.24322774553456,5.94524025624222e-05,0.5185072766681402,PASS,
1107,PITPNC1,EC-aPCV,1.3648884525089,0.765624761782171,0.648339971087872,0.0831698946743899,8.20969191935837,6.84797107144042e-05,0.5185060235923317,PASS,
1109,DAAM1,EC-aPCV,0.626958609275761,2.22825757129239,2.16415664000381,1.09876665559301,8.4180618270825,5.607102025523139e-11,0.5184664823849128,PASS,
1112,CD4,B cell,2.78188677439752,0.156691156291321,1.1969420337344,0.323444691222722,8.3713453385034,7.87152686855552e-132,0.518377311965848,PASS,
1115,RAMP3,EC-PCV,0.842035819008987,1.46233361707465,1.10738720324451,0.447770157150869,9.12538476665712,8.9123968340317e-13,0.5183214598590498,PASS,
1116,OLFM1,EC-PCV,0.52981026046317,1.09330133896136,1.03902645584937,0.168221342829501,8.59535484099719,0.000553669419485,0.5182599187155063,PASS,
1117,CDKN1A,dS2,0.364811990454493,1.32327028566782,0.542774430226541,0.0691744995282213,7.16276187679909,1.96593873177493e-77,0.5182266245879639,PASS,
1119,MIR22HG,EC-PCV,0.597422485372489,2.1634808461551,1.97007453188636,1.00364355945127,8.20008080151147,1.8375952313654e-09,0.5181555743765462,PASS,
1123,PHLDB2,Prv-CCL19,0.100195314770345,1.41856975316379,1.40777369288358,0.341738102627504,8.59224343430093,4.28362360540769e-20,0.5180968590732083,PASS,
1124,PRDM1,B cell,1.10911211832798,1.12563004509737,1.03243333223333,0.33316028364283,8.38952181240118,1.18623824968981e-11,0.5180745457326622,PASS,
1125,GFOD1,Prv-CCL19,0.0278539523753504,1.02130160611688,1.22793089255625,0.0711872076079091,8.29263607261851,4.24942479064416e-14,0.5180628926490461,PASS,
1126,EZH1,Mɸ4-infiltrated,0.653258751941366,0.649335881959625,1.4066192676447,0.112039511582936,7.49605386855853,2.36464450788098e-28,0.5180233500150994,PASS,
1129,HLA-B,Prv-CCL19,0.946369952990829,1.61290691279216,1.76597069378632,0.77033881332549,10.5625650502965,4.577131264154919e-42,0.5179555713187116,PASS,
1131,MAN1A1,Mɸ4-infiltrated,1.19084591094421,1.28704809783903,2.1483856363067,0.804187062252843,7.96787798983507,8.21714697396605e-61,0.5178053039861648,PASS,
1132,SRGAP2B,cDC2,2.04808285351555,1.24927730611688,1.76119917317622,0.871235648533255,7.22408069358044,1.10014482544665e-09,0.5177933901731703,PASS,
1136,TBXA2R,Prv-CCL19,0.0359011584125722,1.08746083449828,1.14209901330303,0.0845478249340619,8.2873431539014,5.79587378675204e-13,0.5176986428324578,PASS,
1139,COL15A1,EC-tip,0.735054855551149,2.77563975312136,3.19897334314848,1.71325718077473,8.47156874842124,5.32772223056456e-159,0.5176747228939219,PASS,
1141,TNFRSF10D,EC-aPCV,0.16860764854302,1.18630483746419,1.22067489171069,0.19374987361365,8.03195545208337,6.92670129400398e-05,0.5176729224533113,PASS,
1143,ANXA4,Prv-CCL19,0.337235102871863,0.930867533042768,1.0117778437651,0.0438754253239997,8.59207486798686,2.23516149401268e-11,0.5176344022270312,PASS,
1144,GLO1,cDC2,1.0004529444531,1.77685817051378,0.832239879218494,0.558449469476973,7.95099746282898,1.11581236465511e-25,0.5176221231365468,PASS,
1145,SERTAD1,EC-aPCV,0.299663367535842,1.7287646305614,1.59749293275887,0.61301221615621,8.59693641725533,6.085524067418351e-10,0.5175957377473628,PASS,
1150,CRIM1,EC-tip,1.17332534165525,0.717664937281781,0.685617848754418,0.046860564939778,8.3869619575397,8.937414883596191e-67,0.5174625454080454,PASS,
1151,TOB1,Prv-CCL19,0.3362004280935,0.756452502315208,1.45729433834643,0.112367224319507,8.40297747107814,7.49909677695345e-18,0.5174487109514042,PASS,
1153,SEC14L1,EC-PCV,1.37595185038145,0.798513143706734,0.644218344986344,0.12508312619335,8.5932677855664,3.55710575140905e-05,0.5173831613230176,PASS,
1155,FOSB,EC-tip,1.48164560501831,2.03189705705954,0.351238789144904,0.642501221779275,7.86831358352973,3.71494097787548e-33,0.5173205604086564,PASS,
1156,PIAS2,cDC2,1.15315920769259,0.845913432613799,1.27829653622501,0.306891720831168,7.12040709169472,1.31748401224097e-05,0.5173027344870978,PASS,
1157,MYL9,Prv-CCL19,0.473159243453009,1.87906174514871,1.86039025243254,0.818838535673483,11.1986616544558,2.20416130271755e-74,0.5172933976048074,PASS,
1159,NFKBIZ,Treg,1.57974170630553,1.41248288700692,0.633988984725408,0.470214311124994,8.64260448621344,3.50769174426192e-11,0.5172747138161724,PASS,
1160,DOCK9,EC-aPCV,2.09290433780071,1.10473884146671,1.06800709078937,0.594836302354791,8.33253173830535,2.84351994769495e-12,0.5172585799841337,PASS,
1162,SORL1,Mɸ4-infiltrated,0.355102872417466,0.356913523911177,1.74499876543095,0.0221597226348681,8.87136946777576,3.90354609823903e-78,0.5172371227267568,PASS,
1164,ZFP36L2,B cell,1.36900953551246,0.791723105611797,0.670788818630127,0.132434296792128,9.54454079293781,2.65315213478944e-29,0.5172256272164555,PASS,
1165,IRAK3,Mɸ1-LYVE1,1.41502782133358,0.742470483247069,0.874709043333516,0.189082061671595,8.03924297207679,9.89063912798531e-37,0.517215039821333,PASS,
1166,EEF2K,Prv-CCL19,0.68999907311628,1.22964225467221,1.54311433753051,0.465264828673776,8.34104457747884,3.6835123139508e-13,0.517159042687749,PASS,
1167,CCL26,Prv-CCL19,0.713367421572028,1.47686887647631,1.32714191617834,0.517970298942105,8.37561159187415,2.09867738403042e-11,0.5171350311789965,PASS,
1171,FOXN2,cDC2,1.70567505292787,1.65186348238565,1.57994989198633,0.929990580425103,7.36661841678946,2.11590074967912e-12,0.5170959900912211,PASS,
1174,TGFBR2,EC-aPCV,0.788941114981538,1.0892072527639,1.13199368849256,0.289878741713713,9.6195395927628,9.99812465275565e-07,0.5169940904459758,PASS,
1176,SMOC2,Prv-CCL19,1.60911577563661,1.80957368195794,0.897988125201164,0.758327221439762,8.59034080205814,4.94484934409706e-18,0.5169776180793696,PASS,
1177,IL18R1,cDC2,1.63979791622409,0.446516212463461,0.579731955790799,0.006995707949166,6.95433719724325,2.41350779964671e-06,0.5169486669757488,PASS,
1186,SLCO2A1,EC-tip,0.929934081481229,1.92604063637443,2.1574532469058,1.06007206463647,7.90040522643235,1.03253071328066e-43,0.5167047317144847,PASS,
1189,ADM,Prv-CCL19,1.87820946749363,0.994108933744186,0.884130404495159,0.439537466233842,8.28675774773399,3.04680659931187e-12,0.5166651726057195,PASS,
1192,IFITM2,EC-PCV,0.897384761747575,1.00333232207675,0.954288740888161,0.224848404848902,10.1201130174277,2.87636390991873e-14,0.5165938090455924,PASS,
1193,MIDN,EC-PCV,0.543719980920378,1.31330609693015,1.60636404953718,0.50079733004143,8.56883371532592,1.74992463705926e-06,0.516540977439495,PASS,
1195,SPTLC2,Mɸ4-infiltrated,2.0951723859566,1.48096124420227,1.2710448171885,0.853450453852163,7.75623698353013,6.49361732119187e-30,0.5165129622158275,PASS,
1198,FAM13A,Mɸ4-infiltrated,1.56612683812712,1.07612676241782,1.96152637625527,0.75960879677547,7.53897527264905,3.09779874954694e-36,0.5164583297184698,PASS,
1200,TM6SF1,EC-tip,1.43349959911459,0.837010018181151,0.813151775926587,0.235334744870402,7.21439890233154,9.1292836998889e-40,0.5164241887707876,PASS,
1201,TIMD4,Mɸ1-LYVE1,0.174663505313343,0.775587923546957,1.19802285976139,0.0161931162203255,7.2272254413129,1.59148997289084e-26,0.5164187697881186,PASS,
1202,EPSTI1,Mɸ4-infiltrated,1.96785595128242,0.92880168767949,1.69750521974813,0.703626268469496,7.91136508960906,9.25482740156174e-35,0.5163688643077664,PASS,
1203,HOXB4,EC-PCV,0.185720432046711,1.64409559847203,1.5585430842082,0.554441065303143,8.26732077929686,3.98044444618397e-10,0.5163570087174431,PASS,
1204,ARRDC2,EC-PCV,1.56813593483919,1.41209227381634,1.02807724895845,0.616073970738434,8.08775997234444,0.0001752369489988,0.5163295115342964,PASS,
1207,KLF4,EC-PCV,1.16299273955221,1.7321085408817,2.06799155090429,1.00629100158189,8.92409352042734,1.01734720199409e-10,0.5162395207375853,PASS,
1209,PCNX1,Treg,1.74843552180139,1.38320793934944,1.51174215306765,0.807324831448789,8.67617737136968,2.37371590870921e-07,0.5162033167145801,PASS,
1210,IL6ST,EC-PCV,0.647000114834535,1.51574363852128,1.30179357994936,0.529024650314812,9.56893600472942,8.14015607470993e-19,0.5161948498410122,PASS,
1211,MILR1,Mɸ4-infiltrated,1.39156166553052,1.11975903201557,2.17608897050127,0.812213354307479,7.67550223892264,2.95029045581176e-56,0.5161377716632074,PASS,
1212,CLDN11,EC-tip,1.59796735278772,0.389250524393467,0.758408400922445,0.0473557635829175,7.22004532791236,7.53062771023961e-62,0.5161266858769299,PASS,
1213,LILRA4,B cell,3.03408053949135,0.32225579950525,1.04028522813633,0.458962445230279,8.4109214308712,5.855583924758841e-155,0.5161159145068133,PASS,
1214,AHNAK,EC-tip,1.28832870034801,0.712009582072046,0.906764725657583,0.178282018255791,8.79548908682702,1.55582962619676e-84,0.5160391034422867,PASS,
1216,MGST3,Prv-CCL19,0.471662845830599,0.910116717470348,0.819847136949747,0.0396895821603049,9.56635432357472,3.37149919360258e-18,0.5160085269212993,PASS,
1217,ATF3,cDC2,2.4708149579671,0.793707552426039,1.22251054448185,0.612542930733032,7.18363642144799,2.48101903509298e-09,0.5159910837271785,PASS,
1225,IRAK3,cDC2,1.53518542461571,0.956603362460696,1.10634981448305,0.428401328341782,7.45804951154208,1.1442237272839e-07,0.5157694278776477,PASS,
1226,CSF1,Prv-CCL19,0.47459025701738,1.31189062731338,1.59243077194695,0.493409107424664,8.52888997708642,5.94882396893751e-17,0.5157401018813389,PASS,
1228,CD163,Mɸ4-infiltrated,3.81033318688649,2.51526884418284,2.79726716084815,2.21961484810549,9.6581876705948,1.49167943986279e-97,0.5156865973444101,PASS,
1229,FLRT2,EC-PCV,0.303300930985596,1.43758558539618,1.26574025364392,0.403985838086925,8.14207724239488,1.80768061873787e-05,0.5156650772465993,PASS,
1231,FCER1G,B cell,3.5897086942853,0.272128696618838,0.760266513111154,0.483843742824268,8.49304520243108,1.98232437871448e-209,0.5156148547075634,PASS,
1234,CALCOCO2,EC-PCV,1.9811143527146,1.34647105271521,1.43546144245088,0.832549256593342,8.66204493362928,1.19887465047571e-08,0.5155687953013036,PASS,
1236,RCSD1,Mɸ4-infiltrated,1.02000803818308,1.2526216666008,1.73854259967736,0.652698573279283,7.853948194071,2.514686496104e-35,0.5155345071926569,PASS,
1237,PPP1R14A,EC-tip,3.08465413217324,0.217128012004579,0.0378844381334181,0.0972028863817283,7.42687968117476,1.23898670364432e-235,0.5155316715776226,PASS,
1238,RPL36A,EC-aPCV,0.0295082411095593,1.08307781451566,1.40639294276516,0.21540364832414,10.4028334940811,1.75808584871476e-81,0.5155282008197889,PASS,
1240,CR1,Mɸ4-infiltrated,0.763019579930672,0.375447264312096,1.38554652008547,0.0560083535557742,7.7454339922107,1.63417680919534e-28,0.5154365427777021,PASS,
1241,RPL36A,dS2,1.12196173487883,0.752153525877515,0.566952708843546,0.0557191032567619,9.71936393258077,1.27642463056767e-164,0.5154223379722572,PASS,
1246,FAH,cDC2,1.10916889223022,0.90019754931374,0.228917796833979,0.0135671605985208,6.96818749847818,2.29343954869169e-07,0.5152630595458221,PASS,
1248,DENND4C,Mɸ1-LYVE1,1.63987121013,0.948009834477249,0.859379092759244,0.379305659861091,7.70762388408722,7.10404254917309e-37,0.5152156178691881,PASS,
1249,CARMIL1,B cell,1.28295300837072,1.16413652806078,0.945439541813779,0.422512506012944,8.39182390065254,3.32451079762714e-11,0.515211537907245,PASS,
1250,HIST1H1E,cDC2,0.920626879587266,1.84028309369053,0.381440100969771,0.464527121452906,7.25408282476354,1.18715070229743e-21,0.5151754105821638,PASS,
1251,IFI44,Mɸ4-infiltrated,2.57840099761438,1.00181102629378,2.29206039516763,1.09569461235103,7.72197646721651,7.07404182775037e-55,0.5151683078990086,PASS,
1252,ID2,B cell,1.93441837711783,0.764917162022741,0.59460112711173,0.278447423068554,8.42792774851888,4.91922550242648e-35,0.5151100776542061,PASS,
1254,SRPX,Prv-CCL19,1.03074055250163,2.22712796160819,1.56425202716699,1.06268162634442,8.59730643132224,6.982336810075101e-24,0.5148343599312786,PASS,
1255,ANKRD44,Mɸ4-infiltrated,0.555164734316423,0.805756521503065,1.27360855506874,0.188795261963172,7.92585344962437,4.06847815602585e-27,0.5147395080069763,PASS,
1258,ANXA1,B cell,1.38141447981637,0.90502006810061,0.327099035352737,0.128592451774553,8.37668065127684,5.69662170486828e-28,0.5147135416725968,PASS,
1259,SLC6A6,EC-tip,0.126284881678169,2.26519061385002,1.51563648297674,0.843547443847456,7.21668393549638,3.4095033625313e-69,0.5147114019061406,PASS,
1260,CSGALNACT1,EC-PCV,0.364043064526486,1.52053028676116,1.65962500169956,0.604960168984256,8.48062229108765,5.082007834827369e-12,0.5147046081223516,PASS,
1261,GPR65,Mɸ4-infiltrated,1.30241028956092,1.5880679184901,1.78428657491294,0.908405092022557,7.8649607461069,5.1568443824689e-35,0.5146581851077648,PASS,
1263,FAM13A,cDC2,1.55079725327773,0.324458618072305,1.41361544699156,0.254383706159153,6.87071955362239,4.28526767386334e-10,0.5146006280149228,PASS,
1266,ADIPOR2,EC-tip,2.22233934266971,0.368538744083014,0.172687106362838,0.0291376075280191,7.76824983963038,4.97760963746383e-192,0.5145724948280378,PASS,
1267,RAPH1,EC-tip,1.96186635252452,1.25072565143843,1.4015718538622,0.789305880191999,7.46251128020139,8.42768005253171e-71,0.5145713363113809,PASS,
1270,RNF144B,B cell,1.53465566037507,0.683304322149481,0.650096918645092,0.172631844574679,8.3498632111448,1.43354706859709e-21,0.5145032074186499,PASS,
1271,FXYD6,dS2,0.935881336733694,0.81466944295633,0.621419984498744,0.0776808853393276,7.66682495748919,5.19849869325405e-50,0.5144996767193366,PASS,
1272,NAMPT,cDC2,1.87062009115612,0.477857718883303,1.34481953255024,0.385682721463577,8.01765337494773,1.38022788560861e-10,0.5144888198748901,PASS,
1276,USP53,cDC2,1.14720480888726,0.59340727671312,1.37734186041845,0.276765230992157,7.09257499394546,3.00988103293746e-06,0.5143583311260008,PASS,
1277,GCLC,cDC2,0.775925486448382,1.30927984536623,0.953256825796342,0.385201504885944,7.40413070483561,1.38857072127039e-09,0.514335872728431,PASS,
1279,SHTN1,B cell,2.40657393304374,0.33307064359048,0.0374951380329584,0.0178688234127473,8.35512251120399,2.73919994975661e-127,0.5142909458992857,PASS,
1280,SSH2,cDC2,1.56418580946496,0.56986396521807,0.927706348785752,0.222137904482592,7.18950341172621,9.52471744732553e-07,0.5142832690943169,PASS,
1282,WDR60,EC-PCV,1.7685192313854,0.898647828633262,0.905482778554627,0.42144017539863,8.16355280605271,8.15393342485551e-05,0.5142526728752063,PASS,
1283,ASAP1,EC-tip,1.76450541785326,0.986194316162985,0.884214761167296,0.455698335711218,8.06548258321305,2.30171117396033e-114,0.5142063074181932,PASS,
1284,CD226,cDC2,1.23969540822845,1.09534638080274,1.54056437601536,0.593842275360201,7.17496214517894,8.78932828834921e-07,0.5141514588745161,PASS,
1287,CELF2,Mɸ4-infiltrated,1.45300707473572,0.663329772122573,1.06155465589402,0.287168872441658,8.42876719825285,5.67319917150698e-33,0.5140996288485004,PASS,
1288,CD55,EC-tip,1.46763642457842,0.89181154435535,0.172295205501813,0.105371951678882,8.26195442837473,1.51525694285342e-81,0.5140899923310074,PASS,
1290,NFKBID,EC-aPCV,0.314899020196491,1.67465638482186,1.09347849840397,0.492437801966215,7.95719070708298,7.739956332109429e-18,0.5140708874974228,PASS,
1293,DPYSL2,B cell,2.34416005017883,0.595044247680512,1.05196141366018,0.469734111876161,8.44675677613299,4.40175182531281e-68,0.5140005755104731,PASS,
1294,PRKAG2,EC-tip,1.53400049261081,0.851125106635968,0.611420877605861,0.25097640727513,7.43272343598309,2.83191471388043e-62,0.5139543416061654,PASS,
1295,FBN1,EC-aPCV,0.506885942063503,1.54889282258919,1.45863382001058,0.602532697219715,8.08452208201617,3.65501067497123e-05,0.5139478119873754,PASS,
1302,RPS17,EC-PCV,0.0184233004171776,0.875874609848302,1.12946986699501,0.058715050666555,8.72848460211641,3.93341233128618e-12,0.5138586721234958,PASS,
1304,KLF9,Mɸ4-infiltrated,2.59269597457559,1.93335890403453,1.11375359861953,1.17370620537678,7.5647651429358,2.21077049708641e-46,0.5138285778313463,PASS,
1307,MIR99AHG,EC-tip,1.48788618619131,0.82231941370197,0.643577587186847,0.244337622655952,7.22045552374193,8.234556623976109e-42,0.5135834713609462,PASS,
1308,STARD13,dS2,0.931184119033868,0.753482273352237,0.437634783694686,0.0072007634729143,7.34088735765258,3.37166885787456e-38,0.5135548688064688,PASS,
1309,PDE4DIP,Prv-CCL19,0.148118589174518,1.28433556197579,1.39899379328737,0.378668115145568,8.44118648288025,2.19965684101991e-16,0.513530124497002,PASS,
1311,RASA4,EC-PCV,0.499046110412623,2.82548302251442,2.93259897450691,1.65443018849818,8.66498717380501,6.15777388619852e-29,0.513444246459154,PASS,
1312,KLF10,EC-PCV,0.404751408716382,1.37011695310997,1.39486036877919,0.482921570203496,8.34844206661236,5.16911670951163e-05,0.513440238043322,PASS,
1313,NEAT1,B cell,1.91869874882045,0.95184504611153,0.99101442290384,0.526514670031177,9.56015943246877,1.14584228273298e-28,0.5134317492359799,PASS,
1315,CES1,Mɸ1-LYVE1,2.3891421684949,0.282028526991869,0.539132782402534,0.175882324308127,7.3239549520997,4.64718091057638e-126,0.5133988822253907,PASS,
1316,NLRP3,cDC2,1.81030273574191,0.674763359480135,1.13363053447334,0.417552086478668,7.47487340834971,4.27507402444548e-07,0.5133762674494071,PASS,
1317,GIMAP2,Mɸ4-infiltrated,1.39529809615702,1.19780782886348,1.52910277590642,0.690167217202976,7.49820443850682,5.79213529547371e-22,0.513359143745882,PASS,
1318,FAM241A,Prv-CCL19,1.83946913007671,2.08435055752647,2.56820712590045,1.53114299420364,8.50859620419458,2.99328923034557e-19,0.5133551336402347,PASS,
1320,PPFIBP1,EC-tip,1.29934121581508,0.426723569099543,0.60899868478591,0.0040413014964495,8.15775861520358,4.68613200827063e-101,0.5133404956299515,PASS,
1322,CD38,Mɸ4-infiltrated,0.240771524796971,0.711812523037526,1.58384255318608,0.197979438001994,7.51860020915842,8.28959693718185e-35,0.5132578072346153,PASS,
1323,CCDC69,Mɸ1-LYVE1,0.897317920855497,1.31137053818659,1.85229311650817,0.728647827369751,7.38329513234639,4.29518642701579e-27,0.5131723254595745,PASS,
1324,TMIGD3,Mɸ1-LYVE1,1.95947379319645,0.321045089690296,0.282467833794277,0.0116136253872657,7.6379470618398,2.79578210730044e-70,0.5131346814608171,PASS,
1325,ADIRF,Treg,1.63950683477392,0.524439979341074,0.614121293695954,0.140113692835677,8.36365736094557,3.04757374471258e-20,0.5131311833845061,PASS,
1327,SLC1A3,Mɸ1-LYVE1,2.0907542210965,0.387994481424449,0.844865608124414,0.261354339193483,8.83048404366463,2.098128920007e-102,0.5130881198381589,PASS,
1328,RB1,Mɸ4-infiltrated,1.37547065054421,1.10125166098222,1.18960736572969,0.535920477978188,8.05255976319352,9.57450406390044e-24,0.5130837594061445,PASS,
1330,FCGR2B,Mɸ4-infiltrated,0.509305951738113,0.92076314579915,2.22836785441665,0.574609771853411,9.14821868658444,1.2787235326164e-73,0.5130130621625573,PASS,
1331,SLC46A3,Mɸ4-infiltrated,1.06578397870262,1.4398806777948,1.8551556939052,0.832956251784875,7.39197491321038,4.95367704707124e-26,0.5129979730444822,PASS,
1332,PDE7B,Treg,1.00402425425205,1.09272981486689,0.240585232008299,0.132707326307957,8.37486616187449,3.17112545654206e-10,0.5129896374989489,PASS,
1333,IRAK3,EC-tip,1.46002943077623,0.443184378002387,0.449561455191229,0.0072461950464762,7.70530674618659,2.16506745620422e-87,0.5129584754684673,PASS,
1334,DST,dS2,1.44551814075669,1.01818121005722,1.17405646881543,0.512268184229209,8.31285514607221,1.55212396548353e-53,0.5129160954350765,PASS,
1335,PROCR,Prv-CCL19,0.157606858114187,2.37641201050236,1.83585033878382,1.03518216596641,8.70215257988913,3.59345205449589e-34,0.5128768384086762,PASS,
1336,TXN,B cell,2.31850062194408,0.932707134884785,0.146904166879497,0.349142051972421,9.04585295103682,1.18624323779262e-50,0.5128316010981946,PASS,
1337,UTRN,cDC2,1.86413373129801,0.898076281084004,0.704863650750186,0.40744245464441,7.5042869635287,5.15862942751631e-11,0.5127856411497804,PASS,
1338,FAM155A,EC-PCV,0.345230853197986,1.63054001094924,1.45989564574567,0.622621505212641,8.0582545352199,1.18268616999332e-06,0.5127586202067552,PASS,
1341,PHF21A,Mɸ4-infiltrated,0.585721538317151,0.665524040487953,1.66284261451652,0.297870554660666,7.63718798320571,6.43669045599217e-41,0.5127441970926521,PASS,
1342,RIN3,cDC2,0.795670484893948,0.458081320211525,0.891791593011845,0.0011623557027563,7.45876737653625,4.20416554174166e-06,0.5127427409713297,PASS,
1343,RB1,cDC2,1.28476199737202,1.17615369257513,1.00306463821193,0.495028226602872,7.80713527201473,1.67172187713717e-10,0.5127310435427435,PASS,
1344,TPPP3,Prv-CCL19,0.35742897254308,1.65971248592205,1.92398795949691,0.78798352181774,9.13420674515293,8.543681983266189e-30,0.5127226527382627,PASS,
1345,RAPGEF3,EC-PCV,1.02246754747954,1.63426838234853,1.6631373602196,0.855939037006465,8.33047352187829,3.53289824259998e-06,0.5126885369670539,PASS,
1347,CAVIN2,EC-aPCV,1.37864156038796,0.853093645834556,0.8122565674398,0.306100638781571,9.59060174694308,0.0002510526128642,0.5126706487206646,PASS,
1348,ADGRE5,Mɸ1-LYVE1,0.141854545783147,1.14008200576809,0.948724160328116,0.181202270688815,7.90817384591413,4.868337478419561e-31,0.5126473003028309,PASS,
1352,ERN1,B cell,2.15438013566999,0.0933732791626539,0.554819205193463,0.0533499723012771,8.34417100649027,2.07453107814541e-74,0.5125470597181995,PASS,
1353,THSD7A,EC-PCV,1.79644214636415,2.40028481756778,2.25292189728824,1.57686594972717,8.45203280970745,2.59434333404771e-08,0.512474759247298,PASS,
1355,VSIR,Prv-CCL19,0.590806425448327,1.28467364558192,1.56013319239929,0.56056851676708,8.49623194223201,2.32382938854477e-15,0.5124686163550877,PASS,
1357,ATP1B1,Mɸ4-infiltrated,1.3457864549146,1.81179762341401,0.859545569883406,0.762017320693678,7.37094031210341,6.480348062585889e-28,0.512444022271182,PASS,
1359,KIT,Prv-CCL19,0.001338746020661,0.73488644047056,1.20197222376212,0.0438649098560053,8.31003451186815,5.95084343363948e-12,0.5123899403843828,PASS,
1360,ATM,Mɸ4-infiltrated,1.12958109620198,1.15597785979454,1.56276325147379,0.635191411103125,8.03504445448844,2.06763645711335e-34,0.512352647319408,PASS,
1361,ST6GALNAC1,EC-PCV,1.77889999421096,0.569814958837112,0.366487909249086,0.130973764673204,7.97355338410657,1.16566047610156e-06,0.5123462262791674,PASS,
1362,TLR5,Mɸ4-infiltrated,1.37337551603151,0.635711562296901,1.32532480491084,0.375881656426501,7.50438871381282,2.47400871297483e-22,0.5123362259311531,PASS,
1364,EZR,Prv-CCL19,2.03360227934219,1.09066124792084,1.42578414154455,0.779435194464689,8.42090157104282,7.62735073523534e-15,0.5122898031073506,PASS,
1367,NEURL1B,EC-tip,1.95569415580339,0.408708381114755,1.30791513269937,0.407272704285807,7.92997164605797,1.21581547298862e-117,0.5121810739842194,PASS,
1370,HSPB7,Prv-CCL19,0.234776340998625,1.69282263893846,1.89570190470592,0.774440498800449,8.39654348961832,8.91330569722885e-25,0.5121309371836307,PASS,
1372,VCAN,EC-aPCV,0.0492533763162831,1.64206385753584,1.57377691708528,0.60364811046594,8.10507312118158,5.03834964199759e-08,0.5120994074611893,PASS,
1374,GPR160,cDC2,1.26254969058,1.50466071852628,0.510601883767882,0.494427343680615,7.46983286312287,9.40492503546907e-16,0.5120804923912958,PASS,
1375,GRIN2A,Prv-CCL19,0.410130831002213,1.65689233546616,1.8985090508638,0.804388570257299,8.36516567267532,3.16152593240456e-23,0.5119779430685896,PASS,
1376,CD84,Treg,1.17268617942985,1.41018199706478,1.18497114149321,0.649448616732327,8.90170549108037,8.41216430268813e-07,0.5119384540808516,PASS,
1377,SORBS3,Prv-CCL19,0.0910656427292761,1.34259699646614,1.40459481721402,0.425531240353281,8.98187854432587,4.11050613139328e-25,0.5118969802952442,PASS,
1379,MT1E,Mɸ4-infiltrated,2.6697976300134,1.03871660857954,2.09764105047212,1.12556359701021,7.57589827305571,1.3096473224692e-31,0.5118589981061509,PASS,
1380,CYR61,Prv-CCL19,3.00056250734049,1.85980391355945,0.831759916467399,1.17636554944739,10.167536346179,1.10009191060547e-22,0.5118478409991343,PASS,
1383,RPS20,EC-PCV,1.05013153809173,0.956932328000662,1.02313101557801,0.365326030638499,10.03247002389,1.9273721925174e-15,0.511557022349197,PASS,
1385,CD2,B cell,1.04148824675553,0.467864096697717,0.969173093728597,0.11973540340011,8.32869226883644,2.15083602120155e-16,0.5114470225718654,PASS,
1386,ITGA5,Mɸ1-LYVE1,0.377196464540691,1.04659393029953,1.62974567621485,0.439788165120524,7.40507776397979,3.21608305887059e-38,0.511438696016978,PASS,
1387,PARP9,Mɸ4-infiltrated,1.49293952852868,0.61173213528835,1.50464439463291,0.468612043992661,7.7878253907308,1.6202120187529e-31,0.5114377765571015,PASS,
1389,BTG3,EC-tip,1.45777737664664,0.795514453669075,0.345991629170252,0.172897889725275,7.40234805973606,2.86656335555601e-60,0.511390654174558,PASS,
1390,CPM,Mɸ4-infiltrated,2.83501026779722,1.23044376445591,0.969280967804953,0.902770425619536,7.84991268316307,1.63031351376304e-53,0.5113703284732678,PASS,
1392,CEP85L,cDC2,1.02461194235789,1.38685596994819,1.24100672003165,0.632073158111595,7.10355897466397,3.99968825269093e-07,0.5113194531147112,PASS,
1393,CD151,Prv-CCL19,0.443678027952058,1.29920592513505,1.08365722162627,0.400244914439457,9.1540997979379,9.44758500067113e-17,0.5113189483012798,PASS,
1395,LMNA,EC-aPCV,0.883428503854998,1.83152832322601,1.73413382999737,0.958158496167636,9.82888342690786,1.88610470433756e-16,0.5112879633749251,PASS,
1396,TPM2,B cell,3.27314877536838,0.718336595393548,1.12119431276505,0.81946495944861,8.43810149251691,1.04220801203785e-143,0.5112805361322897,PASS,
1397,TLE1,B cell,0.845021315915776,1.0198010555561,0.82946346613856,0.287980391316009,8.50551889442053,1.58290153182381e-10,0.511267600373167,PASS,
1399,RNF115,EC-tip,1.21944709670552,0.595635409619539,0.783435788011063,0.16713719479109,7.92583964229833,7.36564540085277e-59,0.5112387546192942,PASS,
1400,HIF3A,EC-tip,1.8047541358866,0.603760532949086,0.479403110958274,0.213739323971154,7.25261236960687,5.56651504120554e-71,0.5112318029179378,PASS,
1401,NAV2,EC-tip,1.18646725911266,0.463962422081198,0.789381650773557,0.100513770151004,7.20697297898965,2.6603951958536e-33,0.5111890180096942,PASS,
1403,SRGAP2,cDC2,1.71946944908777,1.31087978294805,1.40936694184707,0.820267885693323,7.4347128832117,4.40736860335205e-07,0.5111534879387516,PASS,
1406,ITM2C,B cell,2.26777709295302,0.298961589241029,0.805990154777698,0.289890512385501,8.6628738912319,4.42902812537964e-66,0.5111262434909289,PASS,
1407,SHC1,dS2,0.421971099884507,0.829884985326285,0.658518225968989,0.044940400683466,7.42237667118581,1.37753907220539e-45,0.5110769741266098,PASS,
1408,KALRN,EC-tip,1.34868541352111,0.24278662838425,0.920446757087969,0.0814053601383993,7.4036282671932,1.18281027607593e-56,0.5110557249806068,PASS,
1409,RNF144B,Mɸ4-infiltrated,2.23179939776398,1.8312537148188,0.976877516256571,1.04271869671239,7.6076425011977,2.30503957187164e-31,0.511043406106364,PASS,
1410,MIR29B2CHG,cDC2,1.31322898337823,0.540239147583521,1.40842862068873,0.37013184535693,7.0406999557435,2.08878528782732e-07,0.5109870184839731,PASS,
1411,PAWR,Prv-CCL19,1.10205111521229,1.57334861321373,1.55852341105224,0.843619062888335,8.88547359258475,2.49262189884042e-17,0.5109360184278454,PASS,
1412,FCGR2A,cDC2,1.40145977223127,0.580769620310183,1.2373857025946,0.357347505454883,8.15948480783637,9.035109535831601e-10,0.5108943944731289,PASS,
1415,SLC38A1,cDC2,0.613993755075913,0.944843565967769,0.672565615510323,0.154975469160933,7.95043451891756,2.53509694677122e-06,0.5108451135906159,PASS,
1418,MTUS1,EC-tip,1.48709353021576,0.447829582826197,0.26832701515775,0.004896278301169,8.68237269960643,3.44231522156652e-125,0.5108093116073484,PASS,
1419,CITED2,B cell,1.17173766871691,0.754155174457157,0.663003013096676,0.199719068970754,8.3984046333664,1.10538096500219e-08,0.5108013965834844,PASS,
1420,ZEB1,dS2,1.0990485688938,1.15018492288731,1.45603263279802,0.619310930339477,8.31445399744944,8.13203179938788e-63,0.5107964136542897,PASS,
1421,H2AFY,Mɸ1-LYVE1,2.0950885448973,0.998123649243173,0.928499965440924,0.619984581305035,9.33427937837077,8.57843021015545e-143,0.5107430164545346,PASS,
1422,DICER1,Mɸ1-LYVE1,1.45387411892697,0.430156187418726,0.593160533233675,0.0955771602719108,8.48267998845541,5.8455614341268e-82,0.5107411435847667,PASS,
1425,VCAM1,EC-aPCV,1.63142337320154,2.37929648586642,1.92613324061404,1.4513791614311,8.2529864372476,1.97616207963696e-08,0.5107161103574003,PASS,
1426,CCNYL1,EC-aPCV,0.312608811953565,1.18748124204183,1.30355254425537,0.399345344548722,7.94165542740485,0.0001708220524724,0.5106981958789996,PASS,
1427,PIK3IP1,B cell,0.314020410434422,0.856494431085933,0.756887060206921,0.0712989202267384,8.63191912125415,6.07391368293178e-12,0.5106847582806209,PASS,
1428,CERS6,B cell,2.46855637893881,0.525523427213302,0.845128666089738,0.464966328271953,8.38022967308453,7.77541066826819e-69,0.5106597803331552,PASS,
1430,TPRG1,Prv-CCL19,0.570339560071133,1.42284374560812,1.6202457082201,0.671927222976497,8.34526124265219,6.654521831396081e-15,0.51062390090218,PASS,
1431,HSPA1A,Mɸ4-infiltrated,0.556956799091784,0.772738767288309,1.56828416391113,0.353432646735985,8.90011548882025,6.93475479894635e-26,0.5106133923241937,PASS,
1432,SERPINF1,B cell,3.77694154190756,0.229013205828885,1.09735198919,0.714790044254814,8.48814236948295,1.15382054184509e-230,0.5105980235844936,PASS,
1433,WEE1,B cell,0.551350976653455,0.780105761876501,0.504008586565417,0.0147339611008938,8.45827199329439,6.61518733647653e-08,0.510561926128799,PASS,
1436,NR2F2,EC-aPCV,0.189596206732013,0.803056934374713,0.755326475537121,0.0195213149089734,9.03334618237277,0.0003167526608771,0.5104999696285423,PASS,
1437,CCDC6,Treg,0.864946677647181,0.761796198181103,1.00864131391287,0.247617428088468,8.5154626685938,0.0002234582534309,0.5104468448205202,PASS,
1438,HS2ST1,Mɸ1-LYVE1,1.57178027695748,0.528913414465269,0.573543682105509,0.17066215991284,7.51165057418315,3.96450103548074e-48,0.5104140113948055,PASS,
1439,ACACB,EC-tip,2.04658490501591,0.154302491547487,0.617168882169049,0.124067432798999,7.57172668776254,8.420340325076109e-128,0.5103978500310008,PASS,
1441,NOSTRIN,EC-aPCV,1.18094805953451,0.681133444680699,0.682177351113257,0.183033592344202,9.32888386463286,1.45860485432807e-06,0.5103812559487391,PASS,
1442,VAT1,Mɸ1-LYVE1,1.99041980653935,0.567470273548575,0.461070253175925,0.254199995268659,7.99710101026907,3.91841418039955e-107,0.5103278174161695,PASS,
1444,GGNBP2,B cell,0.941293879899747,0.595060995441171,0.732650287836967,0.103401703131096,8.73637781699441,6.1345273320793e-13,0.5102876475999251,PASS,
1445,IL1RAP,cDC2,1.31410644391604,0.170389109110867,0.809531151966134,0.0205888236450441,6.97146088960517,5.91625846927028e-06,0.5102751394038397,PASS,
1447,IQCG,EC-tip,1.5340637652209,0.533425500459252,0.320662462796562,0.0866969589318877,7.28772464872679,1.11163768427525e-60,0.5101964858867986,PASS,
1448,ADAM9,EC-tip,1.53904799433334,0.699978294288631,0.801448801697907,0.319980168682573,7.41085260133482,2.80182194711635e-61,0.51019304686901,PASS,
1449,PHF3,Mɸ4-infiltrated,1.08722767371208,0.666186199818,1.15154921586935,0.308239628309858,7.84556198690036,5.12543326626784e-22,0.5101773204626064,PASS,
1452,ASGR1,Mɸ4-infiltrated,0.182298328735548,0.796783430782933,1.2328642459262,0.177455460329621,7.94310044625629,1.16195900499609e-27,0.5100717564370932,PASS,
1453,RPS10,EC-PCV,0.757168471525436,1.79618749006547,1.74913063076932,0.936639267424442,10.7510150953016,9.96100334877946e-62,0.5100667706894632,PASS,
1458,SASH1,EC-tip,1.62191633012212,0.30303373203569,0.429671021373801,0.0403736499657241,8.18266441027253,6.93915430226386e-142,0.5099891998243694,PASS,
1459,AC114760.2,cDC2,1.25419569069142,1.74217037196168,2.04139993748831,1.12377954922416,7.35511647829548,4.66141020999213e-09,0.5099622368328575,PASS,
1460,RCBTB2,cDC2,1.30208374093383,1.09803644922337,1.32130501222575,0.616570069875629,7.04921808428573,2.4704352815489e-05,0.5099550958041363,PASS,
1461,RAB3IL1,EC-tip,1.68615764282154,0.500602394822561,0.28996962372559,0.104411374215573,7.22147997224239,1.75034566971105e-66,0.5099019584503026,PASS,
1462,PREX2,EC-PCV,1.38238295998405,1.65316872234669,1.61523060524455,0.981848121893837,8.60488489169343,5.44444240460905e-06,0.5098870029400359,PASS,
1463,INSR,Mɸ1-LYVE1,1.61474372154594,0.41280816812237,0.510666083762459,0.118245016976064,7.4632651507588,2.37850802943026e-53,0.5098777712431218,PASS,
1464,FOXN2,Mɸ4-infiltrated,1.736010607727,1.78218886317901,1.48580726483302,1.08313871495597,7.60677814618311,2.33680821336315e-28,0.5098767225694517,PASS,
1465,MYO5C,EC-tip,1.15829690642537,0.412534350643853,0.828761811900702,0.110901814162265,7.85296220307191,1.73624293805184e-52,0.5098710904767962,PASS,
1468,EDNRB,Mɸ4-infiltrated,0.83519479613587,1.16720675936351,2.08890809347959,0.780344296672043,7.46988814724705,3.85517876407186e-41,0.5098404903972261,PASS,
1470,RBPJ,Treg,0.18065472003232,0.87547539009021,0.963154009831208,0.135891559261146,9.33427528073571,2.36414033313571e-09,0.509661757221883,PASS,
1472,CADPS2,EC-PCV,1.7498427455197,1.07921266650733,0.962831659479151,0.606309562961921,8.15235874079455,0.000380130517714,0.509649313124023,PASS,
1473,TIPARP,Treg,1.35455639451259,0.608795964691487,0.283671380887953,0.078814538210197,8.42836834603205,8.61061519912902e-05,0.5096382445118225,PASS,
1475,COL6A2,dS2,0.794440275588413,0.624094723033957,0.726307548989097,0.0941248308233053,9.85304821795417,1.63529099125329e-120,0.5096017026765396,PASS,
1476,NUDT16,Mɸ4-infiltrated,1.69728898006677,1.1482202051971,0.678266979923032,0.536039051786188,7.65567633231322,3.09913653655311e-21,0.5095846633821083,PASS,
1477,RPL17,EC-aPCV,0.163044830960247,0.994083605848317,1.37472801569028,0.318910381942917,9.21171386043962,3.12015485623343e-42,0.5095811848787458,PASS,
1478,JAML,B cell,2.34001253535714,0.15520061157243,1.1701227909043,0.388467402504785,8.36188955015759,3.98468881605412e-82,0.5095661779081767,PASS,
1479,NUAK1,EC-tip,1.22322278328027,0.82475173443938,0.736499782393171,0.294089434724701,8.6280046042423,2.8565734056813e-45,0.5095502359531852,PASS,
1483,IPCEF1,cDC2,1.23246505015775,1.69827114770318,0.9547467083156,0.766404486410047,7.0214015645843,1.05060821272605e-11,0.5094133046209427,PASS,
1484,LY96,Mɸ4-infiltrated,1.47320362335992,0.647341507959252,1.03287416775049,0.370583585477136,8.08264815431716,4.18566907001304e-27,0.5093546296553663,PASS,
1485,MCAM,Treg,1.15171974369863,0.235293569391738,1.30836452969853,0.191513866629681,8.44928998709813,2.17777156733214e-11,0.509342187420324,PASS,
1486,IL13RA1,cDC2,2.05437644827854,0.829851067757126,1.07693226357709,0.606328500570774,7.92916657553635,9.228026784298929e-18,0.5093318735073161,PASS,
1489,ADIRF,B cell,0.604335112217041,0.725301774632936,0.706253376989907,0.0949155503118238,8.3132105670363,3.22340170157738e-10,0.5093045636939416,PASS,
1490,IL10RA,Mɸ4-infiltrated,0.40659797713726,0.721638399281496,0.983925346481509,0.134185191722104,8.20425047242344,3.27288477753952e-22,0.5093009178312804,PASS,
1492,SLIT3,Prv-CCL19,0.567243036940765,2.07128677707584,2.0392981107,1.1183416223717,9.40864922037358,7.25561449232725e-43,0.5092764846162403,PASS,
1493,FLT3,B cell,1.96337693363226,0.175946468292813,0.500803465303131,0.101730768863379,8.32434651038343,1.68120474497e-70,0.509262445542636,PASS,
1494,MT2A,Mɸ4-infiltrated,2.98234159660643,1.80009131445781,2.53478513519659,1.71550066712236,9.59999697416282,2.14184423281667e-28,0.5092404093515818,PASS,
1496,AC020916.1,B cell,1.14785590005643,0.341286268494195,0.930108170929883,0.122379016846856,8.37104525767733,5.476697480482379e-11,0.5091940604683697,PASS,
1498,FTX,Mɸ4-infiltrated,1.36920855968173,1.45509809410365,2.39612184543011,1.14422668548181,7.90833606022752,4.42610606407148e-60,0.5091672174045768,PASS,
1500,CYSLTR1,EC-PCV,0.859376508866559,2.28111240985025,1.9405382332096,1.25285851500965,8.15516091682397,9.560799496348429e-12,0.5091380124982984,PASS,
1503,CFLAR,B cell,0.561204187506333,0.654612098202451,0.599955210985646,0.0228129225640509,8.92638519127187,1.44402768517741e-09,0.5090799020571669,PASS,
1506,C1orf162,cDC2,1.67795796043746,0.0851459159561504,0.704251936360084,0.0618432338874787,8.77077678522249,8.742216662416379e-22,0.5090372271597029,PASS,
1507,TBC1D4,B cell,0.946992189452593,0.279968080890542,0.842789204149976,0.0217516180848121,8.32609393387083,2.59550508670368e-17,0.5090202035409888,PASS,
1508,SLC38A2,Prv-CCL19,1.47056242981537,1.43974278149399,1.20735895075045,0.792508408616051,9.56589282334552,1.24654886029619e-12,0.5090181937112022,PASS,
1509,SHTN1,Mɸ4-infiltrated,1.38795793041425,1.01862406978329,1.1160173250996,0.553195455227728,8.00508730220159,1.30288834114542e-21,0.5090074819873653,PASS,
1511,TCAF2,EC-tip,1.52509830932888,0.357846141030382,0.571413908370045,0.110733270766972,7.2574703548503,1.05538115916753e-57,0.5089604107848411,PASS,
1514,JAG1,EC-tip,1.24451668316352,0.669798219734435,0.611093007012227,0.201082615020641,7.97900294194723,4.47929171854571e-45,0.5089116158611269,PASS,
1515,SGK1,EC-tip,1.56974611513907,2.03744067211086,1.8459817914147,1.28613789783198,7.95394018119462,4.297696397168069e-36,0.5088770192697515,PASS,
1516,TGFBR2,EC-tip,1.711991642649,0.469242484438161,0.630467906194728,0.227134128167902,9.22975445743634,5.80931739732714e-191,0.5088758369364119,PASS,
1517,TNFSF13B,Mɸ4-infiltrated,0.838982145612613,0.633017359044232,1.35934295300824,0.325938962612403,8.35817418613436,1.09817771491966e-29,0.5088538065055385,PASS,
1518,PRSS23,EC-tip,2.33606686320706,0.763366586815142,0.995175709386808,0.625204314847712,9.80489344809159,2.28064572733454e-202,0.5088488329957563,PASS,
1522,LRRC75A,dS2,1.36037802300141,1.0451828807361,0.338745727167399,0.317244543429919,7.62280620389733,3.72472856123431e-43,0.508734989932687,PASS,
1523,LIFR,EC-PCV,0.91712702774195,0.741433760916485,0.823257574356571,0.227000399722383,10.1794121982498,2.13028191147887e-05,0.5087293023550792,PASS,
1524,PTEN,cDC2,0.759515440551311,0.6039249022522,0.604721194397373,0.0569715345580903,8.13301942002291,1.59115653887951e-07,0.508707940349236,PASS,
1526,ARHGEF3,Mɸ4-infiltrated,1.04273341757142,1.23001142709284,1.70937765448084,0.760168594054527,7.54253868346555,1.0752865265363e-28,0.5086499404194477,PASS,
1529,SERPINH1,dS2,0.226683489490841,0.873509721089275,0.931360823641524,0.159441768156154,8.65071962196052,7.57531433080628e-87,0.5085600817767618,PASS,
1530,KCNQ1OT1,EC-PCV,1.64293798427489,0.242215356363441,0.551500120422661,0.0878201532342651,8.18938848434971,9.86256047202461e-07,0.5085599497122848,PASS,
1531,NBPF14,Mɸ1-LYVE1,1.87747978288955,1.22177351111167,0.987475591921063,0.728927490247399,7.48742073170224,3.62025747994478e-31,0.5085391278940825,PASS,
1533,CHPT1,cDC2,1.6125472421422,0.624175911158002,1.20447836219151,0.463658944339037,7.4415324494397,1.99180330495508e-09,0.5085170635148245,PASS,
1536,PDGFC,Mɸ1-LYVE1,2.27724454324114,1.06588848222306,1.00270549788165,0.757717513976341,8.10829060551268,1.97567393894887e-87,0.5084897437339768,PASS,
1538,FYB1,B cell,1.40492664390687,0.317378742300608,0.724500047251951,0.12356390695496,8.35416027237981,2.0951656592326e-21,0.5084371644186286,PASS,
1539,TAF7,EC-aPCV,0.0011872014251894,1.07678285396985,1.04974944482481,0.237995545719092,8.42787053124802,5.69055451318332e-07,0.5084334595855151,PASS,
1540,VPS13C,Mɸ4-infiltrated,1.05224676836074,0.651303128401463,0.943810829281251,0.262486996432662,8.30231595030925,5.52336477738432e-23,0.5084261458240157,PASS,
1541,GNPTAB,B cell,1.29600779838076,0.882174365740396,0.897557074923574,0.411971935632217,8.501825284062,1.81075544583193e-12,0.5083863603794634,PASS,
1542,CLNK,B cell,0.856891105086164,0.31194658346081,1.01543888391207,0.0840728722693422,8.34520463937799,2.95225470782193e-11,0.5083707950091205,PASS,
1544,ACADVL,B cell,1.05853665469656,0.518928206183301,0.553385981004218,0.0809515565255931,8.45312934909821,3.62929887053341e-12,0.5083527591778249,PASS,
1546,G0S2,B cell,0.321579119169833,0.106117267592583,1.79410702881859,0.108284118130342,8.32112367519082,7.78567547046743e-82,0.5083008021682159,PASS,
1548,SLC7A11,Mɸ1-LYVE1,0.0589984237907981,0.682682551976192,1.96099687642266,0.361748746912075,7.23114344088826,4.33274316140406e-80,0.5082975795335184,PASS,
1549,FAM110D,EC-aPCV,0.294294588222666,1.3932266361421,1.58864403261652,0.624193327657188,9.40883487905136,4.862296039862871e-15,0.5082955827151041,PASS,
1550,AC013271.1,EC-tip,1.79407269767605,0.170034705648691,0.543180864163023,0.0942038177703371,7.23901186847603,1.51525694285342e-81,0.5082664949283436,PASS,
1551,LINC01704,EC-tip,1.4380201280678,0.54624129485136,0.400338997239296,0.13731682119811,7.18014675480505,6.50424428162727e-47,0.5082511655864336,PASS,
1557,ABLIM1,EC-aPCV,2.16478696822452,1.41555477791447,1.36601522116682,1.00859283710577,8.42923479359391,8.77689875821558e-08,0.508154725407655,PASS,
1558,MARCKS,dS2,0.836815205579768,0.788958462539596,1.09531783940311,0.327502471553427,9.2598071928174,5.795593609308809e-56,0.5081453936435346,PASS,
1559,ARRDC4,Mɸ1-LYVE1,1.59912226159157,0.739912472122954,1.52505415186596,0.621074509127235,7.52295251703047,2.66152393556908e-24,0.5081316543617197,PASS,
1560,PHKB,Mɸ4-infiltrated,0.934166830016829,0.781879058416062,1.24636044272851,0.395994381209326,7.86534420098773,1.04740969606038e-22,0.5080963787480013,PASS,
1561,TAB3,dS2,0.740739862751855,1.18312321954424,0.789806160459599,0.388639422171423,7.22888668915613,2.82889723531893e-38,0.5080768000937138,PASS,
1562,TLR7,Mɸ4-infiltrated,0.550956447795261,0.807434027516681,1.6230475979056,0.435126483582169,7.50516022459762,1.44210607943121e-31,0.5080675453673468,PASS,
1563,MT-ND2,Prv-CCL19,1.22299351176399,0.811709948758528,1.09044337162439,0.430495438743515,11.7073163755603,3.95186577658825e-32,0.5080223025211241,PASS,
1564,PRUNE2,Prv-CCL19,0.224020217245911,0.858750625394841,1.37248608221506,0.30297810634379,8.28705264610629,1.39914464643787e-14,0.5079995614020313,PASS,
1565,CLEC10A,cDC2,0.372407393590867,0.722815773857528,0.606465672593335,0.0348849598497206,10.0766734960228,2.84705066427268e-10,0.5079860208297922,PASS,
1568,CREBRF,Mɸ4-infiltrated,1.26527084146943,1.03002532195694,1.66180084784959,0.719617260187948,7.74458652564232,9.71116253397472e-25,0.5079576262003362,PASS,
1569,EGR3,B cell,0.25705213042787,0.150778096063285,1.54963480700595,0.0445677165658854,8.32635592919397,4.05274094500613e-23,0.5079292090329779,PASS,
1570,SORL1,cDC2,0.890048118906034,1.25275782715524,1.71883051882437,0.749759811591048,7.42667031644306,3.72603872161484e-07,0.5079275174869369,PASS,
1571,C2,Mɸ4-infiltrated,1.79025003619208,1.29319981353173,2.22532737341187,1.13669173551076,7.46466844965217,4.3385002903614e-36,0.5079237468279524,PASS,
1572,JUND,EC-aPCV,1.32463351041718,1.27044628552114,0.8926057507225,0.602123012601103,9.52291079669613,1.43329548221049e-12,0.5079113797029591,PASS,
1573,DPF3,EC-tip,1.36967009763416,0.635709694419638,0.625535017834367,0.241195165538475,7.18323811484966,3.84021735885132e-39,0.5078828740141327,PASS,
1574,HPS5,cDC2,1.10050462014348,0.29611638492748,0.563415868275438,0.0030901159085921,7.48205808236765,6.84114059003588e-06,0.5078482130072428,PASS,
1577,HIST1H1D,B cell,1.71951897642959,1.1322672479201,1.00844152515807,0.671313160421644,8.62109009626152,8.5902015425415e-16,0.5077878676743786,PASS,
1579,CD248,dS2,0.205725226189114,0.72203810497298,1.06528484948539,0.145373892780542,8.64642992606285,6.19620557166181e-73,0.5077236733159536,PASS,
1582,CAST,cDC2,1.53832379563715,0.44461996501635,1.14114189949902,0.360711350924813,7.88314397412027,1.41140207536141e-12,0.5076782199492225,PASS,
1585,PDE7B,EC-tip,1.70957514344522,1.0200616972437,1.14035191724564,0.662449171351729,7.55872982931121,6.09976867533628e-57,0.5076330947445745,PASS,
1587,CSGALNACT1,cDC2,2.17039930120967,0.496885806704506,0.790855524917582,0.424823522145528,6.80980538807995,2.15572987654839e-08,0.5075781512336338,PASS,
1588,HGF,EC-PCV,0.100235057157158,1.19471304693981,1.16809527718988,0.369928715794499,8.04558188493191,0.0004109329634737,0.5075759003502609,PASS,
1589,LPP,Prv-CCL19,1.17408292943371,1.7397408572837,1.53568247798222,0.98414813003459,9.28880156928358,6.51741007350282e-21,0.5075728994985097,PASS,
1590,POR,Mɸ1-LYVE1,1.4180302253095,0.53930836087441,1.25938292601139,0.415283834053,7.74262817785154,4.2785586587821e-27,0.5075370847053884,PASS,
1592,SUSD2,Prv-CCL19,0.23854889659311,2.50985269481508,2.22829050664345,1.3211683244956,8.49637057177883,5.16924526002084e-40,0.5074963784929934,PASS,
1593,ARHGAP26,cDC2,1.37430758085595,0.624382091365299,1.34153520871755,0.470106028975299,7.14263153046934,1.05815785003196e-06,0.507495970053848,PASS,
1594,SPARCL1,B cell,0.38903395589974,0.745251430448978,0.987063874011213,0.180550396327684,8.33320072878372,2.33263472212045e-08,0.5074679145985906,PASS,
1595,CFH,dS2,2.29979803789465,0.579007642712086,0.826121871156016,0.50619620764345,7.07435386210489,9.46551732362002e-52,0.5074353117891591,PASS,
1596,RCN1,dS2,0.554273863873924,0.76981059699819,0.939650475886871,0.216973250940829,8.5258798543454,4.41865665882655e-75,0.5074301875827381,PASS,
1598,KIF5C,EC-tip,1.37183072413041,0.179053154739217,0.637594193039805,0.0469769082010174,7.18316939720997,9.1896614125064e-49,0.5074178059992361,PASS,
1601,TSPAN18,EC-tip,0.748948672037884,1.62449439978882,1.78893144037089,0.914558615999858,7.62090570918331,3.80918846692886e-34,0.5073663160355576,PASS,
1604,NHLRC3,Mɸ4-infiltrated,1.19043066641786,1.21519762241217,1.83526758216788,0.850858506931702,7.57327773821224,3.20145871784442e-32,0.50728646259085,PASS,
1605,LPCAT2,Mɸ4-infiltrated,1.62530096542208,1.52944299313784,1.77155823128183,1.07394607858594,8.00466546184698,2.06527498223592e-36,0.5072635471191728,PASS,
1606,PTGDS,EC-tip,0.728048205749828,3.07975569638655,1.18584144133996,1.36922262613984,7.49767771993511,1.2350773803275e-71,0.5072468494362425,PASS,
1608,GSN,B cell,1.82305381999767,0.398592580676521,0.658032416492229,0.264097059778531,8.46401173777236,3.92367143610378e-37,0.5072205060754791,PASS,
1610,FAM20A,cDC2,0.628126765403606,0.147559925546879,1.51453414580373,0.138903933199099,6.84125443845028,2.57039777400497e-11,0.5070966584769152,PASS,
1611,SLFN5,Mɸ4-infiltrated,1.11851688650723,0.425745191099542,1.39738294706341,0.344951771001834,7.74874145184442,3.12242570914883e-26,0.50709524364688,PASS,
1614,ETS1,Treg,0.876503137053056,0.999248428690075,1.0011721209402,0.424665582382477,9.7890504628588,3.96017597898301e-10,0.5070233628390378,PASS,
1616,BDKRB2,EC-PCV,0.0274764271609072,1.22823539110875,1.91869283578592,0.612472975726779,8.17528679099629,2.90979073288027e-16,0.5070181325778226,PASS,
1617,RNF24,cDC2,1.07328772096545,1.53630780485987,0.998022163349174,0.711474236725105,7.179669463801,4.77047905711594e-10,0.5070147655402412,PASS,
1623,LRIG3,EC-aPCV,0.776247300121783,1.58882909817282,1.31745984676005,0.76548025717672,7.96895710980408,6.11330280320022e-05,0.5069627039647872,PASS,
1624,C1orf54,B cell,2.00167278944142,0.223997315674394,0.262594989109344,0.107468624042765,8.3254609563318,6.83012373730804e-95,0.5069593504100368,PASS,
1625,ACTN1,EC-aPCV,1.54030867000932,1.95099930084081,1.86115538387764,1.27400702050967,8.71573197072876,2.03774692089501e-05,0.506956223410646,PASS,
1626,ZNF80,Treg,1.27377409099635,1.21269641328116,0.879271427715981,0.577738191570848,8.46546244100528,0.0013314221670199,0.5069412328634474,PASS,
1630,NDRG1,Mɸ1-LYVE1,0.190546683748009,0.671468148482907,1.70682725814769,0.337780019546307,7.41403926079252,5.48287369247661e-55,0.5068493861423774,PASS,
1631,GIMAP4,Mɸ4-infiltrated,1.63819321919521,1.14058139654579,1.75336795526385,0.90420032867769,8.06187805058436,5.235600428439549e-30,0.5068475521846567,PASS,
1633,SAMD9,Mɸ4-infiltrated,1.58339777508378,0.584176871714318,1.17875953938403,0.462656325749915,7.77833224415023,9.62265085603642e-21,0.5068447540249591,PASS,
1635,MT1X,Mɸ4-infiltrated,1.89370263056029,1.33488120946366,2.31947505741656,1.22536697053091,8.21882186255861,1.26079601490571e-22,0.5068155198204328,PASS,
1636,THADA,Treg,2.18417162466337,1.50156566227505,1.50867095878327,1.1177656362709,8.69091915944954,2.34784218172334e-06,0.506774320160396,PASS,
1638,ZDHHC20,Mɸ4-infiltrated,0.877166682021687,0.380974606250859,1.16363843884972,0.201152564601154,7.99265006516396,2.85064431166571e-27,0.506771185165677,PASS,
1639,SPARCL1,EC-tip,1.30931568933549,0.467694288785705,0.477496086793432,0.127562907549053,12.2448131426142,5.56348331372962e-210,0.5067541340574294,PASS,
1642,MPEG1,B cell,1.92753617209888,0.290627386028061,0.684632216689211,0.25821044678975,8.53920980710452,1.6138085984922e-45,0.506723488223068,PASS,
1648,CD2,cDC2,1.68485174277243,0.274198422274342,0.743412624473297,0.21417419977544,7.10365202624576,2.27368113988993e-06,0.5066353395235933,PASS,
1649,ADGRG1,EC-PCV,0.38215906454997,1.02612893228633,1.26978388196169,0.411261438789562,8.2400282150857,8.75228552581446e-05,0.5066345021947437,PASS,
1650,ITSN1,Mɸ4-infiltrated,2.07941629506501,0.984138532223512,0.859981200149184,0.663227185464652,7.40219517302576,8.63267558716602e-22,0.5066240551115445,PASS,
1651,EPB41L3,cDC2,0.788343096425809,0.722502903215131,1.70491555807535,0.506335655412275,7.30016524080718,8.55440253642138e-10,0.5066116078912141,PASS,
1655,TEX41,Prv-CCL19,0.76072935170457,1.84791298491286,1.75019103680349,1.01800919787226,8.43989812160477,8.079112851842981e-19,0.5065612497632083,PASS,
1656,TPM4,EC-tip,0.466288629686195,1.00965239421149,1.02275039233683,0.348357428610242,9.1715654979721,1.79153507064787e-36,0.5065497142181631,PASS,
1659,IFITM3,cDC2,2.35639699918885,0.244738907105928,1.65702224587137,0.645761832000613,8.50851582399137,1.27375083456061e-26,0.5064539560787243,PASS,
1661,EPS8,Mɸ4-infiltrated,1.68682020784471,1.84257837083649,1.65485765849582,1.20546966454503,7.51268011027926,8.72576227612826e-26,0.5063551566482453,PASS,
1666,CTTNBP2NL,EC-tip,1.16216467688471,0.446491940706778,0.462706782937452,0.0897667788188462,7.82997123177651,2.04652092238807e-55,0.5062389671454995,PASS,
1668,SHTN1,cDC2,1.10280638965585,0.634435607902687,1.03106498785177,0.340264778299333,7.61331948806271,1.318168937514e-05,0.506140205829903,PASS,
1669,SIRT5,Mɸ1-LYVE1,1.47545446868865,0.710874542710582,0.488793825241699,0.293016827302882,7.30912954821836,4.61204025427406e-25,0.5061276201828337,PASS,
1670,SYTL3,Treg,0.858436836960406,0.349450682363685,0.706329124723061,0.0533762518181088,8.70469830623162,0.0021053078630645,0.5061155028651971,PASS,
1671,FSCN1,B cell,0.796197561590772,0.700497173026961,1.20887954445073,0.356069057653417,8.32778257996279,1.59855325261114e-21,0.5059984789742844,PASS,
1672,DDIT4,B cell,2.03862316113743,0.860108286858122,1.05191610857292,0.669212278207079,8.85517546798822,1.62085150880503e-32,0.5059941624137471,PASS,
1673,SEC14L1,EC-tip,1.60281064493748,0.472899639263788,0.601255431926178,0.253656695614761,8.84747859336737,6.35998123107911e-167,0.5059899246767308,PASS,
1676,FBLIM1,dS2,0.353406531539692,0.795900728714529,0.51020990236507,0.0782770327050421,7.76679167838113,5.07588621471598e-48,0.5059229770392137,PASS,
1677,TNFRSF11A,Mɸ4-infiltrated,2.36091948556242,1.74408981385445,1.32990562447508,1.22432604119724,7.38972099738049,3.19197654125099e-30,0.50591127219032,PASS,
1678,EDN1,EC-aPCV,2.24641807866187,1.30714649395235,1.09398329026371,0.931837736541956,8.53251670004182,9.99812465275565e-07,0.5058762763504132,PASS,
1679,CSGALNACT1,Mɸ1-LYVE1,1.94000779302949,0.737220560205129,0.464102367771882,0.41062428424353,7.39251005354918,4.85508312856867e-64,0.5058740930369187,PASS,
1681,PDE2A,EC-tip,1.49919327270395,0.716092951532737,0.962008441727617,0.453929413804545,7.62706616033819,9.36028704840224e-53,0.5058487828419079,PASS,
1682,CAST,Mɸ1-LYVE1,1.37871130270186,0.975558295990842,1.0931039864215,0.582850273728413,8.79072746708122,2.54964010282782e-30,0.5058395630597718,PASS,
1683,EIF2AK2,Mɸ4-infiltrated,2.43127533748515,1.09708949943327,2.1617092615747,1.21037456092759,7.96627289563321,2.32832041721351e-52,0.5058326917561506,PASS,
1684,IFITM1,cDC2,2.17597696822144,0.600775637012106,0.62615861789309,0.456316976501306,6.84421053981704,5.66411771309757e-08,0.5057942157314382,PASS,
1685,GZMB,Mɸ1-LYVE1,0.171113432610273,0.673339088417685,1.26030280489892,0.2166884186482,7.20626042922824,1.6691043553081e-24,0.5057937597033733,PASS,
1686,TCEAL4,Prv-CCL19,2.04305473099566,0.640359511446108,0.735942368300474,0.477623984351349,9.62936171342274,1.26037730901513e-34,0.5057809054665292,PASS,
1689,AKAP9,Mɸ4-infiltrated,1.14480233912516,1.11063772700788,1.55669214942805,0.733987871155398,8.11993485909956,3.79425695655148e-31,0.505727350627631,PASS,
1690,TIMP2,Prv-CCL19,1.06998588097746,0.938988717310809,0.764551364886021,0.394465702491919,9.57948680942156,1.65993669621885e-11,0.5057245460806804,PASS,
1692,LGALS1,dS2,0.0735017300882085,0.604969865801629,0.88284648391565,0.0470100140357726,11.9957423721604,2.69149029343158e-157,0.5057190665736293,PASS,
1696,SELPLG,B cell,2.31489591153467,0.259917085098609,0.733334858320334,0.372251744623736,8.36241739031708,5.75654057234636e-76,0.5056217041611888,PASS,
1697,ADAMTS10,Mɸ4-infiltrated,0.182211071332955,0.24559769850576,1.1838849602746,0.0088446221835101,7.27815737896202,2.70219607590412e-21,0.505528075529486,PASS,
1699,FMN1,Mɸ1-LYVE1,1.76463379614279,0.930963958206569,0.92230177645913,0.606618493100079,7.87783110913289,1.00863657337485e-40,0.5054684733627123,PASS,
1701,BCL6,cDC2,1.92592984286244,0.922758376865841,1.08255998641362,0.690252822809429,7.16501435744989,9.22510289140318e-06,0.505452252699078,PASS,
1702,C9orf72,Mɸ1-LYVE1,0.123272766777211,0.972892754123929,1.03329394326997,0.276259707424066,7.72286674402596,1.03462814553873e-27,0.5054492324090023,PASS,
1704,TM7SF3,EC-PCV,0.593354563232805,1.55560321171377,1.3639982932674,0.748507164369434,8.1982819611618,1.16892965552997e-05,0.5054465941736805,PASS,
1705,TACC2,EC-tip,1.34696390085436,0.442337608525878,0.56156853005275,0.179119100711013,7.42129904355704,6.214412406136101e-47,0.5054432890863535,PASS,
1706,OAS1,Mɸ4-infiltrated,1.62507379309147,0.948914197092356,1.90882353532494,0.886930095657046,7.77600301273668,8.46049038195132e-37,0.5054417434094003,PASS,
1707,HIST1H1D,cDC2,1.35194645114985,1.4835946058595,0.201813581286739,0.533839956420798,7.66270692230004,1.04209346956468e-12,0.5054287706913672,PASS,
1708,RPL36A,EC-PCV,0.152656760971663,1.24849745992836,1.58841452761021,0.57828870535225,10.3099029858234,8.53374547178003e-65,0.505426956991618,PASS,
1711,SHE,Mɸ1-LYVE1,0.277884510852672,1.44248716155007,1.18870898157262,0.571203217433021,7.23068472065384,1.4415226897369e-24,0.5053926055787425,PASS,
1712,TACC1,Prv-CCL19,1.27582282194316,1.8654330182194,1.96180469129161,1.2294238498958,9.11640546791078,2.04722767543984e-26,0.5053654829958281,PASS,
1713,ABLIM1,EC-tip,1.96560014892821,0.572600031797325,0.52175919658312,0.371143560641376,8.26098364468648,1.38397552710404e-136,0.5053486436821545,PASS,
1714,CCL17,B cell,1.29181567939992,0.0243218467978794,1.34292861914639,0.223054233923995,8.32088265105687,1.85622594182552e-60,0.5053460103102149,PASS,
1717,PPP2R5C,B cell,0.859016322857797,0.858735896431953,0.820174652130648,0.335406780749314,8.66510325088909,3.74062831673142e-08,0.5052714137162868,PASS,
1718,YPEL5,B cell,0.994556336320302,0.30974204321541,0.848075628059775,0.129977294311068,8.58829089231036,6.04663334094978e-13,0.5052685890590864,PASS,
1720,SERPING1,Mɸ4-infiltrated,1.95061040245019,0.40914383388542,1.7231684220599,0.668014417279826,7.47897927232814,1.24738150875752e-42,0.505246280752966,PASS,
1722,HOXB6,EC-aPCV,0.318836420374476,1.18091785420034,1.3758053436478,0.525704190628218,7.94852266879923,1.06905590159623e-05,0.5052070026734005,PASS,
1723,ABCA6,cDC2,1.56272906255403,0.161018657608595,0.874204346442404,0.205652423745859,6.80861899011717,2.25513098265599e-06,0.5051898143270925,PASS,
1724,SP110,Mɸ4-infiltrated,0.866176441263542,0.500105616812002,1.27957070056822,0.320656412276891,7.91211417812262,1.11996553144696e-23,0.5051881330278996,PASS,
1725,DUSP8,dS2,0.355548896934656,1.2592329782854,0.0845022752679528,0.169081345749904,7.09226575794653,2.73534194909338e-62,0.505187864514401,PASS,
1726,B4GALT5,Mɸ1-LYVE1,1.46663674986001,0.489278609848429,0.5713272488084,0.236577124799605,7.49103492681116,2.34970312069035e-39,0.5051819207804601,PASS,
1727,NFIB,EC-tip,1.14241350683633,0.429786459775159,0.833443517264143,0.21620584543026,9.17401023495321,7.85989726420547e-95,0.5051562188601564,PASS,
1728,BDKRB2,EC-aPCV,0.390350234163944,2.29572266750529,2.34263418660546,1.33282030265748,8.1399319387452,6.97107900062467e-14,0.505139561599898,PASS,
1729,RRAS,Prv-CCL19,0.378463747033311,1.20892365025546,1.23616144626025,0.511364128216844,9.19874127280224,1.41697704416289e-19,0.5050828364489683,PASS,
1733,PACSIN1,B cell,2.00144628497608,0.0447916729771497,0.564253451001554,0.162256510127634,8.32593899948056,3.46066844039034e-68,0.5050494141102231,PASS,
1735,LACC1,Mɸ4-infiltrated,1.905954093913,1.59921667945892,1.62265041635065,1.16017340208351,7.5411256184598,3.83478510923989e-23,0.5049435041330737,PASS,
1737,LINC01197,EC-aPCV,0.390445876930117,1.30284718172501,1.05520712875516,0.503826254964765,7.92844075153018,6.68372753677381e-05,0.5048821806668877,PASS,
1739,TGFBR2,Mɸ4-infiltrated,1.00038678236878,0.788101092220355,1.65811309867186,0.604995413925419,8.01378997382883,2.89691077105895e-43,0.5047731790225946,PASS,
1740,ABHD12,cDC2,0.76389777046769,1.23360620538258,1.26804756905004,0.628128457710339,7.3029163074218,4.28324074858377e-07,0.5047573944530723,PASS,
1741,ITGB5,Mɸ4-infiltrated,1.55959751133297,2.08684593052481,2.64372098520075,1.6088667419211,7.57117095512739,5.55218787431845e-54,0.5047475780863475,PASS,
1744,RPL17,dS2,1.5538350552047,0.982247772966299,0.590689223894696,0.492208807637739,8.65925786593199,7.75517231320052e-89,0.5047021836908572,PASS,
1746,CCDC80,Mɸ4-infiltrated,0.161685409245593,0.45266353555711,1.3269100179167,0.159735710111431,7.28520046713495,3.48750212248308e-22,0.5046737801710566,PASS,
1748,LINC01985,EC-tip,1.21414360053278,0.390001074213634,0.484716701924525,0.117328558942153,7.16626651248643,1.60098971995339e-38,0.5046666751086432,PASS,
1749,CCL23,Mɸ1-LYVE1,1.80542277539456,0.422184975513704,0.638117744455241,0.317360939449445,7.31952871732175,2.8644075746756e-53,0.5046257246832725,PASS,
1751,AL096865.1,B cell,1.3927428465269,0.0943405296696071,0.499820103373708,0.0324133220799327,8.31420026727657,2.22202885964511e-30,0.5046183140943717,PASS,
1755,SP100,EC-tip,1.19550274657139,0.3038369702522,0.270346145410261,0.0106614949641503,7.98938448221153,8.276563425592231e-75,0.5045453041464951,PASS,
1756,EPAS1,EC-tip,1.60343821261012,0.352353408895206,0.33077519298408,0.146051300148067,9.16916050503888,1.0278009206733e-186,0.5045386415278647,PASS,
1757,ZFP36L2,Treg,1.42784954297251,0.899415088729258,0.0497313033776804,0.262714026099232,9.68630608290434,1.13480974860642e-11,0.5045004444645341,PASS,
1758,HLA-C,Prv-CCL19,0.273738409858529,0.9417691032118,1.22167571851621,0.374886302170477,10.3411357167924,9.197997358831209e-34,0.5044999315564969,PASS,
1759,DCN,EC-aPCV,2.2458462814175,0.571588447994744,0.49385383698883,0.444480389858977,7.8738903131055,3.27495589148745e-17,0.5044563978381588,PASS,
1760,HIST1H1C,cDC2,1.04397039128197,1.26563045737251,0.626990334894423,0.515642763676707,7.23461337576805,2.15491928814015e-06,0.5044465924606977,PASS,
1763,FYB1,Mɸ4-infiltrated,1.10696191772383,0.976963412443045,1.63940419758308,0.715089008076698,9.08316681247692,1.3900210779151e-52,0.5043653775415692,PASS,
1768,IL3RA,B cell,3.08154400946896,0.0142399749053994,0.883807856698928,0.512146597647663,8.42850659692839,2.02488272322244e-163,0.5042862325204074,PASS,
1769,ZYX,EC-aPCV,0.83022125219656,1.15000030409367,0.784136176454737,0.466847893938408,8.06869392778727,3.16916526317143e-06,0.5042550831692937,PASS,
1770,NQO1,EC-tip,1.50387586008267,1.18792908768932,1.68594906597892,0.916252442953637,7.47485134949842,9.384940460021731e-35,0.5042545807830416,PASS,
1771,LRRC39,Mɸ1-LYVE1,2.19488994826588,0.448425146161533,0.103257648003541,0.261960501299262,7.29756691501649,1.20492638625895e-113,0.5042223685491324,PASS,
1774,HIST1H2BG,Treg,1.3153462575873,0.20890682719065,0.487840887317974,0.0725103697461159,8.365510336392,0.0001357730509361,0.5041357716642968,PASS,
1775,TMEM123,Mɸ4-infiltrated,1.28705021189353,0.528721548350055,0.923479083352601,0.343495599055077,8.24310819612906,2.25836291330715e-23,0.5040864806983149,PASS,
1778,HERC5,Mɸ4-infiltrated,2.21013675005511,0.878263208000216,2.27439162955743,1.1248116553922,7.50921498780172,2.48225434059501e-46,0.5040491989581205,PASS,
1779,CTSC,B cell,2.9053823780218,0.0748719774814883,0.528767369656801,0.394433432949639,8.72259291229528,1.86487490166928e-117,0.5040361564589957,PASS,
1781,ABCC4,EC-tip,2.0719456225215,0.378561374498891,0.351150612469679,0.283218985487768,7.56253052195472,1.66715081791901e-129,0.5040230615761622,PASS,
1782,IGHG4,Treg,1.77901915659152,0.264392341231304,1.04450676192205,0.378553705347161,8.37345361877274,1.77741884134556e-10,0.5040116371891961,PASS,
1783,SRPX,EC-tip,1.45273303770709,0.376982922719796,0.0616978570478261,0.0507632349169254,7.20028837183056,1.21775519114381e-53,0.5039876621795921,PASS,
1785,VAMP8,Mɸ4-infiltrated,0.913082458422025,1.09634621357239,1.28338023550834,0.621779579513491,9.3987966474798,1.15947547714107e-54,0.5039242767039817,PASS,
1786,AC023590.1,B cell,1.01558871238465,0.194216678050205,0.693986148709393,0.065163872359152,8.34188244152803,1.39712683162198e-12,0.503898911104502,PASS,
1790,KIAA1551,B cell,0.848761100187923,0.974134023189026,0.746315157345713,0.390330375312473,9.12179669108056,4.79647810646828e-12,0.5038073599101266,PASS,
1793,RPS10,EC-aPCV,0.578807366594366,1.49046123355538,1.63903707872887,0.82974130632781,10.7992627697829,4.84408892830339e-49,0.5037596025782314,PASS,
1796,IGFL2,Treg,1.18143634313248,0.516901913677427,0.21773448596112,0.104527698272775,8.35062743139938,1.36722248141143e-06,0.5036986005508711,PASS,
1797,PTBP3,B cell,1.16019428550158,0.673774975842521,0.843882127697644,0.361717979389161,8.63256218848714,2.03562636013914e-10,0.5036953151075123,PASS,
1798,DDX60,Mɸ4-infiltrated,1.38705914690624,0.627353131653291,1.59806677326762,0.625379972670878,7.51176187557738,4.224916438943619e-28,0.5036469898920719,PASS,
1801,ANTXR2,B cell,1.27188850414088,0.476021138933464,0.533389160416432,0.206182780425046,8.43443696398387,6.486299006727881e-14,0.5036183197274083,PASS,
1802,TCEAL4,dS2,0.592095203909284,0.615370577057779,0.313812066079329,0.0429536347391635,9.29884012158782,5.70954394672916e-63,0.5036152477281947,PASS,
1804,KIAA1551,cDC2,1.71211819912651,1.0676711569108,1.09169852499948,0.741863566523163,7.68955762164654,1.51566951122587e-08,0.5035269724400497,PASS,
1805,MS4A4A,Mɸ4-infiltrated,2.68189347721546,1.6049768074573,1.7211004362485,1.39180133175911,8.18183475428076,8.322905849279569e-48,0.5035218378179346,PASS,
1807,MAT2A,cDC2,1.32642872228467,0.276885527438478,0.529341796755249,0.132348270005019,7.92333021779144,1.04986581291329e-06,0.5034747526026648,PASS,
1808,OGN,Prv-CCL19,3.83514981270474,0.0846765357256743,0.0393286219615613,0.472651403753488,8.35380121572166,5.996128223778151e-173,0.5034586543691263,PASS,
1809,PICALM,Prv-CCL19,1.27784993654817,1.71640038360357,1.67592064342208,1.10672886155341,8.64380216499748,2.50247390864068e-14,0.5034301263795425,PASS,
1810,TUBB6,B cell,1.13038881574974,0.460766427328264,0.331636976364644,0.109966324089333,8.35039515868049,8.55751678532525e-13,0.5033704381013101,PASS,
1811,HSF4,Mɸ1-LYVE1,1.53950229906115,0.616807608489607,0.624987856065193,0.364097261781823,7.28497940719625,1.44481965629818e-26,0.5033329973254658,PASS,
1814,SELENOW,EC-tip,0.477366249146867,0.650651946673689,0.348272541392047,0.049154160910184,9.64917788457837,1.88769648349965e-32,0.5033140204845585,PASS,
1815,NR3C1,Prv-CCL19,0.460373455772473,1.52669576073375,1.5941283382844,0.812372225576886,8.79555938923422,1.19389893416477e-20,0.5033032425620013,PASS,
1817,DAPP1,Mɸ4-infiltrated,1.34117943488758,1.51856857021747,2.1853916684988,1.1915748218008,7.65455416749832,6.44710750033811e-41,0.5032866238904079,PASS,
1820,PLXDC2,EC-tip,1.27760843160414,0.59971406761897,0.888165529672977,0.379325131399019,7.54287958140839,4.10520511927753e-33,0.503204197595553,PASS,
1821,SRGAP2,B cell,1.23641261015511,0.105148079845196,0.507286581556801,0.0348556256811091,8.37967401627041,4.73873778050098e-18,0.5031933631490184,PASS,
1823,AKAP13,cDC2,1.25134835185508,0.563707173516859,0.902332099540703,0.362127657975102,8.22930639866028,8.24516549102622e-10,0.5031836315320094,PASS,
1824,IGSF6,B cell,1.98641500318168,0.148546862218201,0.380718656131812,0.188221107817718,8.33431677587215,2.53358130350627e-72,0.5031831551064678,PASS,
1825,TFEC,Mɸ4-infiltrated,1.59056341867823,1.50391406206189,1.66491254812172,1.08618632907345,7.98971674501102,2.17224807020934e-34,0.5031669503011875,PASS,
1826,ANKRD55,Treg,0.52406127314016,0.756854102497729,0.348196909137448,0.111215504921863,8.35795411995123,0.0018065336536585,0.5031119170079593,PASS,
1827,IL31RA,EC-tip,1.19103201848997,0.375432454505363,0.13939270091136,0.0332301198059077,7.16142009897412,9.522065610992381e-44,0.5030939599589371,PASS,
1829,FNBP1L,EC-PCV,1.94549714871412,1.16102848049872,1.22945413797044,0.887021123682218,8.25997703275037,4.79720551035952e-05,0.5030262937373382,PASS,
1830,DST,B cell,1.56268621756738,0.436146961181717,0.281571001951971,0.191233035842362,8.33403243598279,1.60633302414247e-26,0.5030021003417964,PASS,
1831,GOLGA8B,EC-tip,1.54646382345445,0.956520723152033,0.777860282521749,0.568452369957064,7.35869692611537,2.2208507362627e-45,0.5030009479536722,PASS,
1832,GAB1,B cell,1.22745776270003,0.682499968521377,0.948472395907003,0.42676453740424,8.34310895719967,1.87084713314567e-08,0.5029946975875711,PASS,
1833,PSAP,B cell,1.72386609293515,0.688385301719652,0.899602039328776,0.529093067828763,8.70107607347852,1.38733949706681e-26,0.5029650061549883,PASS,
1834,CXCL2,Mɸ4-infiltrated,0.35469627413348,2.06505144445523,0.941002794941555,0.830627343476696,7.84861406048797,4.63520649401236e-23,0.5029649117985852,PASS,
1835,LSS,EC-tip,1.92124509138096,0.360081235382691,0.0912031462134716,0.182568228418505,7.30859390549192,4.28690020813977e-102,0.5029645906831884,PASS,
1837,FAM241A,EC-tip,1.03120706617084,0.411782564070321,0.526294970733528,0.134923320955265,7.94624152447499,2.86222386964196e-43,0.5029120015857929,PASS,
1841,PREPL,Prv-CCL19,0.200964543733857,1.08963000403835,1.27051201631179,0.470411662932094,8.5072174697947,3.6835123139508e-13,0.5028382494184667,PASS,
1842,VSIG4,Mɸ4-infiltrated,2.67308330797695,2.9351207374833,3.5687951565313,2.53492854243077,8.88179696057326,9.51131625321902e-109,0.5028264420428101,PASS,
1845,PDCD4,EC-tip,1.62895927461978,0.231760388683316,0.0856412270975806,0.0607821184348111,8.59345170882879,2.24039902396272e-154,0.5027944769370957,PASS,
1846,TNFRSF1B,Mɸ1-LYVE1,0.16081107422995,0.53566877600025,0.912795715704631,0.110203989333922,8.69290305456806,4.33716312365238e-31,0.5027517028652733,PASS,
1847,CELF2,B cell,0.733481427313412,0.609759073261101,0.774179291756305,0.232816169644418,8.95747066769396,1.48300277910212e-07,0.5027424334965679,PASS,
1848,SULF2,EC-PCV,0.114423891780455,1.24976492387427,1.1468958980454,0.485342773873242,8.23605644299722,1.95594431365637e-05,0.5027187981739785,PASS,
1849,DAAM2,EC-tip,1.87361911755127,0.0867972113883897,0.0540403482059888,0.0458187984933441,7.20728979549426,5.65876540691102e-100,0.5026845977331937,PASS,
1850,SMARCD3,Prv-CCL19,0.380017125292549,1.39788833916968,1.57570269155126,0.742825008021247,8.63277636949618,7.49909677695345e-18,0.5026645259063088,PASS,
1851,GGT5,EC-tip,1.49795043155853,0.349047536463751,0.202561566671091,0.121372723828428,8.0897873485853,2.56507839502958e-94,0.5026455297268922,PASS,
1852,GCLC,Mɸ4-infiltrated,1.8625902020017,1.44010786700578,0.497668058867897,0.774064596921926,7.40525802963792,2.58820242418915e-28,0.502638131724489,PASS,
1853,PTTG1IP,Mɸ4-infiltrated,0.457979227007162,0.405826509718679,0.996265207444838,0.150226497428371,8.27509006793288,3.33033830678723e-26,0.502604073887131,PASS,
1854,H3F3B,EC-PCV,0.157793096946646,0.562832886381715,0.583913152344596,0.0243181395776742,10.5451279953777,2.65896990303885e-08,0.5026016360314474,PASS,
1855,OTULINL,EC-tip,1.43539383238386,0.669752693262582,0.410487021046624,0.3125955760814,7.18481689341825,1.38646404074393e-44,0.5025954407139693,PASS,
1856,TLR4,EC-tip,1.53209135529243,0.58488778329576,0.808050010069053,0.418810492641786,7.58174834513983,3.3687722639832e-55,0.502590970842369,PASS,
1857,ARHGAP18,B cell,2.03258835073336,0.619696858249319,0.430330238452753,0.433822015907989,8.393116128457,1.91776080962096e-56,0.5025822743686456,PASS,
1858,ACTN4,Prv-CCL19,0.428880009319284,1.23778046631025,1.27131698012573,0.59315299466387,9.61609169954098,3.17868236099685e-22,0.5025700652041046,PASS,
1860,B2M,Prv-CCL19,0.174983124969353,0.686581092048561,0.701259931740827,0.119635022414081,12.5004054365665,1.15124610449085e-24,0.5025499056286685,PASS,
1862,MAP2,EC-tip,2.61079306907955,0.372062119348715,0.600621053784802,0.510967408225935,7.30110418437742,1.85434202297885e-170,0.502489712772442,PASS,
1864,GLUL,B cell,1.57644667779798,0.321521486811036,0.237218210108307,0.141649419965791,8.39626593228671,1.66859965709514e-35,0.5024692899590497,PASS,
1865,RNF217,Mɸ4-infiltrated,0.73739603016239,0.464647010526864,1.55799296713046,0.414862565016667,7.44800098731637,2.87663084900037e-30,0.5024276153147954,PASS,
1866,RPS20,Prv-CCL19,1.06118106687562,0.776284761781284,0.716420074091358,0.370558978304727,10.0595520845491,4.86582533631729e-15,0.5024014484587057,PASS,
1867,NET1,B cell,1.93716598968793,0.202453755513712,0.386236365870922,0.219472572140079,8.33705276822081,2.98546549858375e-60,0.5023731043915687,PASS,
1869,FAH,Mɸ1-LYVE1,1.75485531423793,0.729654516844953,1.23149878657512,0.668083905871365,7.45245507888472,3.30164930669853e-32,0.5022670935942591,PASS,
1870,CLIC2,B cell,1.5981199818542,0.163719954903761,0.494274028737677,0.160506318380485,8.31521087722933,1.87172101469882e-42,0.5022412863563622,PASS,
1871,OGFRL1,Mɸ4-infiltrated,1.38091795850389,0.982500598744744,1.18040088677719,0.678395075543275,8.22395047321722,5.25481502934627e-23,0.5022273638019134,PASS,
1875,FABP4,Mɸ1-LYVE1,1.41478546744877,0.271915482040931,0.099832570779016,0.0481405846401611,7.22780504836326,1.22831128142846e-50,0.5021359701779587,PASS,
1876,AL050344.1,cDC2,0.211916418391294,0.999365872014207,0.0882756501559536,0.0875142389760133,6.7932684479619,1.4188155896218e-11,0.5021306649183274,PASS,
1877,NFKBIA,EC-PCV,0.968786335249972,0.332263692377776,0.288403419174922,0.0302118261820299,9.46212024244358,0.0004281015180035,0.5021166949929927,PASS,
1880,TMOD3,EC-tip,1.16821564807859,0.294721325830369,0.289055748152655,0.0613358605345015,8.37548387276679,1.15835895967733e-91,0.5020409922717339,PASS,
1881,MEF2A,Mɸ4-infiltrated,0.590420055467609,0.45506585657032,1.01777318645697,0.220950094074179,8.23586948017975,3.21075928037994e-21,0.5020244667672269,PASS,
1884,HRH2,B cell,2.18511244999964,0.02484388357568,0.2569738443538,0.166702114892604,8.32890353771185,6.40898235113365e-95,0.5020040310539644,PASS,
1886,OTC,EC-PCV,0.185278596508179,1.18891325560603,0.699002606863372,0.353204254659531,7.98052992952707,2.07839728046327e-05,0.5019768088449755,PASS,
1887,DPYSL2,EC-tip,0.936649958339274,0.379126156132624,0.47275856577644,0.102706290606092,8.35682051343677,1.77532825120985e-55,0.5019679376991296,PASS,
1888,EIF5A2,EC-tip,1.4503007518881,0.382003890859759,0.394458343417942,0.198079994028761,7.24167889352489,3.20365061908414e-44,0.5019538620445329,PASS,
1890,DOCK9,EC-tip,1.9774452915429,0.869307647616841,0.904151258769719,0.687301796218341,8.37102657430578,4.83696249203955e-140,0.5018981013074889,PASS,
1892,OGFRL1,B cell,1.42875642961155,0.381634226883353,0.55828079822851,0.244135820760424,8.42615865847919,1.51030997326907e-17,0.5018870397281211,PASS,
1893,TMEM176B,B cell,0.779847978778036,0.381650111474705,1.03114298038405,0.239125814373242,8.3146441767028,3.96086003709478e-20,0.5018865520004091,PASS,
1894,MFSD1,Mɸ4-infiltrated,1.51483604271243,0.624284092197718,0.625683691270254,0.390664040402795,8.27744325898015,1.31476972140554e-25,0.501873795055307,PASS,
1895,ARHGAP21,EC-tip,1.17231819217641,0.715907904282014,0.627104971879615,0.353249633939198,7.53798114722404,2.48976517657669e-31,0.5018530200581331,PASS,
1896,MYB,Treg,1.07615608872488,0.744009958987086,0.515891147465852,0.309805364896299,8.36620295975103,0.0061991779353847,0.5018521975092775,PASS,
1897,AHNAK,EC-PCV,0.685824770472196,0.788869465113839,0.918281923282117,0.362272286839697,9.42876261085753,3.6208182958808e-06,0.5018449491214058,PASS,
1899,MGST2,B cell,1.98038579659588,0.0294800317285975,0.0918758709389345,0.0757313683076434,8.33319261289033,1.13831909602108e-81,0.5018230848756926,PASS,
1900,CARD8,EC-tip,0.902849787908935,0.403679609785313,0.361321187499764,0.0756531457544301,7.9230168675809,5.7760205203452e-36,0.5017922260269742,PASS,
1901,ADIPOR2,EC-PCV,1.81278826470531,0.612069600990785,0.685534391381091,0.473189428524738,8.07200467169854,2.89603472364574e-06,0.5017872716192953,PASS,
1902,FLNA,Prv-CCL19,0.0313086376207375,1.5733041865188,1.59459814527524,0.760662320301352,10.0226045787161,1.36559114416104e-42,0.5017739567414763,PASS,
1903,IDH1,Mɸ1-LYVE1,1.14950557110112,0.443608223250387,1.13130482024077,0.383468458943408,8.73376764067101,1.21241909920598e-31,0.5017715738122352,PASS,
1905,HERC2,EC-tip,0.979454886285736,0.427386043694079,0.171680011259239,0.0474095714716706,8.1209507160454,9.11849929280634e-47,0.5017263445815203,PASS,
1908,MYH9,EC-aPCV,0.609262431493053,0.948701576865364,0.989843056463602,0.439064682066537,9.25230907033334,0.0001696201069301,0.50169828017846,PASS,
1909,CORO1C,EC-tip,1.05678842800443,0.431823356453232,0.0628582972192578,0.0346229087313194,7.67403108205846,5.729341374197901e-46,0.5016980086305525,PASS,
1910,SAP30,EC-tip,1.1368769791753,0.217206388074973,0.261488923191934,0.0196084512103045,7.4986343357796,3.81747550975183e-45,0.5016881789150942,PASS,
1913,CD82,EC-PCV,1.95931235520519,0.13443486519493,0.169473807971079,0.144334497720385,7.97387185736724,8.19596929005961e-15,0.5016430138915299,PASS,
1914,N4BP2L2,Mɸ4-infiltrated,0.657775000683691,0.472518707870361,0.890772447787991,0.213708512556558,8.52745205800482,1.92396445840416e-22,0.5016273182407083,PASS,
1915,HOXA4,EC-PCV,0.188902447798854,1.13291836791885,0.812605838272122,0.372131428367205,7.98470964145999,0.0007407994251933,0.5015666860510709,PASS,
1918,CCR2,B cell,1.442140147397,0.269212441548089,0.397317075151703,0.156684549611797,8.32040108818926,1.16965571571495e-23,0.5015305390489708,PASS,
1921,MGLL,Prv-CCL19,0.0402087059411577,1.59809214445254,1.68539740963112,0.806707532888904,8.82134932513547,6.19044111961754e-28,0.5014400324297108,PASS,
1922,ITM2A,Prv-CCL19,2.31285236478242,0.0235390796640833,0.201257246689463,0.190685042893377,8.25506734443673,9.27819743764962e-37,0.501429838233843,PASS,
1923,GPR155,Treg,0.62443622230225,0.805871155772758,1.20859138248044,0.451788906180635,8.63560667581386,0.0010705685715987,0.5014180396711263,PASS,
1924,CA5A,EC-tip,1.60292906412558,0.224281680463201,0.0210228603964893,0.0625314679033636,7.19237451935141,4.99882501688582e-71,0.5014020362949424,PASS,
1925,DENND3,EC-tip,1.30070478278297,0.411937336435678,0.827297978172428,0.319567413338394,7.37474889415705,9.64785078257899e-40,0.5013978451114032,PASS,
1926,ACTG2,Prv-CCL19,1.13724451606966,3.04058186535199,2.9167327252538,2.05361559119061,9.15654985585772,1.49348486992264e-27,0.5013850437341892,PASS,
1927,TMEM176A,B cell,0.45418358451335,0.0475095311343136,0.972034080163632,0.0115122067785464,8.31492814794989,1.5388096497785e-26,0.50137903947156,PASS,
1932,TPM3,EC-tip,0.822267676465305,0.822179264236139,0.626025596132392,0.329700710957529,9.09904353131294,3.53501968084993e-51,0.5013292406837986,PASS,
1933,IDH3A,B cell,1.51744637471676,0.256636103937917,0.265374841008344,0.132997569377008,8.40172976736866,5.15098603376299e-32,0.501316150313516,PASS,
1937,ATG4A,EC-tip,1.30769135035286,0.565367600046545,0.459464147869997,0.278842101254321,7.2962969516274,1.99713671489821e-34,0.5012966690094175,PASS,
1938,ZFAT,B cell,1.95859410155269,0.311090505632002,0.553750872599461,0.345208722800811,8.3707578404474,4.14359593059546e-41,0.5012781593582574,PASS,
1939,PTPN2,B cell,0.819061699550618,0.291749141965691,0.552434827929787,0.0768440219506186,8.59814636382036,7.43946627062577e-08,0.5012705182044808,PASS,
1940,ALOX15B,Mɸ4-infiltrated,1.99502608744211,0.567801600295346,0.0638749659304927,0.317410396419411,7.28686706065085,1.37564887625388e-26,0.5012679679862321,PASS,
1941,NUDT16,Mɸ1-LYVE1,1.56447814598199,0.346955179523464,0.014673071023621,0.108284311782774,8.03933434699219,2.85996619800981e-104,0.5012670993360286,PASS,
1942,NOSTRIN,EC-tip,1.20397889631058,0.525715353798603,0.522140742678214,0.257855197877777,9.11477329067875,5.67020103167937e-89,0.5012487897851438,PASS,
1943,SPARCL1,EC-PCV,1.23063745642764,0.72710401973212,0.701807869613647,0.406671243619939,12.2954398237708,3.93316304368918e-22,0.5012089395443783,PASS,
1944,SUSD1,B cell,1.82190946997669,0.107455687500964,0.336201400891071,0.161217263250665,8.32570707661314,3.42592590074229e-55,0.5012009998462027,PASS,
1946,NBL1,EC-PCV,1.62406989188544,0.8375021827485,1.12600646194838,0.672680076605498,8.21381038713821,0.00026789838463,0.5011880016472653,PASS,
1950,COL6A3,dS2,0.0358675611678974,0.554154456146564,1.12615293500657,0.188865050008424,9.22371455325297,1.2033493891734e-52,0.5011223717091593,PASS,
1951,ADAM15,Mɸ1-LYVE1,0.259720424294219,1.52867066608519,1.01355822004723,0.63004686111208,7.50434153949127,7.480856735090859e-34,0.5010960171531543,PASS,
1952,GNS,Mɸ1-LYVE1,1.05573670154744,0.619512206768893,0.41662207098468,0.236299653928468,8.63532444430372,7.05331161090885e-38,0.5010890158131552,PASS,
1956,RAB11FIP1,B cell,1.27167836369855,0.179182515129534,0.734225950973802,0.191645260484969,8.6063665492618,3.2002618813936e-19,0.5009994232017978,PASS,
1957,RASA2,cDC2,1.51723631081902,0.403655128448037,0.922166243108272,0.40262581264338,7.05617458595681,3.72732071363887e-06,0.5009571503031566,PASS,
1958,ZBTB38,Treg,0.717667006165194,0.521042396688705,0.994623628026455,0.293811677794389,9.03072514790978,2.99319022292584e-05,0.5009450751577772,PASS,
1959,SEPT6,EC-PCV,0.426803957419102,1.19676265357801,0.783835643862516,0.457718640824292,8.15631210960281,0.0001188556028769,0.5009362376570429,PASS,
1960,THRA,Mɸ1-LYVE1,1.53087884275437,0.355294831488134,0.0452802236843786,0.120705568147076,7.42118504832954,3.08079302265454e-64,0.5009341014356907,PASS,
1961,APLP2,Mɸ1-LYVE1,0.968346461008887,0.619667627817659,0.883376019097569,0.360732165484682,9.79573302771208,1.26451522806055e-29,0.5009171449892222,PASS,
1962,ADA2,Mɸ1-LYVE1,1.58342846973055,0.481698004842716,0.180401994635961,0.229102029981425,8.81412020866656,2.08486652029891e-114,0.5008987124846493,PASS,
1963,RNF213,Mɸ4-infiltrated,1.13411771546283,0.643006895648732,1.32990509528821,0.543983945711377,8.81003913322643,1.00327581905756e-32,0.5008695793668104,PASS,
1965,TARSL2,Treg,1.4754650151714,1.07298155293612,0.908743351584506,0.681564516404521,8.47363149663222,0.0033063591244966,0.5008573893334622,PASS,
1966,AP2A2,Mɸ1-LYVE1,1.18629318519082,0.754775576930449,0.643128420620669,0.398959543105802,8.52701418480355,1.10286830672534e-25,0.5007946869735961,PASS,
1967,AL357060.1,Treg,0.910337849248437,1.32590140654609,1.39437314670848,0.810190330213291,8.57166853746028,0.0003574427323217,0.5007896024330133,PASS,
1971,CALD1,Treg,1.91325578558966,0.0677105095816888,0.276032620474661,0.15692663002899,8.40779954300093,1.19616382593007e-28,0.5007159027967546,PASS,
1973,CLEC12A,cDC2,2.53338625225288,1.19230343267168,2.2809200468172,1.38867191163787,7.33241466306986,1.38824496878761e-15,0.5006852476948481,PASS,
1975,CXCL3,Mɸ4-infiltrated,0.479201582656943,2.70209739636883,1.81518460565035,1.43691943388731,7.88707150762962,7.73346780241409e-30,0.5006400908498049,PASS,
1976,SHMT1,Mɸ1-LYVE1,1.21802524949904,0.563375253339455,0.27164353782542,0.214444470419545,7.55605327053481,1.48305925082487e-29,0.500637231148984,PASS,
1978,EPHA1-AS1,EC-tip,1.32749306849222,0.303226708765139,0.353668639991712,0.151558706617381,7.23919771315266,3.70194426813779e-38,0.5006187943168086,PASS,
1980,RAB32,B cell,1.7256218316878,0.115924423582144,0.0526445799927874,0.070706132778854,8.31912786985459,4.69638752689455e-73,0.5005908218109081,PASS,
1983,IFNGR1,EC-aPCV,0.741638204359063,0.647645494876535,0.406653830066541,0.184902379446198,8.48576925706372,0.0002784035063007,0.500566231069706,PASS,
1986,AC025423.4,Mɸ1-LYVE1,1.86420018711638,0.43661499729,0.422344244392281,0.353590989812196,7.27735987612118,1.58399135942353e-56,0.5005336949244683,PASS,
1988,RPS10,Prv-CCL19,0.235231397426168,0.719360938191965,0.693760939810732,0.188383121397011,10.4941075100196,5.48016064694492e-17,0.5005158129126356,PASS,
1990,IRF2,Mɸ4-infiltrated,1.30327536341191,0.985974221299266,1.41375195786333,0.763348128912676,7.72162731056738,8.69212675470106e-22,0.5004745273551908,PASS,
1992,SCAMP5,B cell,1.49179503609379,0.0460433050308666,0.204502498885049,0.0360861444466451,8.30553044685873,1.94499830732473e-43,0.5004529925947888,PASS,
1993,SDCCAG8,Mɸ4-infiltrated,0.830207612346483,0.640194419106969,1.22202828799512,0.449240956851306,7.93483259502318,8.428367674959749e-22,0.5004482931677897,PASS,
1994,JAK1,Mɸ1-LYVE1,1.33622923687167,0.652289982512445,0.431552887341961,0.331934879324677,8.41141865917056,2.14683791342092e-64,0.5004384379047437,PASS,
1995,MEG3,cDC2,1.90624257843763,0.295018822292903,0.756143662515421,0.40422984636566,6.78193788866596,3.14580642979547e-08,0.5004273357042464,PASS,
1997,PNISR,Mɸ4-infiltrated,0.561793323130618,0.617557564676628,1.10912220458826,0.345660180247744,8.65675738200309,8.676035976752799e-35,0.5003959390776057,PASS,
2000,AC007952.4,B cell,1.72905516523663,0.744124768286139,0.613468702414035,0.517688900215819,8.44720777140917,1.48701800886349e-20,0.5003184308128739,PASS,
2002,RNF19A,Treg,1.09888206942886,0.782201091886973,0.585037364939574,0.383087564911035,9.0167108932253,0.0071021887867974,0.5003049126718326,PASS,
2003,CEP295,Treg,1.19108477012708,0.949269731696935,1.07788229569719,0.624227497123418,8.41825627827982,0.0064044258926001,0.5003025430147665,PASS,
2004,CTSB,B cell,1.71500233371609,0.209677652058216,0.736086555607743,0.320599817416451,8.57860597359409,8.166963271442621e-35,0.5002932254944943,PASS,
2005,RPL36A,EC-tip,0.0737183021848887,0.823335606956177,0.801174622946834,0.233707011767303,9.31035998604387,7.68095154608244e-44,0.5002892353741636,PASS,
2006,CYSLTR1,Treg,1.01871307546183,0.958823089410531,0.453084463703565,0.402006076825393,8.46619312610818,0.0001896850655719,0.500289231045329,PASS,
2008,CCDC152,Mɸ1-LYVE1,2.05948619039065,0.804241883984573,0.317141996942238,0.530794141959539,7.41073451517539,4.6598969120348e-73,0.5002544262189135,PASS,
2009,CDV3,Treg,0.659716638844934,0.731040418475329,0.705948639010629,0.299585750185983,9.22587886892224,0.0002746499904796,0.5002119328507683,PASS,
2010,AL357060.1,EC-tip,2.81849116980886,0.176058819100866,0.114694971300137,0.37113932073585,7.38965111662186,3.30945808872468e-230,0.5002108151757766,PASS,
2014,PTPRM,EC-tip,0.913605936681707,0.153253904724276,0.545330625422775,0.0599552014632247,7.93062081214616,1.08534774110117e-38,0.5001722982534839,PASS,
2017,COTL1,EC-aPCV,0.275050518998305,1.59418161374269,1.45319196846086,0.81087986903826,8.3714096587839,4.2125183408187e-10,0.5001424128433559,PASS,
2018,SRGAP1,Mɸ4-infiltrated,2.20827405097064,1.07441600712411,1.27271103632246,0.970047480705988,7.4492717854224,1.73641944674203e-23,0.5001305413532002,PASS,
2019,SPTLC2,Mɸ1-LYVE1,1.94859960540409,1.47476367642522,1.16866177744311,1.05305718572891,7.90160729763244,7.49777904869266e-32,0.5001287890264106,PASS,
2020,UGP2,Prv-CCL19,0.438708830073026,1.14847447125904,1.14643105294642,0.56420377204429,8.80831364826867,1.2938460546309e-11,0.5000985592942787,PASS,
2021,LINC01943,Treg,0.440973838125804,1.16556074779232,1.04855957004097,0.542977880677356,8.93652776853146,0.0001592953227373,0.5000866799828694,PASS,
2022,RTKN2,Treg,2.76383188580287,2.12024293860927,2.6770628625994,1.96901451087759,9.34157148920131,5.233898572555e-10,0.5000847582703626,PASS,
2024,IFITM3,Mɸ4-infiltrated,2.75561352223441,0.0903410423171291,0.710904297718584,0.501402412339911,8.71162305961408,1.55482097025273e-70,0.5000739038934158,PASS,
2026,OAS2,Mɸ4-infiltrated,2.14241103473575,0.498423205024496,1.53157429143954,0.785738700915481,7.64342170025692,9.46753397611135e-35,0.5000250874006256,PASS,
2030,MDFIC,B cell,1.3062676209901,0.330544285212612,0.390307163543537,0.182629644539432,8.52352858543407,6.62023700945383e-20,0.5000000072738564,PASS,
2032,FBLN5,Mɸ1-LYVE1,1.6773544860735,0.190364538832339,0.130170656210999,0.129922640688697,7.24739212867998,2.66053431454484e-67,0.49991631738946046,PASS,
2034,GMNN,EC-PCV,1.81587077194837,0.220168414372071,0.340248700286823,0.237527203178426,8.00565265574784,2.33812478818613e-08,0.49989103299642534,PASS,
2035,TLR6,Mɸ4-infiltrated,0.272022412916832,0.206007956958669,1.20222641065996,0.140523493553922,7.62349340735738,3.22299961177684e-26,0.4998887773065647,PASS,
2036,MFSD1,Mɸ1-LYVE1,1.13977250547599,0.37486696235992,0.354432630177354,0.155734065322883,9.16169424219414,8.30107718603774e-72,0.49988738473625494,PASS,
2039,KCTD12,B cell,1.84372627377219,0.266322132648188,0.38575775874848,0.277565365827945,8.3453981683529,9.76420530370891e-48,0.499880915536382,PASS,
2041,RPL13A,EC-PCV,0.468471690833118,0.518254403334962,0.623865823744561,0.148070697409983,11.0050118500459,3.78772564487555e-13,0.49981294358077544,PASS,
2043,CFP,B cell,0.851146978002945,0.305198734767897,0.527552865353969,0.114186943932955,8.30379133041333,3.70980297106789e-13,0.49979747088044946,PASS,
2045,HCLS1,cDC2,1.03336437158424,0.401618642387469,0.44571682486942,0.172549971582562,8.61721031384742,9.65399360755821e-10,0.49979193655576226,PASS,
2046,TXN,Mɸ1-LYVE1,1.27249011396669,0.480133020908116,0.669808770787339,0.329026129578688,8.70977141523732,4.42330892762166e-38,0.4997134662937093,PASS,
2048,PTGER1,Prv-CCL19,0.694411962508653,1.75983811647723,1.64135397080379,1.04084263604781,8.36840897908226,3.83703497027479e-15,0.4997006128457237,PASS,
2049,LMNA,dS2,0.189332694196768,0.542948434438002,0.543855937124155,0.0742954066564613,8.48855580189358,1.30631331272179e-36,0.499694062218634,PASS,
2051,CCDC6,B cell,1.13167072287108,0.50382820272299,0.45584066791613,0.244517244779324,8.48118717297101,3.35983134157863e-10,0.49966171946108634,PASS,
2052,MAP1LC3B,EC-PCV,2.10206851307084,0.299819529211259,0.386015769071935,0.355095835036013,8.52569432925419,5.22669276035004e-27,0.4996521968614702,PASS,
2053,BCL6,Treg,0.923195647408583,0.997878165533866,0.417483504540593,0.398990600680566,8.40014151255649,0.0031443691696352,0.4996518792279744,PASS,
2056,UBC,EC-PCV,0.970539949747367,0.272063032181511,0.328369745501851,0.0729894687793519,10.3995768356811,1.04986079502872e-12,0.49953519492844956,PASS,
2057,CNN3,EC-tip,1.12665248019948,0.153601191494941,0.358193964229355,0.06637084321156,9.05100181359514,1.34554947502484e-111,0.49952472644491264,PASS,
2061,S100A11,EC-PCV,0.090038347913043,0.647709779993512,0.493531570419008,0.0866942761753127,9.42747587260694,1.55351368533012e-05,0.49947527641293266,PASS,
2062,CSRP2,EC-PCV,0.672810083919568,1.66388382834621,1.63065867766226,0.995079640216916,8.24261814905553,2.98368110573409e-05,0.4994722728447051,PASS,
2064,EHD4,EC-aPCV,1.12153533948304,0.341303761592055,0.392171287307594,0.157589229846386,8.70667911198634,8.99548419174185e-07,0.49945439525769464,PASS,
2065,CDC42,EC-PCV,0.771785448533271,0.927235254276938,0.727043458223307,0.431088955853932,9.0726858337171,4.4243230577967e-05,0.4994344463757931,PASS,
2068,IGHG4,B cell,1.41234887563596,0.779796242578372,1.30775958203155,0.686850043244006,8.43956502665138,1.3376536731363e-08,0.4993576056934311,PASS,
2073,PAIP1,B cell,0.933566215561808,0.162561217493641,0.436077361503703,0.0555546660948922,8.42355112663347,1.97848423546509e-10,0.4992675527635738,PASS,
2074,CSTA,B cell,0.696792152779636,0.021443075606812,0.887381152431901,0.0766800897123604,8.30133075480901,1.55125745741469e-35,0.4992449509109827,PASS,
2075,PARP14,Mɸ4-infiltrated,1.86118866085611,0.870805238411446,1.79957049694453,0.976915138237337,8.39198299707811,5.25750083737858e-48,0.499184983314007,PASS,
2076,POLR2L,Mɸ1-LYVE1,0.764783295450338,0.577722623060092,0.117813737554269,0.103375103653855,8.59709791769635,1.43765988505155e-24,0.4991566001825859,PASS,
2077,MOB1B,B cell,1.333711608174,0.206219058172397,0.13504351485812,0.0783460458020291,8.34422807043896,2.20232233587266e-17,0.49910033912013463,PASS,
2079,ZBTB20,Mɸ4-infiltrated,0.528609842148127,0.376314860272053,1.32713276929512,0.325747667757177,7.6629251906334,2.7179325282804e-21,0.4990715690801178,PASS,
2081,CD46,Mɸ4-infiltrated,0.930256803730248,0.709271414882521,1.19339524188971,0.519618077890277,8.04036852174215,1.03430834444409e-22,0.4990419232507214,PASS,
2082,UNG,EC-tip,1.30638838626405,0.176459415577,0.0585848130890806,0.0380729605320749,7.44791964907755,1.03924053436796e-62,0.49903785931020767,PASS,
2085,PALMD,EC-tip,0.965177718138928,0.34438799746961,0.134541590605499,0.0565845684334645,9.45188221451108,3.19869646138251e-83,0.49900709178553915,PASS,
2086,TPM3,EC-PCV,0.523158284660411,0.913338432590627,0.807837804857758,0.401597850349495,9.37691776661372,5.40700443098759e-05,0.49900168371782333,PASS,
2087,MED13L,B cell,1.15908148193925,0.476877338651541,0.585917571268237,0.291444386467057,8.49599628234903,2.1773714310952e-09,0.498995583551777,PASS,
2089,NADK,B cell,1.3358454130505,0.410856893966531,0.654011918124401,0.323869565088202,8.38542504589386,4.14438565595704e-15,0.498959894726736,PASS,
2092,SLC15A4,B cell,1.21600505054768,0.048848791962,0.528975711138683,0.105130996131449,8.50060547911922,3.17298040937142e-20,0.49893788971795205,PASS,
2094,RRBP1,B cell,1.84816204545044,0.0684671597751444,0.732298578133103,0.316382787297304,8.4573557241357,6.13699252685718e-48,0.4989264356543457,PASS,
2095,TTC9,Mɸ1-LYVE1,1.32226901640512,0.213417025696387,0.301930734657037,0.132641038623009,7.22506615156841,1.02068574814942e-34,0.49890737959974085,PASS,
2098,SLA,Treg,1.01624154569859,0.511782419209259,0.55069733558754,0.266579448971623,9.28731864088339,0.0059867284750021,0.49885955099315926,PASS,
2099,CD302,cDC2,1.64193509680485,0.393703165457087,0.744012333978634,0.414202125400899,7.73348750742694,6.279652093800459e-11,0.49885438232775503,PASS,
2100,CST3,dS2,0.352017205632979,0.275813207160258,0.823168038054973,0.0978494113084301,9.63424994648496,7.66400510691244e-41,0.49884065455603677,PASS,
2102,IGHG4,cDC2,2.10074874750015,0.174378814448195,0.959634431394889,0.488332365258004,6.7834385011857,5.08806768261904e-12,0.4988176165942906,PASS,
2104,SH3PXD2B,Mɸ1-LYVE1,1.87908973406329,0.271166872012495,0.801626183780853,0.433151425953521,7.45966684274685,8.73418141158976e-67,0.4988054073527862,PASS,
2105,PLEKHH2,dS2,2.12966110137092,1.10684041931344,0.94276772293509,0.889683223779308,8.2991672564674,1.71681925391313e-46,0.4988019781045261,PASS,
2106,NKTR,EC-aPCV,1.59141219539502,1.23574610175116,0.911986714148609,0.814962200367079,8.83844300814946,3.92615054119836e-12,0.4987852129001068,PASS,
2107,HIST2H2AC,cDC2,0.819534560001995,1.20985800987123,0.458773430084743,0.495718585296711,7.25169012776714,1.54794031858121e-08,0.4987812579567223,PASS,
2108,MTMR10,EC-tip,1.47302287120494,0.513708592522357,0.201120760432655,0.267793217880191,7.4340664439596,1.23387976055316e-51,0.49877963050691354,PASS,
2109,NCF4,cDC2,0.610959891866298,1.05553424393224,0.643968536028249,0.437849514179633,7.60961386276319,1.14042293464999e-07,0.4987782941659324,PASS,
2112,ETS1,EC-tip,1.14931875936717,0.387994359790577,0.570499459660012,0.251552450850767,8.69820476483519,2.68206968868915e-60,0.4987517711394897,PASS,
2113,PEG3,cDC2,1.57280509087602,0.0227619794483346,0.199682174848727,0.080421400630213,6.75639453172685,6.99642735800068e-08,0.4987488092871994,PASS,
2115,ITGA6,Mɸ4-infiltrated,0.231712390508509,0.496240033680284,1.5398867621034,0.380594717028086,7.48216795325276,9.79280903145396e-27,0.498729198149197,PASS,
2117,SMPD3,B cell,2.57580599347134,0.118038907226972,0.487005769480142,0.432631287217172,8.35951630384586,9.847541038886391e-105,0.4987171739729396,PASS,
2118,NUP214,cDC2,1.35944899473242,0.0592160090619452,0.830701578565581,0.236617160258355,7.19159855084703,3.59838427572135e-09,0.49869258721710363,PASS,
2119,SGK1,EC-aPCV,1.71822932920921,1.65991547869598,1.20293975804835,1.11397069920193,8.17739232921735,4.12247151021241e-09,0.4986675502357573,PASS,
2121,SEPT10,EC-tip,0.998779532230451,0.558017263935714,0.555495879172918,0.288146800129084,7.8764387465865,3.76894685195704e-35,0.49864836376343985,PASS,
2122,BRI3,B cell,1.70444934203215,0.217477096204035,0.423118866119947,0.261990700252082,8.59137478678421,2.40944847018692e-41,0.49863183172764997,PASS,
2125,FBXO32,Treg,1.25139857624161,0.803258863018539,0.812555523086554,0.528146448193403,8.42544750988656,0.0064037990512226,0.4985387234087677,PASS,
2126,SSR3,B cell,1.25868416954424,0.0038072161249241,0.359245794152993,0.0539171347597492,8.58540096897853,5.61102329230429e-27,0.49853150579063565,PASS,
2129,IFI16,Mɸ4-infiltrated,1.95031367146969,0.966947004310719,1.20371027422736,0.872814248290509,8.51508651799697,6.91195513424019e-38,0.4984542251402598,PASS,
2130,GALNT2,Mɸ1-LYVE1,1.33993795157653,0.362595324222688,0.772453248338512,0.349460375802624,7.60353101523596,2.73736708249903e-29,0.49845067121646397,PASS,
2133,H3F3B,EC-aPCV,0.373534273529067,0.808435319121303,0.832444085042675,0.342822469748485,10.6862214238259,1.06390646900757e-08,0.4983703201338862,PASS,
2134,CCDC50,B cell,1.65971847016758,0.503131583697653,0.440018200685448,0.384402274853067,8.95962349085576,6.175739589091e-31,0.4983619353186877,PASS,
2135,UBC,dS2,0.543340379608911,0.928365314883613,0.168149308018696,0.23611705282592,10.1281861730562,2.91226407031848e-134,0.4983288477338079,PASS,
2136,CD302,B cell,1.20877150536107,0.107214100954092,0.148692588551526,0.029061613249774,8.31366763804916,1.01350898460932e-26,0.49832447200959296,PASS,
2137,REL,cDC2,0.691089844372377,0.645616721351085,1.00382769636868,0.3965026869147,8.75016309324955,7.01672321301222e-07,0.49830048069242133,PASS,
2138,TUBA1C,B cell,1.27753565081422,0.0722678795362896,0.335860786620632,0.085600474159329,8.40270744582408,1.63138845218753e-26,0.4982934733525865,PASS,
2139,APP,B cell,1.98304073300448,0.23597343997691,0.440120035574801,0.344743068741579,8.50486058446512,8.064035209623271e-52,0.4982733089550727,PASS,
2140,CD36,B cell,2.21926889994543,0.183037382141664,0.5097634942367,0.39584405158257,8.33978285880446,5.50073421998472e-70,0.4982713213815919,PASS,
2141,DIO3OS,EC-tip,1.43403960544044,0.280515871940078,0.037877906158628,0.121755246576825,7.1814806706217,3.81489409803447e-50,0.49827047967217475,PASS,
2142,CASP3,Mɸ1-LYVE1,1.6643810124118,0.511355767537077,0.540131687077969,0.42073371963136,7.57593503169966,1.00690181777608e-59,0.4982531167935802,PASS,
2143,MCC,EC-tip,1.63629484333491,0.910974094802112,0.720882798630703,0.639381231307893,7.42561226369145,5.39838344644118e-52,0.4982089942789051,PASS,
2145,ZCCHC12,Treg,0.20016753054563,0.63599984993944,0.173059714736196,0.0388150795418921,8.34771785235432,0.000471304736716,0.4982050615799705,PASS,
2146,SNHG8,Treg,0.892569230997336,0.806919563454492,0.179899713823779,0.268446814457172,8.90699128474153,1.73170990603598e-06,0.49820182145765607,PASS,
2147,GIMAP6,Mɸ4-infiltrated,2.44015586340531,1.39593521245424,2.07310286397771,1.42918086207186,7.48097531284565,3.14215583303952e-37,0.49820039703446795,PASS,
2149,UTRN,B cell,1.19367274280939,0.911252143292154,0.96205656988149,0.612811035918388,8.72286799663719,8.02551339068422e-08,0.49815116574291674,PASS,
2150,ARHGAP10,B cell,0.917490260292006,0.331242969845976,0.229775728783679,0.0872746644350257,8.30105254859154,4.90540069736639e-08,0.4981425516705115,PASS,
2151,MIR29B2CHG,Mɸ4-infiltrated,1.03913254360494,1.69103419839002,1.92853476684955,1.19877743644267,7.56294873215348,2.55946529922954e-31,0.49813532871711363,PASS,
2155,USP12,EC-tip,1.07370115678837,0.415408002121739,0.277035277090475,0.173024725663044,7.54267137523512,6.17622354179482e-34,0.49809347157310957,PASS,
2156,PDCD4,EC-PCV,1.76930284672226,0.282099770007779,0.260838414574291,0.267760968042773,8.57213022624687,3.10855040230084e-19,0.4980622506798025,PASS,
2157,MYCBP2,Prv-CCL19,0.32195967794055,1.06456024025177,1.30743499625417,0.587418079362029,8.74295104579302,1.90875289746932e-13,0.49805516354806145,PASS,
2158,MHENCR,B cell,0.09934738246216,0.902067909873525,0.626401576278371,0.267565766746765,8.48638508215687,8.679887303866271e-09,0.4980211072311462,PASS,
2159,ZNF462,EC-tip,1.48412894022966,0.869541639948498,0.928278695669616,0.652977423425167,7.53126031178594,1.63634100138467e-38,0.497988500963305,PASS,
2160,SH3BP5,EC-PCV,0.512034687795058,0.883814133916164,0.847695032144225,0.417920717494057,9.1870198581164,0.0001255735232851,0.49798745321798327,PASS,
2161,CSF1R,Mɸ4-infiltrated,0.537641522918323,0.356860539368998,1.01443971287148,0.24879546968289,9.0428054513276,1.18875688781094e-37,0.49797463866729763,PASS,
2162,ELOC,EC-PCV,0.724444161005354,0.951139790443945,0.541366079994019,0.403771809975954,8.4678530207698,0.0001221465454316,0.49797212098983545,PASS,
2164,UGP2,Treg,0.839968785172583,0.632179920929656,0.954067570907271,0.416820199669018,9.43449331921172,0.0012409951707989,0.4979128699871476,PASS,
2165,SRGN,Treg,0.210206984560921,0.346160237056776,0.58145892828233,0.0456967216841148,10.8726687260489,5.97161581033436e-05,0.4978662693138562,PASS,
2166,TAOK3,Mɸ4-infiltrated,0.766615422808804,0.837756344351204,1.08581397289853,0.529049173336056,8.31558006857019,8.41324136615339e-25,0.49780138691618087,PASS,
2167,AC245297.3,Mɸ4-infiltrated,0.495323408035623,0.982088749527749,1.63211928845405,0.691720641993345,7.65030070994235,1.21649841026562e-30,0.4978001641255603,PASS,
2168,AC025164.1,Treg,1.48034363197203,0.583959645943446,0.668796725442013,0.457266624533138,8.63695796190537,0.009637169016222,0.49779871299073625,PASS,
2170,NRP1,B cell,1.37717473226748,0.0440416052390017,0.339686592881027,0.108535452963581,8.31160139034985,3.08553222842474e-29,0.49776038040823867,PASS,
2171,PTPRM,EC-PCV,0.876500187996814,1.25114849217417,1.27515464855472,0.786680734715578,8.50439720595967,0.0006606390512068,0.4977508924376848,PASS,
2175,MEF2C,cDC2,0.895431679941421,0.477875647156674,1.11152091696799,0.414582978696295,8.25867346171451,8.576959161128121e-09,0.4976804493226694,PASS,
2176,IRF4,cDC2,1.60413048634481,0.335757794775057,0.0650026845213458,0.203923616747623,7.14705962023032,1.80737380404225e-06,0.4976747038255268,PASS,
2177,IFNAR2,Mɸ4-infiltrated,0.281421839269891,0.841832900521131,1.31246169215445,0.492087421658075,7.79027807704611,1.28766515742409e-25,0.49767122439918166,PASS,
2178,TBC1D16,Mɸ1-LYVE1,1.80887484291046,0.602155914557644,0.766784527739264,0.570388711135777,7.37368820000089,1.03958182872463e-43,0.4976403114737576,PASS,
2179,CLEC7A,Treg,0.361751859337171,0.389283535614951,1.4093969866784,0.347504971092942,8.58503442815689,1.61986184005696e-12,0.49760795948267844,PASS,
2181,IFITM3,EC-PCV,0.448590453725161,0.633290078801733,0.380411056032326,0.167903572036225,10.8214858427253,6.52408252971117e-13,0.49756230570579146,PASS,
2182,NR4A3,dS2,0.0691643323779858,0.725752670687451,0.0315859882223374,0.0206671214661895,7.02467895532581,4.808264818044541e-46,0.49754499377703754,PASS,
2183,MORC4,EC-tip,1.24810382340053,0.0847994231958611,0.166267989329503,0.05099906156701,7.30278058961637,6.18574342109389e-45,0.49753032470299663,PASS,
2184,HNMT,Mɸ4-infiltrated,1.03867274026396,1.10426504222241,1.44054987033921,0.813686886780069,8.24536574564644,2.06662063263268e-34,0.49748878872813723,PASS,
2185,MYO5A,Mɸ1-LYVE1,2.10169702469167,1.07187763409991,1.27684360302493,0.989227884401949,8.47141001874751,4.44261366989453e-68,0.4974872113066788,PASS,
2186,TLR8,Mɸ4-infiltrated,1.05976571927568,1.1708760529898,1.69512013142645,0.922267162820816,7.56235435498991,8.99576711448665e-25,0.4974784166644902,PASS,
2188,CCDC112,Mɸ4-infiltrated,2.14840355592967,1.6805068618692,2.6633213045519,1.67140731753051,7.56717340247607,9.82713496734388e-59,0.4974571980504415,PASS,
2190,GABPB1-AS1,cDC2,1.56570704206398,1.44285957092706,0.836332145304516,0.898495437058042,7.76163141325189,2.69149119978561e-12,0.49740656530247973,PASS,
2194,XAF1,Mɸ4-infiltrated,2.1531605534421,0.57334353619455,1.87627507197555,0.967763263158554,8.11659628464396,3.52899946112225e-46,0.4973801314567594,PASS,
2196,DPP4,B cell,0.851493288695746,0.178788618165703,0.240139546790638,0.0279046872642103,8.29633967936266,8.42197936279875e-17,0.4973635355253405,PASS,
2198,RNF4,EC-tip,1.78948570402011,0.245531113769094,0.060218648683487,0.213238766265919,7.54881874002619,4.20872767763623e-108,0.49731219486990197,PASS,
2200,HSPA1B,Treg,1.46850730667602,0.439275126451715,0.809305638519618,0.444261161427885,8.39028100340989,3.05339291918595e-05,0.49729573887976153,PASS,
2202,AC114760.2,Treg,0.706190224618079,0.874319416058638,1.1413485608165,0.557290637305664,8.80895960029862,0.0064161047645433,0.4972738510773485,PASS,
2204,NCOA7,B cell,1.36529981058702,0.485337871004273,0.413828518706057,0.325368941579632,8.52640070811028,6.6952563593644e-17,0.49724892725948533,PASS,
2206,EIF2AK4,B cell,1.38596985448299,0.141434548965083,0.234123391075551,0.132132791524738,8.38943742945593,1.34159404389586e-23,0.49722788136178164,PASS,
2210,TWIST1,Treg,1.38666554220416,0.304538124233922,0.228579911901675,0.201525946161103,8.34778622299433,3.72851992285429e-05,0.49713693338910564,PASS,
2211,DSTN,B cell,2.04420440118305,0.299801096319405,0.473064674399788,0.419093109923711,8.4950595724643,4.07384966403815e-59,0.4970723121376053,PASS,
2213,MPDZ,EC-tip,1.04826717704394,0.431572357500736,0.492711362378984,0.260043518749868,7.74776002326858,1.0366824546385e-32,0.49701248214425675,PASS,
2214,VCAM1,EC-PCV,0.516636334745539,2.19014371767097,1.50372742514083,1.18687752764081,8.24393092525171,1.2734717851652e-10,0.4970010444277273,PASS,
2217,APLP2,cDC2,0.736385317109974,0.198313605122637,1.07476499344201,0.264198155123662,7.99682820924085,1.11827619136375e-10,0.4969637035002322,PASS,
2219,BLVRB,Mɸ1-LYVE1,1.84400067006178,0.846985462084729,0.409677737128934,0.59049235156786,9.62195485550503,7.29212155581979e-118,0.4969107139328762,PASS,
2221,CEP350,B cell,1.44075414700441,0.652404926387708,0.725826299872444,0.51183291043022,8.62520516164857,6.66208162899734e-13,0.4968715936982501,PASS,
2224,IGHG2,Treg,1.41691726280576,0.136148013338565,0.139948234042158,0.117316867832595,8.3397272048528,6.27200717646997e-05,0.496849119226296,PASS,
2227,CPM,EC-tip,1.56784963336367,0.0545193791426191,0.0719916663660485,0.0969721455950088,7.32959043811892,1.12938619510044e-70,0.4968310000793724,PASS,
2232,EGLN3,B cell,1.71215855890094,0.0697199259253864,0.319720172936144,0.210201746353306,8.31653033279877,9.41830036599912e-57,0.49672191842245594,PASS,
2233,YIPF4,Treg,1.04577429585709,0.968487100113108,1.29059405600781,0.726961207225142,8.80087277294531,0.0011525479676686,0.49669832848791845,PASS,
2235,LTBR,EC-aPCV,0.55508440222,1.27794015736332,1.4650632360448,0.800677891632794,8.41925130093323,2.26781771576045e-06,0.4966943224631164,PASS,
2236,RPL7,EC-PCV,0.559002345691119,0.667384480986798,0.671694230400234,0.310168067538493,10.886617796399,1.98560625939273e-11,0.4966907906357176,PASS,
2237,ADAMTS6,EC-tip,1.21473551641753,1.99144873303231,2.6036957330676,1.58794376565059,7.44916344144857,6.26304799169642e-42,0.4966870207863608,PASS,
2239,CYBB,Mɸ4-infiltrated,0.942517699449377,1.20447414207414,1.0714336592061,0.740761208818948,9.71710924284612,9.361925283434971e-31,0.4966298027912617,PASS,
2240,HACE1,EC-tip,1.43366756953829,0.755955292022641,0.591813080508627,0.519274924865401,7.29916398215556,8.95981122081298e-38,0.4966290335067666,PASS,
2242,P2RY14,B cell,2.17987424030197,0.473096574512918,0.626014013005389,0.576110564546657,8.39604987583726,5.30022773777205e-59,0.49661985259534247,PASS,
2243,PRMT2,Mɸ4-infiltrated,0.83972711458382,0.882394372396936,1.23731270847229,0.630860126603183,8.0530762383861,4.97379658474353e-22,0.49660060686571533,PASS,
2244,CELF2,Treg,0.126483210879214,0.304704814578429,0.706425593301959,0.0748130863169571,9.19948778147895,0.000255103018797,0.49655613784584074,PASS,
2245,PIK3R1,Treg,1.32214677885321,1.37209032614446,1.2832903561116,0.95988615628586,8.95087231789379,0.0001413659525335,0.4965482510340285,PASS,
2246,FUCA1,B cell,1.4111771609986,0.315161701853627,0.229707367157302,0.224082595309877,8.3471408383469,1.51514638911257e-25,0.49654532059778833,PASS,
2248,WIPF1,Mɸ4-infiltrated,0.905734968328651,0.387512194335028,0.930574557331125,0.349330662950524,8.31787070863259,3.36506808330944e-21,0.4964570783775946,PASS,
2249,HIST1H1C,EC-tip,1.39048914521746,0.533640242612203,0.70415854353675,0.452823049036531,7.37399313735451,4.44561787553302e-39,0.49641457929900207,PASS,
2250,SYNE1,EC-tip,1.27290766817449,0.436181253019324,0.467476222425029,0.31666237401463,7.6880786724503,4.96352458216623e-40,0.4964061483836423,PASS,
2251,LEPROT,B cell,1.0851261794906,0.129857857446821,0.304542552451604,0.0989505790941992,8.41089283201654,1.38041170471808e-11,0.49639695289765495,PASS,
2252,SMYD4,Treg,0.500409620056703,0.473246279392968,1.04356442881266,0.330270483616173,8.42326997880386,0.0076688549661265,0.4963905642478802,PASS,
2255,NCK1,EC-tip,1.20976221014054,0.0822745582712256,0.143246370049391,0.0603751319694167,7.73848716771555,1.84464820688334e-65,0.49635784300002794,PASS,
2259,AC087239.1,Treg,1.65075595503272,0.567204725324278,0.714876824170044,0.529220497974468,8.37681867227097,0.0017842993169819,0.4963437554807806,PASS,
2260,TSPYL2,Treg,1.72137257335674,0.535802808913019,0.264517277627611,0.400397713031264,8.58349073277197,9.61061973024243e-07,0.4963256163403711,PASS,
2262,ETV5,Mɸ4-infiltrated,1.79398944917253,1.19735889969816,1.74169590952865,1.12982084343204,7.4324843408188,7.32175021399683e-22,0.4962995749211461,PASS,
2263,RAB11FIP1,Mɸ4-infiltrated,1.37383478650587,1.42154602281944,1.92299692200132,1.18490509790346,7.84749353683077,1.26726505464535e-30,0.4962935223769794,PASS,
2264,MAPKAPK2,B cell,1.61849597602097,0.0900253004954386,0.52483550350693,0.266893485072261,8.45476653919896,1.31035430749908e-36,0.4962869359539279,PASS,
2265,SEL1L3,cDC2,0.767964829398203,0.851242567683866,1.346530595884,0.64047117376273,7.43363507240531,7.65526969639752e-06,0.4962337559929503,PASS,
2267,TPM1,Prv-CCL19,0.148588388787426,1.03971140819714,0.987911687179554,0.478450892510576,10.9135731361924,3.00605904215412e-23,0.4962212653554601,PASS,
2268,ALOX5AP,B cell,2.13071461290449,0.406007887606046,0.421079473998373,0.484634817739159,8.80470448880304,1.80153774843185e-56,0.49621279534813867,PASS,
2269,TM9SF3,B cell,1.07781565315134,0.218302295818191,0.220182402952573,0.113861866652519,8.53581945785525,6.23206294327319e-14,0.49621135082921,PASS,
2270,SNCA,cDC2,0.885287902782383,1.040727342153,0.306115975406619,0.442784951184431,7.02923973183992,1.36921300896793e-05,0.49618870779099067,PASS,
2271,NUP214,Mɸ1-LYVE1,0.888718955643286,0.280903119051614,0.127912230214246,0.0726432011240558,7.95383567060192,3.22674761042574e-26,0.4961604292185669,PASS,
2272,RPL23,Treg,0.598832207835037,0.421232694745448,0.0149081696501333,0.0351622402832536,10.2036019778828,3.79405311098723e-09,0.49614364420357,PASS,
2274,SMAP2,Treg,1.05500292677262,0.450586830681186,0.662424761673205,0.336815184390967,9.0513849990439,0.0045739029065462,0.49613619531067416,PASS,
2275,GNAQ,B cell,1.77345709019421,0.163153673077921,0.394308916478806,0.296990236980609,8.32954543294881,5.81472758995561e-49,0.4961342851796618,PASS,
2276,SRGAP2C,cDC2,0.891990090691711,0.665979675036261,1.32350370100774,0.584989280277967,7.20221435282487,1.22902941637879e-05,0.4961255464316517,PASS,
2277,DERL3,B cell,2.98855851662726,0.513844754319646,0.839812545181958,0.845705037556515,8.49441107746044,1.56589604278127e-105,0.4961156472672275,PASS,
2279,PLEKHD1,B cell,0.97110564553467,0.0804811135234545,0.217736437500299,0.0344963227458776,8.29620791958367,7.61213273621862e-20,0.4960893622378616,PASS,
2282,NOP53,EC-aPCV,0.0492744935134336,0.401548917026199,0.437340988044962,0.0305942767266078,9.70812446023813,3.52603175294007e-05,0.4960709866998796,PASS,
2283,HNRNPDL,EC-tip,1.00292784679113,0.42183720036878,0.27860757135458,0.202887012636811,8.60291673367849,1.24306608596123e-67,0.49606183967995954,PASS,
2284,OPN3,cDC2,1.52012832272196,0.204525997430189,0.822710746789453,0.384702303642307,7.23256182566348,3.09342784910694e-08,0.49605889235891426,PASS,
2285,RPL23,cDC2,0.953833262990067,0.527715513135348,0.0932060331443118,0.18268695296098,10.4590218150575,1.37241370970725e-25,0.4960562388023644,PASS,
2286,FHL2,Treg,1.29176466624159,0.176245949022448,0.182134868892922,0.1360472657395,8.3415782666705,3.83368395766474e-07,0.4960412250770922,PASS,
2287,IL10RA,cDC2,0.179282432570813,0.487621084265261,1.06942808377088,0.280215621382432,7.62967882627952,2.25961461163287e-05,0.4960386545122917,PASS,
2288,SPCS3,B cell,1.05717263815161,0.0378703257561967,0.16697606480556,0.0223360867223042,8.61386942105534,3.01484127980038e-17,0.4960235484847966,PASS,
2290,SYNPO2,Treg,1.22109096136848,0.117000377136626,0.221604823466307,0.107656985181611,8.33945637474996,1.91009212940869e-07,0.4960154593511569,PASS,
2294,COMT,B cell,1.03630123688698,0.0726976285731674,0.100765270674139,0.0140878742101735,8.48009000954065,3.6121306763023e-17,0.4959779183541229,PASS,
2297,SAP30,B cell,0.810876311421491,0.206973199660266,0.23664177165446,0.0609283175351887,8.3140342911204,2.32200322107319e-07,0.4959392989604559,PASS,
2298,PECAM1,B cell,1.39264155581516,0.525325144413652,0.579395805614937,0.422930461950429,8.34939278687141,6.27341419107691e-14,0.4959169457563333,PASS,
2299,RUNX2,B cell,1.92020186922863,0.214697144722873,0.520906310000853,0.392456184222008,8.33818479605211,6.657152229717401e-47,0.4959141487759376,PASS,
2300,SFRP1,EC-tip,3.19097263187915,0.164441774483281,0.0835657122884652,0.527039424494268,7.44551679604066,4.06005509820506e-224,0.4959130257277655,PASS,
2301,MS4A4A,B cell,1.16461141073517,0.0786977439263416,0.19933882329577,0.075530642623954,8.30005738600821,1.82165131465688e-26,0.4958848400129395,PASS,
2305,RNASE1,Mɸ1-LYVE1,0.554520301267071,2.08991565978642,1.67419604181131,1.22076038486182,11.7242852978571,7.179178106063549e-40,0.49582975738088586,PASS,
2306,CMTM3,B cell,1.41532323565053,0.193380424036314,0.251967329879564,0.195275915644128,8.31715543170645,1.33255779111525e-29,0.49582936683424184,PASS,
2307,PALMD,EC-aPCV,1.44060492610544,0.605979589241655,0.484400568727871,0.441749298240954,9.10127201717298,1.14593666321003e-15,0.49581230466235193,PASS,
2309,KLF13,cDC2,0.296227762831924,0.765953807886848,0.289620688440494,0.201155063933328,7.5530176591179,1.32595610011392e-05,0.49576498395795776,PASS,
2310,RCSD1,B cell,0.305938251988128,0.96049161684953,0.752348854942699,0.419758159436835,9.03537004931686,9.8034394247531e-12,0.4957569491290141,PASS,
2312,MAP3K1,Mɸ4-infiltrated,1.2062090792384,1.15631275618301,1.8913251914348,1.03455308270468,7.93061008281712,4.47441518182731e-41,0.49574512778967894,PASS,
2313,TLL1,EC-aPCV,0.0250210924810329,1.28880975867416,1.14784557411505,0.61244609656276,8.11706942767274,8.0178198346127e-07,0.4957192611554032,PASS,
2314,OS9,B cell,1.08630029471652,0.349447757596418,0.639410180658959,0.302914482168367,8.45568209136394,7.13652371044069e-11,0.4957188859196581,PASS,
2316,CD96,Treg,1.41599862911393,0.913493471354498,1.11648904686459,0.752105275329539,8.92723967959518,0.0016779359922907,0.4956998008671047,PASS,
2317,MIR99AHG,Prv-CCL19,1.98737821945119,1.16125052366153,1.18859800880631,1.00484395764245,8.40543816296309,1.28190386846628e-11,0.4956787940488103,PASS,
2318,LGALS1,B cell,1.36685306122386,0.100340975552951,0.67072830995399,0.270574276539313,8.91400326431207,1.58454827538974e-19,0.4956750779829698,PASS,
2319,PPP1R14A,EC-PCV,2.7042392012912,0.0253473055820249,0.103888666408811,0.371046448200888,7.93834345601182,6.443391066739089e-40,0.49566805149162785,PASS,
2321,THBD,B cell,0.944118502466713,0.1016808803321,0.278436996693885,0.0646429536260419,8.29763158296531,1.69271240400053e-22,0.4956502718401766,PASS,
2324,CMTM8,EC-aPCV,0.589875677095361,1.45209603996717,1.21150128839728,0.825461121398273,8.14330098729615,2.66344864387517e-06,0.4956460561513688,PASS,
2325,GAPT,cDC2,0.224615303428232,1.19393317362105,0.602241411776835,0.458775706668692,8.576621516288,1.45114842600103e-17,0.49563206164965545,PASS,
2326,SESN3,Treg,1.31544949293545,0.714800580683983,0.4465011216393,0.452380415380539,8.66740466612836,0.0047227467760825,0.4956226730013913,PASS,
2327,AL138828.1,Treg,0.291010460950743,0.47426251762165,0.125301202924422,0.0335583682446765,8.34123766135943,0.007706965629648,0.4956086813101023,PASS,
2330,LRRFIP1,EC-aPCV,0.435766709704379,1.16218392875273,1.18446111425587,0.663002063831651,9.12982445621875,1.91239882265999e-09,0.4955529361328451,PASS,
2331,RPS17,EC-tip,0.967659006142197,0.79995174915551,0.935477644473967,0.555217162890081,8.11466952345828,1.17519238117468e-31,0.49554606282063146,PASS,
2332,NUCKS1,EC-PCV,1.0190797495697,0.956779564784817,0.999397201743586,0.651145596823738,9.12850650166054,4.91398426988579e-05,0.49554343893107383,PASS,
2333,TRIM14,B cell,1.49673592772909,0.471293799721663,0.712361677181726,0.469486960434359,8.38451143330696,2.89664694829349e-16,0.4955271704060689,PASS,
2338,TRNP1,Prv-CCL19,0.751988304672314,1.45558156260051,1.50778773530691,0.952240353360833,8.52623538504439,1.4608562871818e-12,0.49547717408285225,PASS,
2340,RNF11,B cell,0.991218003288668,0.0295263817406372,0.154623175081087,0.01352722371066,8.3357823114394,6.12053501487577e-13,0.49544700233520667,PASS,
2342,COL4A3BP,Mɸ1-LYVE1,1.58078602207293,0.462765133750574,0.644424481982372,0.46639656990899,8.09894853821022,2.44710869548771e-62,0.4954395113741302,PASS,
2343,PDGFC,cDC2,1.65226862913057,0.257436600869968,0.709774586301494,0.415610705783119,6.88553693853357,1.31748401224097e-05,0.4954238990136496,PASS,
2344,HAVCR2,B cell,0.7511796327494,0.133372909233531,0.198473882535157,0.0176571790064698,8.29881667830774,2.29196219009332e-12,0.49540867354483176,PASS,
2346,DDX17,B cell,0.872347120634258,0.699873336605825,0.703489837539668,0.428102817872401,9.56378061314178,1.20847834094605e-11,0.4953672348353486,PASS,
2348,TUBA4A,cDC2,1.68445084130192,0.105981536265077,0.532292806124532,0.30939135606321,6.83214883512333,9.3066831742078e-06,0.49535108914590076,PASS,
2349,CST3,EC-PCV,0.860090886812687,1.18438085800662,1.11452639591606,0.748937547070563,10.3566674589862,7.14209183337831e-16,0.49534482383018663,PASS,
2352,VIM,dS2,0.684936736541408,0.396538739604421,0.375003001320198,0.165810856280907,12.0584308083521,6.51843904765945e-50,0.4953209166557434,PASS,
2353,AC114760.2,B cell,0.59777808758706,1.61605873122388,1.41054635786155,0.960539043340085,8.58420574585621,4.80094211323943e-20,0.49529426447843145,PASS,
2357,SLCO4A1,EC-aPCV,1.15523210080038,2.0521924536374,1.87578456232885,1.40615594610965,8.06105059327165,1.19328566691129e-05,0.49520648297813263,PASS,
2359,TNFSF13B,B cell,1.25322032840586,0.080277912763829,0.167949417355606,0.101986024790949,8.32638847430884,3.40033273896392e-23,0.4951739740658962,PASS,
2361,MX1,Mɸ4-infiltrated,2.43560364309162,0.466790800853852,1.66505828571272,0.96051069979117,8.03526703600205,8.304366415072641e-38,0.4951552635771542,PASS,
2363,GRINA,B cell,0.848927933792307,0.21194537519609,0.597209848802715,0.192658895969885,8.42594937577081,1.82993504755871e-07,0.4951523712479841,PASS,
2364,LIMA1,dS2,0.562894030099092,1.332777211256,0.923485789886199,0.694031559606541,7.82291633119045,7.77492410501921e-45,0.4951339988977861,PASS,
2365,SPARC,dS2,0.557054526900899,0.868221743817369,0.77769655599654,0.455496599416467,10.397672620986,2.72588092407219e-38,0.49513019291550814,PASS,
2366,SNED1,Mɸ1-LYVE1,1.12480191685999,0.279656803465934,0.234731110591283,0.177002028344265,7.21466498983992,2.28607769538266e-23,0.4951290456985732,PASS,
2367,HS3ST1,Prv-CCL19,1.76396189883531,0.502417635516914,0.475180844368758,0.480477572815493,8.25307833334083,3.820270518182829e-12,0.49511640536797097,PASS,
2368,CDO1,Treg,0.622741926155804,0.2496415758961,0.177902464696556,0.0391410556875039,8.33687820083976,7.22975350075297e-05,0.495083724998594,PASS,
2373,CTSH,EC-aPCV,1.12994572583266,2.26864860449795,2.02578637571712,1.53895054624625,9.12738885141428,2.25309938701945e-21,0.49504624787265256,PASS,
2377,TRIM14,Mɸ4-infiltrated,1.20763777600097,0.96553847722164,1.54868499999241,0.865841213492171,7.6168192721516,4.3835986263615e-21,0.495020946956056,PASS,
2378,FYN,cDC2,1.65063693582268,0.190176489030678,0.994027124622629,0.478911630298443,7.08287997052363,1.18722471133243e-08,0.49495061692549014,PASS,
2381,AC245014.3,B cell,1.10031122575823,0.187448929981597,0.118060444707945,0.103968958095797,8.34290012285826,1.40755786572387e-10,0.4949245002444121,PASS,
2383,ATF7IP,Mɸ4-infiltrated,1.03025404712732,1.16077881289388,1.64495536782044,0.93931387823717,7.68778482538933,1.76951025946301e-24,0.49487547269389076,PASS,
2385,GATAD1,Mɸ4-infiltrated,0.84667268207621,0.962224585647134,1.53564598525649,0.783944985217765,7.72468503078232,1.28110938268078e-24,0.4948583925558026,PASS,
2386,IFNGR1,Mɸ1-LYVE1,1.03324458678616,0.360476540089296,0.548718805725197,0.287333826077852,9.04128944220089,1.06817458816423e-33,0.49483517858542997,PASS,
2387,ZHX3,EC-tip,1.29319354780755,0.657208468355295,0.892759990459933,0.567887606245616,7.4427250778851,1.16732558443935e-31,0.49482791782375163,PASS,
2389,FCGR1A,Mɸ4-infiltrated,1.88343177705419,1.81803660997296,2.61656947225066,1.69248696993277,8.09961479174393,1.9009630807833e-55,0.49480685052025547,PASS,
2390,PICALM,cDC2,0.868878490833328,0.259953466422139,0.959927131402864,0.329161919975621,7.85679486312134,6.7884559405436e-09,0.4948038376415403,PASS,
2391,SPCS1,B cell,1.31875753922554,0.029231500989132,0.217912483405624,0.117733247981403,9.06538562029592,2.60155808324585e-42,0.4947950455210982,PASS,
2396,LILRB2,B cell,0.752060427312612,0.216320875440299,0.289945438809533,0.0927083751576496,8.29732575402962,7.05216763288199e-08,0.49476677787929185,PASS,
2400,PHEX,B cell,1.3320364399975,0.0214180349960036,0.252054241761227,0.129482396311112,8.30422896333016,3.57085806159426e-35,0.49469026353243745,PASS,
2403,AC108134.2,B cell,0.23011941104485,0.871483720379559,0.691624226485124,0.369351407605564,8.32069787504745,7.73354559031539e-08,0.49467233796901616,PASS,
2404,TFRC,B cell,1.10265415765629,0.270779835115224,0.495397011561433,0.253302428381193,8.42525220129493,6.63347112287711e-09,0.4946653581381336,PASS,
2405,MITF,Mɸ1-LYVE1,1.29307962564277,0.481840183076428,0.484353919360304,0.38017299391117,7.66458610061261,7.841013053603459e-30,0.49463570099596826,PASS,
2409,ARHGAP18,cDC2,1.38498418457038,0.329620977175395,0.525616045650014,0.350003957070002,7.9531085654234,4.07128366094442e-08,0.4945829551692795,PASS,
2411,MAMDC2,Mɸ1-LYVE1,0.352723105818033,2.69457746276304,1.88142201782229,1.51295649385433,7.52581753861238,4.54452093307461e-67,0.49457093722644363,PASS,
2412,HMGN3,B cell,1.0826016028121,0.274853370619362,0.309580046888704,0.199029527927797,8.67039016041939,4.42815409350173e-12,0.49456940967220914,PASS,
2413,MARCH1,B cell,0.359382370946799,0.820926240486103,0.601450082544451,0.35251903739057,9.33975754271341,6.60648740240436e-10,0.4945625120622408,PASS,
2414,XIST,Mɸ4-infiltrated,0.486749049495034,0.344551194159367,0.856693466112986,0.255987092662693,9.5257271413139,2.85953974357433e-33,0.49455581695502876,PASS,
2417,C3,Treg,0.687598554627054,0.433621232509095,0.603868360036572,0.264769780582948,8.35479679169929,0.0031881843767755,0.49450528949706446,PASS,
2419,P2RY1,EC-tip,1.93434449875391,0.133252351340965,0.203814206997813,0.298260320009101,7.21877776754695,5.17651313713837e-90,0.4944972892185955,PASS,
2420,POLB,B cell,1.24977085997164,0.0633792985974811,0.102941363025041,0.0909557657548929,8.33695877225945,5.71317703506004e-20,0.4944589975047317,PASS,
2421,SMARCA2,cDC2,1.49670852772554,0.719999668745136,0.927867143523929,0.655769652181347,7.57599232909323,2.87639393900892e-06,0.49445740356857626,PASS,
2422,SPARCL1,EC-aPCV,0.837933492792985,0.501581775887925,0.359368197235161,0.256401733383568,12.3956488703069,6.42429634717858e-21,0.49445265124728394,PASS,
2423,NCALD,EC-tip,1.35129652227348,0.311284122157923,0.697726309244564,0.387975820047758,7.19152425868487,3.9223136486764e-31,0.49441574054588416,PASS,
2424,RALGPS2,EC-tip,1.29249112441279,0.324530988452091,0.14592249634024,0.221792729088042,7.21361650045034,6.23052312255775e-34,0.49440978190148316,PASS,
2427,EDNRB,Mɸ1-LYVE1,0.430525361597639,0.596754372352183,1.8451244086194,0.638278081694325,7.38730094544022,1.49475885109393e-39,0.49440842835521126,PASS,
2428,MT-ND2,EC-aPCV,0.429037130730062,0.740364734723667,0.875353312818866,0.416272611127971,12.2771208350117,2.02133289883492e-21,0.49440808675942105,PASS,
2430,LEPROTL1,B cell,1.0044486722335,0.139808083099467,0.194816567783872,0.0968166141226866,8.40499835223943,2.47609111326585e-11,0.49439114345226337,PASS,
2431,LY6E,Mɸ4-infiltrated,2.19329188497984,0.122219580145975,1.30366189924699,0.671143295081095,8.23202591811262,2.33001018037508e-44,0.49437363136189805,PASS,
2434,SPNS2,EC-aPCV,0.185777749834788,1.66657371689264,1.51644911409747,0.938122934452875,8.42098313785819,1.00257161462679e-12,0.4943384490553841,PASS,
2437,MAGT1,Treg,1.23678860441886,1.07216001149338,1.41868678033475,0.891008560835299,8.47464927436171,0.0063504383106344,0.49430124302773737,PASS,
2439,CDKN2C,EC-aPCV,1.61650247320405,0.449025478756484,0.460159764844331,0.437186981134318,7.86313631322312,1.96080761362708e-07,0.4942946833366463,PASS,
2441,METTL7A,Mɸ1-LYVE1,1.85021712105273,0.739140061979404,0.784545206614302,0.703274432985915,8.33112237491457,7.76294585012263e-73,0.49427968316748033,PASS,
2442,MALAT1,B cell,0.528822749650086,0.544369639273804,0.446476785565854,0.23566990092687,15.8857340840773,1.48701800886349e-20,0.494267461930767,PASS,
2443,CD300A,B cell,0.994902644252841,0.0074148762129274,0.261200816194372,0.0619506346614437,8.3137930458448,1.91692984036862e-14,0.4942595732736006,PASS,
2444,TINAGL1,Prv-CCL19,0.93875629790785,2.03470124418897,1.75936458983774,1.33063870521984,9.52890371098478,1.06952907399112e-33,0.4942508457630808,PASS,
2445,WDR43,EC-tip,0.891350205167505,0.106250264685495,0.093292020288745,0.032565268337667,7.67721931308431,1.83385822184761e-32,0.49423670646762785,PASS,
2446,GRB10,Mɸ1-LYVE1,1.6682471866498,0.153789250485253,0.219418244634666,0.258531816086467,7.24818290683258,1.1388663782578e-60,0.49421619896750363,PASS,
2447,TLR8,cDC2,0.847490624822884,0.185471215566727,1.11759229806048,0.350914438295837,6.92543082713193,1.83667521248968e-05,0.4942143032056738,PASS,
2451,DNAJC3,B cell,0.976193103676816,0.138395621684027,0.582623779829157,0.205956835418749,8.4207950143634,3.99419510127633e-10,0.4941798856809051,PASS,
2452,KLHL6,Mɸ1-LYVE1,1.38015689637662,0.702035533910881,0.547755595441115,0.517911987644921,7.61812700911919,1.03853452864703e-24,0.49417869092322025,PASS,
2455,WDFY4,B cell,0.951159399799785,0.217746803319601,0.162801529113088,0.11310360399871,8.59215086551408,7.00265996202904e-10,0.4941640213004403,PASS,
2457,GLT1D1,B cell,0.909475007673779,0.0530500692132452,0.183860509756105,0.042423958359037,8.2943004342779,4.23000791965619e-18,0.49414904929511055,PASS,
2458,RPS17,dS2,1.63950893802469,1.26329704803834,1.05108876434504,0.955552278278768,8.06380536737335,2.76603843498513e-36,0.49413751827551833,PASS,
2459,NPC2,B cell,2.17384025776553,0.153841844996186,0.235116175073707,0.375992876923088,8.82259356083727,1.25765594040044e-76,0.49412811699713893,PASS,
2460,PECAM1,cDC2,0.765019681584855,0.0990754308620361,1.47090985904904,0.401329952686811,7.20758273759088,1.24582859450387e-14,0.49411803095429735,PASS,
2461,FCGR1B,Mɸ4-infiltrated,1.11308528411968,1.10771238113642,1.65852945521665,0.95164697668019,7.53082910009613,1.49317062828183e-21,0.49411355064103063,PASS,
2463,SYNE2,EC-PCV,0.983146531655458,1.23668872546054,1.30645617642528,0.875122160924599,9.26731061395207,7.03067975718282e-07,0.49408750188870193,PASS,
2464,OGA,Treg,0.643006031242613,0.648222430838499,1.10945414852761,0.498602864158333,8.91607912242327,0.0002742354797111,0.49407299046851644,PASS,
2465,FAM129B,Mɸ1-LYVE1,0.0013066061092667,0.709348604195402,1.62474461931444,0.533944291694978,7.3550200220682,7.27425402819291e-59,0.49406970254939564,PASS,
2466,SEL1L3,B cell,0.893100316981159,0.915799889283422,1.14443540173058,0.674807222532242,8.94622791581874,2.53871543931958e-08,0.49406325735061446,PASS,
2467,WDR60,EC-tip,1.36852436810526,0.651960351424698,0.70298179785789,0.541922443181603,7.72884956647806,9.987155978853e-46,0.4940379926093163,PASS,
2469,TMEM47,Prv-CCL19,0.758051625130365,1.49744543922494,1.4176832532403,0.968445356146475,8.61869669391184,1.44427220503509e-12,0.4940261434957513,PASS,
2470,VAV3,EC-tip,2.0252415657241,0.602102411314428,0.667604862256385,0.655660692004093,7.28662859002977,6.75518006308641e-78,0.4940206775965428,PASS,
2471,GMDS,EC-PCV,0.297366587215619,1.2393208567161,0.770827353551183,0.57303443433815,8.07440473178481,0.0001264710404912,0.49400238799403706,PASS,
2473,LTBP1,EC-PCV,0.179668941465771,1.395924841428,0.91880719232627,0.65596224188954,8.00497804099287,2.78580129106474e-06,0.4939832099110612,PASS,
2475,AHI1,Treg,1.13696256673618,0.885717516705545,0.388534912474201,0.499112004945552,8.44730997284747,0.0048456577268876,0.4939717783270303,PASS,
2476,ETS1,B cell,0.507329859576361,0.933742439342859,0.876473442882921,0.522789651639605,8.90827345663106,8.79272608385304e-08,0.4939496254341353,PASS,
2477,AC007952.4,EC-aPCV,1.38725655234296,0.297918195493205,0.37544408120466,0.306798098318652,7.85319854103121,1.03130023654351e-06,0.4939493374819191,PASS,
2480,ITGAM,Mɸ1-LYVE1,0.0588624161804726,1.54705673692819,1.59897518981282,0.891712159310375,8.16877822159523,7.73735692005455e-90,0.4938948090937093,PASS,
2482,FOXN2,B cell,0.848432421435335,0.101494160819176,0.0895670461782524,0.0281869415742895,8.40010528213523,1.79625940584744e-07,0.49387419728041715,PASS,
2484,WASF2,EC-PCV,0.438017952773944,0.834322302775998,0.793102834358141,0.444557779214837,8.9667980462893,0.0003674931589063,0.4938344047777635,PASS,
2485,APOA1,EC-tip,1.34199924117683,0.0258302616551696,0.0345414592336851,0.0899941628725003,7.17172844300518,3.66405090445782e-55,0.4938143440684381,PASS,
2486,RPL23,Prv-CCL19,0.822911204776344,0.092637569816664,0.109198934148546,0.0269274266626711,10.180040291645,2.90201542577665e-14,0.49376899768240295,PASS,
2487,IGHG1,cDC2,2.28120950165135,0.269128606721921,0.514748669621812,0.53512878445647,6.78472521293822,7.59617612833402e-14,0.4937455328459556,PASS,
2488,CYBRD1,EC-tip,1.22885593643671,0.0019885883132124,0.0716267277232644,0.0676888361868618,7.39755588657129,6.27073372824942e-51,0.493743019191209,PASS,
2489,CD226,B cell,0.637431858100077,0.152215396727883,0.198788898974137,0.0382101936026073,8.298297192641,1.71801509771792e-08,0.4937054254838394,PASS,
2490,NEDD9,EC-aPCV,1.91122472689952,1.32160387118182,0.984293864868023,1.02757725922984,8.26916832863128,1.54887007849545e-09,0.4937010365487619,PASS,
2491,LRRC1,EC-PCV,0.74186197427833,1.78903148629412,1.79462885449483,1.2026081819822,8.28686735082372,1.58454348596978e-07,0.49368137628249065,PASS,
2492,DNASE1L3,EC-tip,1.63006305001603,0.226865751081153,0.772188210586399,0.45055077646205,7.44382784686765,3.71812003096816e-48,0.4936438319234518,PASS,
2494,SNX18,Mɸ4-infiltrated,0.553794197029309,0.604423692037415,1.69177900495892,0.639196545617328,7.74549875062005,2.7611897620349e-40,0.4935516925237152,PASS,
2495,SECISBP2L,EC-tip,1.690006001766,0.0162644276602596,0.246062618358833,0.227991669290997,7.88023164640301,4.92503507583039e-107,0.4935514513533185,PASS,
2496,MYLK,Treg,1.09826404205595,0.12906847185548,0.121801594502503,0.110059195576826,8.35112545360888,0.0003252681070706,0.49354708792643764,PASS,
2498,PFKFB2,B cell,1.57256038010568,0.13158869551916,0.266019085810403,0.256074921318803,8.3349562394575,5.50434087703892e-32,0.4935211508846357,PASS,
2499,WIPF3,Prv-CCL19,2.12380608245498,0.11556754326494,0.0552968087610745,0.310004292378093,8.23886594665638,4.50705726242195e-33,0.49352056055011795,PASS,
2500,SOCS2,EC-PCV,2.22843228850325,1.28102748885951,1.09698630693424,1.11623453372106,8.37628471210895,3.35639851510367e-09,0.49351884691548553,PASS,
2501,C6orf48,Treg,0.538003615003302,0.670203793975354,0.120305424751899,0.211779313435935,8.64142502122147,0.0021466544818126,0.49351450405558417,PASS,
2502,RFLNB,B cell,1.30091950888057,0.125238041167882,0.351424558991613,0.219092529988439,8.31090247350912,5.15700187065484e-21,0.49349938780790914,PASS,
2506,APH1B,Mɸ1-LYVE1,1.49271602893613,0.185259487354474,0.271650709681161,0.264077942039735,7.70802904170197,1.21428768502054e-70,0.49343608678752177,PASS,
2510,MYADM,B cell,1.40599640911206,0.752381797648205,0.903010115856423,0.66135741864213,8.39555902695475,4.071836796616189e-11,0.4933826508212169,PASS,
2511,CAPN2,EC-tip,1.5069567369218,0.802722440881185,0.880131568007646,0.697898454993984,7.92937450319903,1.88911543980353e-60,0.49337345408796807,PASS,
2513,SEPT7,EC-tip,0.506711723714386,0.141938800373762,0.155662860516095,0.0010938009290098,8.93107904538818,1.95543027651902e-36,0.4933594529384498,PASS,
2514,NCOA4,Mɸ1-LYVE1,1.66864094340565,0.926322198653866,0.871319122611047,0.782494412482689,9.02824519393383,2.91067061039029e-68,0.4933515249602996,PASS,
2515,RALGPS2,Prv-CCL19,1.17992315625121,1.86018737514971,2.00553526070494,1.39512205692773,8.52161238721344,1.84631880042378e-18,0.49334776603632396,PASS,
2516,OAS3,Mɸ4-infiltrated,2.11551855657703,0.704265270306047,1.81008181680423,1.06051016227578,7.55538795628965,1.78229629091609e-35,0.49334520564839124,PASS,
2517,LRP1,Mɸ4-infiltrated,0.637696237778731,0.454311243314937,1.16111374519401,0.445928254034109,8.70570737510892,6.44710750033811e-41,0.493341391315567,PASS,
2518,LTBP1,EC-aPCV,0.194874352662981,1.0616350758248,0.774776402144152,0.490878213509765,7.89945051358355,0.0001101812298764,0.49331328237766,PASS,
2519,LINC00877,B cell,0.592038724803763,0.0379036929290002,0.250651131679088,0.0055162003898093,8.29200022191237,2.9663164991878e-09,0.493286378129446,PASS,
2520,SAMHD1,Mɸ4-infiltrated,0.464666999997554,0.775142578844313,0.85944571520994,0.455400380049165,9.49217482274491,3.02857793242767e-26,0.49328242090882984,PASS,
2523,SLC26A2,EC-tip,1.98289727598395,0.270207068866347,0.150451353265218,0.374848521689364,7.70116168855442,5.13263455245597e-91,0.49327424335267916,PASS,
2526,DNAJB1,dS2,2.10584676940422,0.162828287752871,0.0013624615158469,0.315988339756274,7.27956878415491,4.79621110353389e-66,0.4932333067039311,PASS,
2529,PTTG1IP,B cell,1.0679100796843,0.0634510162330287,0.443496776107551,0.175341413751476,8.38979017969879,4.18718273003938e-16,0.49321432892188266,PASS,
2531,MDM2,EC-tip,1.23968272561441,0.744208161988872,0.362507985789573,0.470039632177557,7.4766585214598,4.15801298598308e-32,0.4931966684614725,PASS,
2532,ZFP36L2,cDC2,1.48678790428616,0.593460109838176,0.831195920576494,0.595943444522552,9.07512692373266,4.42473638242731e-07,0.4931965431415351,PASS,
2533,PSAP,Mɸ1-LYVE1,1.0062084884094,0.319414181017686,0.553709208977627,0.299166334005981,12.1725710123513,1.69326934823917e-47,0.49318124644488875,PASS,
2534,LPP,EC-tip,1.19894649889135,0.930272830491344,1.38793844770784,0.833878807473026,7.88389957803368,6.98800270357275e-32,0.49314946228100554,PASS,
2535,STAT1,Mɸ4-infiltrated,1.32571834790803,1.12958506237601,1.53272428208967,0.986616828834398,8.21143604870871,1.1552692325062e-21,0.4931368648848766,PASS,
2537,APOC1,B cell,0.982686984665349,0.303974991145402,0.5845624093804,0.29816893853128,8.31675288397444,2.85415600397302e-08,0.4931000420865024,PASS,
2538,SRRM2,B cell,0.835586749646361,0.693387703258938,0.697410465108012,0.459147382260484,9.19669503735202,7.32657156651939e-08,0.4930881964301238,PASS,
2539,TPM2,Prv-CCL19,0.118325277191834,1.0681243332547,0.990249068238281,0.543165902934312,11.2287364453427,3.21078173975095e-25,0.49308734159822465,PASS,
2541,BRI3,EC-aPCV,0.208428805867666,0.436898290796833,0.265367802555481,0.0953733256631864,9.19757449787121,0.0001990584589726,0.4930714435586156,PASS,
2542,TRIM22,cDC2,1.48740494888029,0.129946602827004,0.592496896706242,0.339236689826965,7.6291240618543,1.3725482119847e-10,0.49307061985961126,PASS,
2543,SFT2D2,B cell,1.40096028850434,0.449321288079877,0.509318869621721,0.42836612246128,8.54786401743565,2.83766053320721e-16,0.49304617938534134,PASS,
2544,TIFAB,B cell,0.715124393207583,0.0714527485158571,0.137577963348183,0.0190497446425623,8.29170492127001,9.05541396676289e-18,0.4930413626146519,PASS,
2545,CSRNP3,Prv-CCL19,0.269311018785428,1.82929012640433,1.59887818084625,1.06956640437209,8.3886300884098,7.70015629537055e-19,0.49304074166842576,PASS,
2546,RYBP,cDC2,1.52347164817123,0.666021242213707,1.30303266771408,0.773374288671585,7.29287043077868,1.41496319240652e-07,0.4929952963307496,PASS,
2547,MYO1E,Mɸ1-LYVE1,1.65111356556124,0.633710111932652,0.598527895270691,0.585878001670474,7.50700028105664,4.50044166996531e-42,0.49297110596122096,PASS,
2550,PRKACB,Mɸ1-LYVE1,1.46796600282167,0.557968562167927,0.298926246861348,0.430525271374644,8.0415574990605,2.88436265632094e-58,0.49289670673627295,PASS,
2551,IFIT1,Mɸ4-infiltrated,2.61343930690748,0.734529590769672,2.23992136720626,1.31585276175977,7.50383648246132,3.3183940208978e-48,0.4928856904640963,PASS,
2552,LILRB1,B cell,1.09352375046081,0.517802135902662,0.780632145827894,0.470504797899505,8.4741213410934,2.31757125638883e-07,0.49287913051834964,PASS,
2554,TSPAN13,B cell,1.54049757857193,0.398574722732846,0.75669336728243,0.512316496356476,8.68091019946435,1.19115805185551e-18,0.49285322190457964,PASS,
2556,AFF1,EC-tip,1.10740682700605,0.0297677672338365,0.0363918950665468,0.0632777208985598,7.95559265928318,6.60928784614634e-64,0.492800320055272,PASS,
2557,ITGB4,EC-aPCV,0.677226584586347,1.95444934686231,1.93605832573824,1.31288404604983,8.65350623674979,6.058823363807231e-15,0.49277228287737895,PASS,
2559,MFSD6,EC-tip,1.63072801184578,1.26205829623604,1.43349714649144,1.08602347181404,7.37179625375088,2.16472263173019e-34,0.4927510395490895,PASS,
2562,PNRC1,B cell,0.728426730085457,0.265488125048272,0.116566764081085,0.103035910076122,9.41903510038949,1.79969454542165e-09,0.4926827552574469,PASS,
2563,CNOT6L,EC-tip,0.882859751070178,0.149898226527745,0.291068109913858,0.138878286885879,7.88617919534424,6.901328545281099e-31,0.4926668290609962,PASS,
2566,MYL6,EC-aPCV,0.475430265098211,0.534261623593344,0.417826543009835,0.245211054644958,10.2254082009512,6.83890186743278e-05,0.49262999040978117,PASS,
2567,ST3GAL2,B cell,0.984387878594639,0.225533803636824,0.454213718124961,0.239261945820794,8.38266284879787,3.03102647748519e-08,0.49260635689315474,PASS,
2568,EIF3J,EC-tip,0.775858388699811,0.0441152365252037,0.159934386921914,0.0373103910211087,8.1362402685956,8.779025529706701e-36,0.492586159352702,PASS,
2569,DDX39B,Treg,1.45881547979374,1.17988762224311,1.37020029095956,0.999405588697605,8.71959644067287,0.0025570600246079,0.4925286808880019,PASS,
2571,HLA-DRB1,cDC2,0.891647261312401,0.373978628570227,0.46164332329671,0.284644709873621,12.9149064045186,1.38021710117794e-08,0.49247962026308845,PASS,
2573,BATF3,B cell,1.3377344335979,0.0470176052126291,0.142007326648517,0.15708341502523,8.30518098411963,8.71338667776796e-51,0.4924704892909677,PASS,
2574,NUDT16,B cell,1.16319147781104,0.302165506559443,0.128212148191614,0.219845313297034,8.34402505996889,1.34334999156795e-15,0.4924551337803106,PASS,
2575,ZFYVE21,EC-aPCV,0.704290222796674,0.129147349675802,0.0418133623061687,0.0261382196249526,8.53434429395285,0.0001277493239379,0.49245144553641806,PASS,
2576,SNX1,Mɸ1-LYVE1,1.16274222688973,0.400224065209887,0.457988596341433,0.353589520955402,7.904342244775,2.80871366068923e-33,0.4924453247436357,PASS,
2577,CDKN1B,EC-tip,1.18201099508917,0.537402374868242,0.391873165470528,0.395312990674599,7.43644081185918,1.40677420675033e-31,0.49243874784482705,PASS,
2579,ARRB2,cDC2,0.278630559503009,0.10143038193224,0.658218194704528,0.0998984598540416,7.94945283348859,2.11671881830175e-05,0.4923717912298007,PASS,
2580,EGR1,Treg,1.75316451707438,0.837058254074445,0.532635556146981,0.684073524195933,8.38547475323596,1.79058645153189e-05,0.49237173497461273,PASS,
2581,TLN1,EC-tip,0.976204013603187,0.595633479678617,0.716190688860784,0.468899623392031,8.11316265083938,1.21436039187086e-33,0.49233984809604686,PASS,
2582,TMED10,B cell,1.3114822042184,0.267723930403812,0.413033123400305,0.320979623793711,8.57071522309851,1.61514878210397e-18,0.4923367570050711,PASS,
2583,ADGRG6,EC-tip,2.49676598740366,1.78353345814982,1.45716220451888,1.50822302051075,7.45677099412032,8.97474399070932e-66,0.492335689035441,PASS,
2584,MBNL2,EC-tip,0.960227348868485,0.382661239992042,0.413451668913506,0.293009016418257,7.92194966152642,4.051226179304311e-31,0.4922953419432293,PASS,
2586,Z93241.1,Treg,1.30901996030675,0.0567096223239082,0.0611728751203089,0.136285535331885,8.33567157808019,0.0006102955346049,0.49226799179657155,PASS,
2587,HLA-F,Prv-CCL19,0.326932500432072,1.0969898739592,1.34824694636561,0.718076786279366,8.57411803813624,5.069381443084799e-12,0.4922426582038665,PASS,
2588,RPS6KA4,B cell,1.13110576807755,0.079640310470374,0.175996855426415,0.140237456425689,8.33676800831138,1.70533979837999e-15,0.49224009024335125,PASS,
2590,ARPC5,Mɸ1-LYVE1,0.618202699534599,0.250334576261988,0.1715985914101,0.0982682582378935,9.5077883107511,3.81984324853935e-29,0.4922384940445786,PASS,
2592,PTPRO,Mɸ4-infiltrated,1.46670641427202,1.73825443171491,2.15327536484833,1.46660417314773,7.48292960283672,2.40759344743527e-33,0.4921796144444517,PASS,
2593,TSHZ2,EC-tip,0.0434767686350647,1.24259191071902,1.39805975735053,0.733337871951101,7.80195716739836,1.29782652538658e-32,0.49215199202724863,PASS,
2596,AKR1C3,B cell,1.02750990619086,0.0466594341996419,0.09046165786508,0.0855794255418994,8.29629075513289,1.84743853491506e-21,0.4919998745498657,PASS,
2600,TRAM1,B cell,1.00192722186542,0.238050983494416,0.267104991216846,0.209026749753705,8.64029586835585,2.50008545828589e-10,0.49193232567031075,PASS,
2601,LCP1,B cell,0.922703174293638,0.310820643923165,0.661436464285504,0.333956433692047,9.17770594584542,5.43144639391317e-10,0.49189453781161047,PASS,
2602,ALOX5,Mɸ4-infiltrated,0.147997221248089,0.222051821920888,1.17075249335821,0.27699922548299,8.38108042356986,1.0205591155792e-38,0.4918836879665977,PASS,
2604,MLH3,Mɸ1-LYVE1,1.32112990281309,0.361057425572473,0.464985288470918,0.385507247892957,7.48759781713187,9.02971479902676e-29,0.4918502479550024,PASS,
2607,SERPINF2,B cell,1.04565033081493,0.0727830417403419,0.127575191310862,0.114253917691106,8.29825785218526,8.487703835251311e-23,0.4918258485276334,PASS,
2608,DEK,Mɸ4-infiltrated,0.994003122830856,0.986752098862703,1.2470819507136,0.794643743961074,8.65663601090797,4.244577841863699e-37,0.4918224046664693,PASS,
2609,PRKAR2B,B cell,0.628392115842418,0.141930325084975,0.171186446323558,0.066349641932175,8.29269829804825,1.80246574165867e-08,0.49177251055904525,PASS,
2610,ANKRD12,EC-tip,0.849773376068596,0.181989458089696,0.101498742086169,0.110547338802781,8.42295130725488,3.88838492577911e-40,0.491762181323032,PASS,
2611,TRAPPC10,cDC2,1.24883902181504,1.15573530525397,0.73979251737886,0.775973995227818,7.20500159330962,2.20815720324568e-05,0.49173635048089354,PASS,
2615,NKTR,EC-tip,1.19775521919218,0.690296765792262,0.526583405735157,0.514121722025137,8.57539934749194,2.11318557232372e-59,0.491676720404694,PASS,
2616,RPS17,EC-aPCV,1.47517694833167,1.8900935277254,2.20418498108349,1.55408925418777,8.71988731171704,8.89289908028431e-18,0.4916689702238315,PASS,
2617,ZNF385D,EC-PCV,1.62404860968717,1.36600325789246,1.23264626856333,1.08687388960525,8.5862486774893,0.0008432074466404,0.49166153169334287,PASS,
2620,PAPSS2,Mɸ1-LYVE1,0.428826861816585,1.21134525405703,1.54639922201387,0.854824639396461,7.59874161924561,1.1675654767807e-30,0.49162039432891297,PASS,
2622,GYPC,Mɸ1-LYVE1,1.63720326205097,0.944628393875208,0.409172047422773,0.681449603778753,8.69256603724177,1.57254340339933e-49,0.49161517581373687,PASS,
2624,IGLC2,Treg,3.22340666772155,0.732191805887627,2.42313520657321,1.52320250797193,8.5220121927647,9.544749553999319e-40,0.49161153629176607,PASS,
2626,TRERF1,B cell,1.09017025085181,0.219945359797911,0.292578732974453,0.236410821755506,8.30547059422543,1.13655722740078e-11,0.49151530480951106,PASS,
2627,IL6ST,B cell,1.21112753180892,0.0464814850620099,0.882424816581404,0.359602011739988,8.37959679777928,5.52852835520536e-17,0.4914742023625311,PASS,
2628,EGR3,EC-aPCV,0.400970179522594,2.30161744446212,1.68121998413625,1.34416570434705,8.06066295388707,4.826729855281861e-25,0.49146244913690407,PASS,
2629,LINC01094,cDC2,0.890325284019655,0.191311612819508,1.34053814567435,0.480252255827936,6.79357135618271,3.26962613070546e-08,0.49144477353464194,PASS,
2630,ITGA1,EC-tip,1.63098487880699,0.493549865349539,0.0498769540901662,0.397295749415508,8.23838391107908,5.04116755040483e-90,0.4914436902376321,PASS,
2631,OSTC,B cell,1.23861556049996,0.176043723635951,0.352746829226846,0.268933549990662,8.65262016535833,2.90670244787057e-20,0.4914431812960993,PASS,
2633,SEL1L3,Treg,0.14713581628701,0.509667358329719,1.09526379817761,0.381807131162953,8.59307323539144,7.50534475388537e-05,0.49140966200130765,PASS,
2634,N4BP2,B cell,1.72540363367336,0.630412351485309,0.794173616607905,0.685182100041945,8.38209684479896,8.25079512654667e-21,0.49138502947304846,PASS,
2636,GLMP,Mɸ1-LYVE1,1.0500441295701,0.258539906161261,0.214374032169113,0.225139534357061,8.04261676100676,1.10241184830771e-35,0.4913358373062311,PASS,
2639,MAP1A,B cell,2.74195617606716,0.0474512458080149,0.739067039632887,0.655222133332519,8.37028022995656,2.4692018791824e-123,0.491322450458609,PASS,
2640,RPS20,cDC2,0.456192223687971,0.621930049118519,0.343855531937247,0.282501723611731,10.1871870929854,2.01704978035685e-15,0.4913208582302744,PASS,
2641,USP13,EC-tip,1.62661660054822,0.130651593725682,0.303182436400926,0.322855878488088,7.40014690319467,3.94540966943543e-79,0.49131322298324914,PASS,
2642,DRD4,B cell,0.753940579630127,0.0253121451724759,0.2611333102239,0.0816958913059542,8.29328947124688,1.95543592236613e-13,0.4912900342086858,PASS,
2644,SH3BGRL,Mɸ1-LYVE1,0.782882328636444,0.373806307693754,0.0810822642599705,0.178737294759505,9.16051755484221,4.07485554004919e-43,0.4912660640708654,PASS,
2646,TNFRSF21,B cell,1.2642939527297,0.0494437574458889,0.234371366759095,0.194067235459998,8.3044148937699,1.50550681345062e-28,0.49124412350925245,PASS,
2649,FUZ,B cell,0.929898723909446,0.261024079034232,0.278319738077987,0.221412258658161,8.31906459855925,3.05813445507487e-08,0.49118882097989186,PASS,
2651,FHL2,Mɸ1-LYVE1,1.06616892460094,0.0546039918217871,0.177961691835523,0.139387332433436,7.20797747392348,2.00655310072081e-23,0.4911720634014392,PASS,
2652,ANKRD44,B cell,0.556207334691691,0.955745250854764,0.777991470291976,0.565694417463037,8.92677669057853,2.25965740365414e-07,0.49116411035017976,PASS,
2653,SLC7A11,B cell,1.08016783124978,0.364460416644981,0.51233436028749,0.361986711120466,8.31335198959238,1.25159594531327e-08,0.49115666149998877,PASS,
2654,KCNA5,B cell,0.787459520932504,0.0294121396792776,0.0339173665402493,0.0300504945713093,8.29083798628397,1.5170220623484e-17,0.49114499283021107,PASS,
2655,NTN4,Prv-CCL19,0.561125435179878,1.57789774336633,1.55331610408322,1.04466834459066,8.39980144189126,1.02802466716608e-13,0.49114461583349645,PASS,
2656,SLC22A23,EC-tip,1.29761346650512,0.0812135359269796,0.0577896857670368,0.167044691585807,7.31985329150232,6.897020799556201e-47,0.49112534128586643,PASS,
2657,MALAT1,Treg,0.791988430730677,0.529928569946041,0.64483636349556,0.405805649227313,16.2436642321306,0.0001049196425196,0.4911069296242968,PASS,
2658,HEBP1,Mɸ1-LYVE1,0.945756410943865,0.317638376436369,0.135499193847532,0.20954570583586,7.80109595600789,8.69445310917348e-27,0.4910969641566666,PASS,
2660,IFITM1,EC-aPCV,0.669619217622905,1.29741334645381,0.697500782881178,0.708953982141169,8.45649626591887,6.64260400085727e-24,0.49107552241685887,PASS,
2661,RGL1,Mɸ4-infiltrated,3.59107454458661,2.27188387469527,1.63653956178921,2.02805551646285,7.59170309283395,5.12394780167332e-63,0.4910650126215563,PASS,
2663,FCHSD2,B cell,1.40363286737857,0.902716916231695,0.821966356025093,0.7407384989182,8.70685287479095,2.54732017635169e-10,0.49104673287168255,PASS,
2665,HCST,B cell,1.29684159013573,0.150717032752992,0.378149710532381,0.286766511118708,8.5568245030535,4.70791288010171e-17,0.4910282581231996,PASS,
2667,PLEKHA1,Mɸ1-LYVE1,1.16060282805244,0.349836401822602,0.154181383626422,0.275300309759397,7.749735129434,4.70815320957922e-31,0.49102329988275584,PASS,
2668,MDM2,Mɸ1-LYVE1,1.88347364421889,1.06413648473113,0.982052153674926,0.957463649145503,7.82519176229311,1.36981702365034e-33,0.491007409767894,PASS,
2669,PCOLCE,dS2,0.486758242461378,0.9776097041956,0.778930749397033,0.563154179727022,9.76501671222546,1.48260376634489e-59,0.4909965370978184,PASS,
2670,LINC02195,Treg,1.07900295469617,1.0146566549509,0.454990710358081,0.613702292298959,8.48993449797589,0.0055645364025377,0.4909889026894061,PASS,
2671,TPM3,B cell,0.652627693544424,0.0704962514838558,0.264269223992663,0.0859259569572929,9.2649255472131,1.87059044224825e-08,0.49097879985577125,PASS,
2673,KCNK6,B cell,1.14404432593883,0.237557454199169,0.336080888003083,0.279653798839515,8.36477549901687,2.43512118400903e-14,0.49091013012563345,PASS,
2676,SH3TC1,B cell,0.992507464037986,0.208388487112871,0.318340770964987,0.231339981613888,8.35217021771195,1.11415747429725e-07,0.4908686084299846,PASS,
2680,HSP90AB1,EC-tip,0.584868615654145,0.202070695051406,0.199060819612775,0.110087882223787,10.1825246787271,2.41443269748415e-50,0.4908007301213098,PASS,
2682,CFH,Treg,1.09415081846442,0.115552623544083,0.280395690606733,0.20691913839808,8.34132418209314,2.51101929811062e-06,0.4907761396329556,PASS,
2684,DPYSL2,cDC2,0.873889229143556,0.113484282174334,0.460422430463349,0.210021806216867,8.04513304826929,5.87796627515715e-06,0.490752269175048,PASS,
2685,HNRNPA3,cDC2,0.24665892614454,0.494213989512954,0.320831032699206,0.191660310708005,8.83307997337915,1.89658733219169e-05,0.4907407660724329,PASS,
2686,CREB5,Mɸ4-infiltrated,0.865811594976494,0.881715497790256,1.62665487032127,0.850903701352281,7.7187418047613,8.800603787048231e-25,0.490739884191655,PASS,
2687,ZDHHC17,B cell,1.46751026444838,0.621446825667357,0.716754678855956,0.615590261230116,8.40403402083574,3.17598182145953e-12,0.49072439993358574,PASS,
2688,PAXX,B cell,1.33227709126926,0.0713874827531559,0.240188765605753,0.230664271682225,8.65567899799895,4.39402452012573e-25,0.4906883794894768,PASS,
2689,KCNQ1OT1,dS2,1.16869338040421,1.8220310646639,1.60928165273726,1.30035322425049,9.84442648698243,9.10527982605291e-52,0.4906860297795832,PASS,
2692,MSRB3,B cell,0.691503382389232,0.0412018811692326,0.103355402844278,0.044162262589485,8.29018783644065,6.39040350995323e-10,0.4906708303421112,PASS,
2693,CAVIN1,Prv-CCL19,0.452620474765891,1.15225242643548,1.18206544416397,0.748064169288319,9.59646669081553,5.039623824045041e-19,0.49064457088871494,PASS,
2694,IFI6,Mɸ4-infiltrated,3.56779018458372,1.10821890470635,2.38842505748798,1.76018219890285,8.79448526223878,1.88221340531555e-76,0.49062798690616855,PASS,
2695,RBPJ,cDC2,0.85053063260237,0.011580246588538,0.819185067326714,0.267639236982776,8.45870073959142,4.95712759780539e-14,0.4906159842381631,PASS,
2697,TXNIP,EC-aPCV,1.73769799170341,0.891860758305082,0.900997378694974,0.839092311393447,11.4128683489798,5.5691174119876e-15,0.4905803542306307,PASS,
2698,TNRC6B,Mɸ4-infiltrated,0.904936838344598,0.681991566299863,1.35768127445449,0.703727766699299,7.99571960424444,1.11542663192485e-22,0.4905763431564646,PASS,
2699,RNF149,B cell,1.12668965541349,0.354696227643097,0.491417221173039,0.373681520101144,8.42306622399185,7.130682791786881e-09,0.4905673463956325,PASS,
2700,ATOX1,B cell,0.974790702652341,0.156191157646163,0.607271115733938,0.293767393821499,8.49734378179052,1.7501424128654e-09,0.49056410687243124,PASS,
2701,IGFBP5,cDC2,1.98313089917822,0.492329427210752,0.716310950044693,0.677800686028852,6.81014840702188,1.47828454746879e-07,0.4905460171003103,PASS,
2702,C1orf21,B cell,0.627828902154352,0.119444408889779,0.118933593294155,0.0694451269737122,8.292166329026,1.01027640902047e-10,0.49053069018996054,PASS,
2703,CLINT1,B cell,1.46166665589564,0.670975174961508,0.587448989468337,0.601815132089974,8.57016634605622,1.97966375754496e-14,0.490513596473153,PASS,
2704,RPS11,EC-aPCV,0.716048454080473,0.813418592299623,0.864933462701839,0.578838859069963,10.4899120092848,3.1939633974178e-07,0.49047962132460254,PASS,
2705,RPS10,dS2,1.19571831902145,1.20859171104814,1.28615544047027,0.962994862515419,10.3294223459639,1.7784774728361e-71,0.49047864194315394,PASS,
2706,BNIP3L,Mɸ4-infiltrated,0.349097529208393,0.216376447284814,1.13411637004571,0.335623797875072,8.64290556529292,9.357588144245651e-35,0.49045629906014326,PASS,
2708,SRGAP1,Treg,0.20452039398651,0.0944154380053317,0.709414278443988,0.136996264014155,8.34209896854475,0.0060251112471508,0.4904369421256342,PASS,
2709,SRRM2,EC-tip,0.75428064750154,0.277228029439356,0.242113279821511,0.196678738131463,8.72966993808325,1.50193618322395e-42,0.49040160153362794,PASS,
2710,RRAGD,Mɸ1-LYVE1,0.910258663202556,0.153909342607901,0.146106655795561,0.153651789007759,7.63706927832478,1.08764295380691e-24,0.49039408924924405,PASS,
2711,CREG1,B cell,0.948027862164149,0.0346477279507902,0.0984467822007069,0.101118100893068,8.32572712298406,2.25734312060832e-10,0.4903699743965465,PASS,
2712,CUX2,B cell,0.748194286758605,0.0453170535036388,0.141954191517186,0.0753498131743423,8.29233648467845,6.42830464990759e-14,0.49035868629008567,PASS,
2713,AKAP10,Mɸ4-infiltrated,0.622093230705674,0.569059307644259,1.39626644045949,0.613254912883296,7.62202014218011,2.11478945646782e-22,0.4903034618369281,PASS,
2714,DIAPH1,Mɸ1-LYVE1,0.680163122004847,1.8539911094797,1.83453671180369,1.27876208603047,7.63151858511396,8.78362060455232e-43,0.4902991947275911,PASS,
2715,CYYR1,B cell,0.570268425291132,0.0220011390959813,0.113698768640929,0.0220513648774752,8.28822433031148,1.50409989002078e-10,0.4902904675670884,PASS,
2717,SORL1,Treg,1.88732812907438,1.57380513819741,1.37666103905893,1.29343236393518,8.63055712776701,0.001252331604861,0.49023863703321796,PASS,
2718,ARF3,B cell,0.926134933956402,0.104366615056934,0.376965167819898,0.205253728819731,8.39264628381483,9.70661374222241e-10,0.49021481226309394,PASS,
2719,AEBP1,B cell,1.17141804665927,0.45230078791042,0.290894260113226,0.373525005835248,8.34329951102047,3.27355553625507e-09,0.49020828970819,PASS,
2722,TCEA3,Treg,0.922789535129691,0.249649428539616,0.130755556360205,0.194749415482171,8.34084971630947,0.0069735752894207,0.4901896283972378,PASS,
2723,ZYG11B,cDC2,1.20932977611466,0.0896079019648081,0.973521435099756,0.427937076461965,6.92521388525951,9.11537677040339e-07,0.4901661052034189,PASS,
2724,ASAH1,Prv-CCL19,0.230620371115465,1.20091601805061,1.03922533107301,0.688772914278346,9.00407634083404,6.82679788149033e-12,0.4901597312154395,PASS,
2726,DNM3OS,EC-tip,2.29860907581548,1.97613441838801,1.49186528606815,1.58535605078592,7.4021755267304,2.82076371605723e-63,0.4901576619113314,PASS,
2727,GAS6,Treg,0.616778413532799,0.237355512929512,0.075399381768581,0.110590281220879,8.33643236447128,2.78738392918858e-07,0.4901442954515845,PASS,
2728,ZNF292,Mɸ4-infiltrated,0.40344430086917,0.230393604896656,1.45975087706721,0.451268422414918,8.06285946667225,1.80795900779765e-40,0.49012913376673367,PASS,
2729,CD84,Mɸ4-infiltrated,0.861887227445051,1.06243844098132,1.89980841067106,1.0124456309466,8.87554032286192,3.60354361430361e-60,0.49012774183676355,PASS,
2732,TEAD1,EC-tip,1.00613481998347,0.0168452575560622,0.22341060451296,0.14691329458138,7.56084602581248,8.00098460371948e-34,0.49009662996583564,PASS,
2733,EPHB1,B cell,0.888822806296993,0.0249464103859495,0.137835106462744,0.101867560878632,8.29439590870573,1.60693311923083e-16,0.4900791256413865,PASS,
2734,ZNF467,B cell,0.81734366145437,0.0724583795772589,0.0682567906447598,0.0865764147082151,8.29353597579753,1.63081112896855e-16,0.49007155402219044,PASS,
2735,NPEPPS,Mɸ4-infiltrated,0.201377520474437,0.343008664506744,1.25714080098037,0.397954993195044,7.95122286485374,4.82297282041524e-31,0.49006082012087887,PASS,
2736,LGALS3BP,Mɸ4-infiltrated,2.05876540481128,0.613317871795741,1.40259817473596,0.946758129147091,7.39879519279432,2.09386524398568e-24,0.4900476232433076,PASS,
2737,NCAPD3,cDC2,0.0741085807886343,1.00485535390733,0.340674816170899,0.38182920530078,6.99140789648364,1.74749022048307e-06,0.4900356309392958,PASS,
2738,ZNF395,cDC2,0.220963504838473,0.241013229921827,1.24467609500254,0.358685294245483,6.77581682993354,3.05053873120746e-06,0.49000240077016427,PASS,
2739,OPN3,B cell,1.39428632925889,0.0497227790857989,0.658960346459366,0.36664612499058,8.44251088737053,5.88899329386558e-26,0.48998554394545224,PASS,
2740,STX7,Mɸ4-infiltrated,1.2642628141722,1.22889241541489,1.5914368689646,1.08133089241285,8.07865578527003,1.22613314341763e-32,0.48997634916880767,PASS,
2741,MDFIC,cDC2,1.70508067639494,0.613066564617296,0.52588830259626,0.624307451356956,7.08815804181169,6.49658097961643e-06,0.4899176907553406,PASS,
2742,SOAT1,Mɸ1-LYVE1,1.29926700569261,0.352299665499178,0.614434147281997,0.45711804810799,8.22299643398567,3.21553520033338e-40,0.4898957279563949,PASS,
2746,CH25H,cDC2,0.616736339365615,0.0733556086018282,1.45718539534816,0.43776665360661,6.77723853846465,1.47012305489848e-12,0.48986001235445353,PASS,
2747,BTG2,B cell,0.73016089615124,0.0187553553315745,0.547081404233876,0.184484664228265,8.99846818754489,1.60826481689389e-07,0.4898516236027081,PASS,
2751,ID1,EC-aPCV,0.679256634638296,1.70255375623342,1.35261811678899,1.08503221885874,11.0667579348815,1.8389550270008e-16,0.48981803666497914,PASS,
2752,VTI1B,Mɸ1-LYVE1,0.671993722398376,0.0016052545479972,0.0126108634371508,0.0183084303164406,7.96831839180996,6.87793897795466e-26,0.4897934003806937,PASS,
2753,CHURC1,EC-tip,0.88852052455128,0.237680465317609,0.513857314526754,0.297499897684465,8.14093557222339,1.01646965075083e-37,0.4897929206234,PASS,
2754,CMKLR1,B cell,0.814826540952726,0.0502878102773479,0.213843944811096,0.124181858105606,8.2952250868341,7.73454193886457e-15,0.4897624193419898,PASS,
2756,ZFP36L1,Mɸ4-infiltrated,0.523237662829567,0.271019896665759,1.12818935596225,0.406898556777235,10.3336392445565,3.09698451283526e-28,0.4897335932339665,PASS,
2757,SRGAP2B,B cell,1.01749809970381,0.0872385550552716,0.294391426164694,0.204799559976524,8.33537616814519,1.03279986858237e-09,0.48973264308589715,PASS,
2758,ATXN7L1,cDC2,1.85060668569141,0.592814852531717,1.10378539044867,0.814122946707338,6.80686746505295,4.62659839422064e-06,0.48970496169664884,PASS,
2759,LIMA1,EC-PCV,0.945091260787788,1.33759593049923,1.2453576511882,0.963260486564251,8.66936972348374,0.0001150914560988,0.4896882287358528,PASS,
2760,EPDR1,Mɸ1-LYVE1,1.31329533914607,0.295030919534767,0.135173743313096,0.307716657349046,7.22586916322393,1.4434869348441e-33,0.4896783903112631,PASS,
2761,ADD3,cDC2,1.56476501900172,0.0138690964423216,0.73465585606369,0.416101537457748,7.19359694351043,1.54307955423978e-10,0.48967461841699184,PASS,
2762,AC005224.3,B cell,0.846767922819311,0.138916302036383,0.0909498314742232,0.134206260906982,8.3030527963737,1.67640352182501e-09,0.48966986956062636,PASS,
2763,RPS10,EC-tip,0.372267416869158,0.946505329739716,0.891254564068864,0.582482784277602,9.87838606796259,2.89438152689378e-61,0.48965207217597434,PASS,
2765,PNISR,B cell,0.403690759833999,0.620638790277738,0.621786642237358,0.382103235215458,9.86579482438725,2.59798869283062e-09,0.48963809198640035,PASS,
2767,SEPT11,B cell,1.42983133634183,0.406286203949075,0.816736176799925,0.568781606651969,8.38493503894752,6.93937059446026e-16,0.48961684585644105,PASS,
2768,SPATS2L,B cell,0.865521189892616,0.227582647651751,0.232337426268427,0.214193160433218,8.3078397706906,2.24612394946412e-11,0.489600386353878,PASS,
2769,COL14A1,Treg,0.374474249156352,0.0638443652671069,0.270869854693577,0.0568908334789377,8.33225305804454,0.000762243674129,0.4895700620873803,PASS,
2770,ARGLU1,EC-tip,0.915944365881397,0.542877445432256,0.491001455533371,0.424058233850227,9.07803670996985,1.33546562601595e-44,0.48956089864316626,PASS,
2771,RPL31,EC-tip,0.620155319959269,0.283508035490316,0.31610968958955,0.208905283043395,9.55503662430519,2.8279818739906e-40,0.489556928577391,PASS,
2772,ADA2,B cell,0.840073028867978,0.0733799300392708,0.0197428106504976,0.0897795913276385,8.39556014132943,4.41461589488138e-09,0.4895400292685323,PASS,
2774,ROMO1,B cell,0.858899239221036,0.0173453781169746,0.20236629621105,0.122591236742939,8.55159354258376,3.85230757149153e-10,0.48950872834751297,PASS,
2775,SRRM1,EC-tip,0.830099781462972,0.354703061559761,0.13465361398049,0.233026727211126,8.43283485657972,2.33337830478351e-42,0.4894762215780509,PASS,
2776,MSRB1,B cell,1.00332984226964,0.0440676848076049,0.0318414982500794,0.117836107756748,8.3162676746088,9.47326112236086e-13,0.4894510577268529,PASS,
2778,SLC12A3,B cell,0.653880230910692,0.050576256875394,0.358623703012747,0.137919096621959,8.29446379193708,7.43946627062577e-08,0.4894128365593505,PASS,
2779,TBC1D2B,Mɸ4-infiltrated,0.383105645751496,0.784999685853005,1.74396415652696,0.765222223689234,7.56694344810162,7.15846397535062e-37,0.48938461582866666,PASS,
2781,GLUL,Treg,1.28668584808446,0.0915485110942767,0.312761714684467,0.2764205327149,8.37545005156962,7.87078039871227e-07,0.4893603159240988,PASS,
2782,PRKCE,Mɸ1-LYVE1,1.40953403683077,0.197834008230296,0.34797225490141,0.355021801497741,7.30468958402172,1.5201558435715e-33,0.4893478570588444,PASS,
2783,CUX1,B cell,1.20672324188919,0.124408808851572,0.587099624772301,0.349642563823186,8.45113893571698,4.22398757025347e-17,0.48931758704973816,PASS,
2784,PHLDA3,B cell,0.502247339566667,0.0436756989550718,0.166320057860789,0.0523214785291152,8.28879842422382,2.23952391193756e-07,0.4893135810325045,PASS,
2787,CREG1,Mɸ1-LYVE1,1.27580712370315,0.425144279184932,0.406658098671444,0.435871256207073,9.6648697662309,2.37351001905461e-83,0.48924306076164936,PASS,
2789,CYBB,B cell,1.02518006431416,0.277893609570993,0.150128280344294,0.252780689854701,8.85302244857092,2.83146533379322e-11,0.48923540778177055,PASS,
2791,ACTA2,Prv-CCL19,0.743995284181365,1.41666694597524,1.21496073926558,0.951520672216455,12.4740199971683,2.9029295566634e-16,0.4892308256168987,PASS,
2792,EVI2A,Mɸ4-infiltrated,1.39266456643765,0.989736026475672,1.39216445844724,0.966209236026087,7.98667263296468,4.01124211194195e-23,0.489230802556245,PASS,
2793,CD33,B cell,0.515355906160607,0.130463477989152,0.126639021690191,0.0806384458894829,8.29098234557414,7.06953987772916e-08,0.48921867106439104,PASS,
2794,ACSM3,Treg,0.969867039758819,0.183293487204649,0.171525776033034,0.209632902135288,8.34019673869363,0.0098912160579511,0.48921853901972456,PASS,
2795,FOS,cDC2,1.71925550123484,0.107692464022979,0.11026146640191,0.321968858579462,9.15509862103658,1.0486875351947e-05,0.489215423539329,PASS,
2796,ZNF189,EC-tip,1.18379540017597,0.270647684840721,0.21320253749303,0.301708915999911,7.30602439620657,2.24217837431056e-31,0.4891976473722543,PASS,
2797,SPN,B cell,1.4536201960207,0.0893257899922737,0.579642967803392,0.388890845689617,8.33837908962895,9.84455154335667e-27,0.4891781536409967,PASS,
2798,HLA-A,Prv-CCL19,0.575993834615917,1.14016865282361,0.99567381891167,0.742647663219072,10.3587000310801,9.66454928404957e-20,0.4891409268468761,PASS,
2800,MED13L,EC-tip,1.13036817657056,0.348655825804601,0.244080575373227,0.332272769610158,7.69386866801566,4.03184000858067e-39,0.4890879300261962,PASS,
2801,MXRA7,EC-tip,0.994492646655409,0.555053097606659,0.372562701254642,0.422226431922473,8.06048158230022,3.526660040497201e-36,0.48906237844897116,PASS,
2803,GMNN,EC-aPCV,1.27931248446278,0.0332935826819998,0.158355899787586,0.215707454325287,7.93598552766477,7.50006495780538e-10,0.4890320516108738,PASS,
2804,EPAS1,EC-aPCV,1.64048053229244,1.28325380064441,1.24064793107087,1.09978916726102,9.08178961571311,0.0001486710250825,0.4890213160270575,PASS,
2807,TLR2,cDC2,1.85139719974418,0.424966692818184,1.10861284609891,0.761021381681848,7.22004543130806,2.52179986404516e-09,0.48894404122151847,PASS,
2808,MRC1,Mɸ4-infiltrated,3.73157999128077,2.02665984894852,1.51235644707739,1.94852829177034,8.89090482980556,1.32114019633271e-65,0.48893442862298236,PASS,
2809,FAM20A,Mɸ4-infiltrated,1.11466269668362,1.93637328005947,2.87898852664547,1.72905742719,7.62984260182951,3.3008222570065e-72,0.48893196947381595,PASS,
2810,FLOT1,B cell,1.00843797317219,0.0543103303848587,0.202291082260398,0.182356127211622,8.41032745221749,6.01420127500736e-12,0.4888656836078353,PASS,
2811,RPL23,EC-tip,1.04395652069136,0.514277970073821,0.440931946112204,0.439247637673468,10.193800629039,1.31018935360722e-114,0.48885863768621857,PASS,
2813,UNC93B1,Mɸ4-infiltrated,1.10036822470829,0.758193264848817,1.44348903215709,0.831781907213998,7.89291989614902,2.20500916777437e-27,0.4887741053913894,PASS,
2814,SPHK1,EC-aPCV,1.30093991854193,2.26135144035769,2.19840250399362,1.70930807077236,8.28718040272631,1.13735010691448e-06,0.48875984336622963,PASS,
2819,EBF1,EC-PCV,0.532883696217562,1.33809551520649,1.39164453756984,0.932581199501522,8.34908947161574,9.25942248021252e-05,0.4887429528356511,PASS,
2823,LINC02099,Treg,1.0361268844359,1.15126567870709,1.50442360882792,0.996196305247378,8.50743055733233,0.0025233687669257,0.4886886449497007,PASS,
2824,MAP2K6,B cell,1.16396087006174,0.0951961155882318,0.544433401767638,0.329899602676108,8.3416000152631,5.7650638362671e-13,0.4886727243610825,PASS,
2825,HECW2,EC-tip,1.87933219722304,1.80356068982882,2.09686173433652,1.61622970055671,7.52015136898716,1.44900993207463e-38,0.48866968975472913,PASS,
2826,SLC8A1,Mɸ4-infiltrated,0.755730056168505,0.850664209226498,1.43674607059158,0.795832191594074,8.22209063182858,9.46553092554446e-29,0.48866762509371875,PASS,
2827,NAP1L1,EC-tip,1.15829429891819,0.587934021143519,0.45557677352623,0.500896088144498,8.97445040437305,1.15940027102313e-86,0.48865567713097213,PASS,
2828,ACACB,Mɸ1-LYVE1,1.27141484278303,0.19068973863877,0.288581948858866,0.320465039882404,7.25132296256132,1.16778615300487e-26,0.48863968516593387,PASS,
2829,MAP3K6,EC-aPCV,1.60514012897073,0.627023027672312,0.682779178376015,0.675437008615342,7.9532941729194,3.22187124559078e-05,0.4886342592004886,PASS,
2830,LIPA,Mɸ4-infiltrated,1.97342331275491,2.0785226684652,2.20167066763248,1.78267328176778,8.45778072893574,6.96729384331203e-50,0.48859029040013163,PASS,
2831,SET,cDC2,0.321643435327144,0.477524249077568,0.139166194828383,0.195022691432442,8.93288479423881,1.04088934880785e-06,0.4885844150695799,PASS,
2833,CLEC7A,B cell,0.846561251105002,0.245175752680313,0.194425971281373,0.228072037698722,8.30151597901077,7.49466386043738e-11,0.4885637678468117,PASS,
2834,SELP,EC-PCV,0.506391295238925,1.54115655254146,1.51545117581724,1.04840262661304,8.89074937314203,6.81431962843237e-11,0.4885356054021092,PASS,
2835,AKAP13,EC-aPCV,0.057897596005278,1.02703369994135,0.783859696817872,0.540025887981877,8.38743674340593,1.8987777866517e-06,0.48851168092447217,PASS,
2836,RPS2,dS2,0.032635963359189,0.494305935609874,0.430364464544441,0.223559953129851,12.3786349966281,1.00959272369056e-42,0.4885020703335914,PASS,
2837,TSPAN2,B cell,0.674142635677709,0.0436981552259558,0.0547406076269907,0.0756326851676208,8.29052576212994,3.99267763367445e-12,0.4884826159861266,PASS,
2838,TCN2,cDC2,1.84945095427419,0.265932704638548,1.26140206787939,0.748509902222523,6.80695024049017,4.863990707351751e-10,0.48844740093937306,PASS,
2839,RAP2A,B cell,1.14228551277433,0.376138307458314,0.372445646051373,0.39410198757631,8.33426791102871,1.38054761893245e-07,0.4884347399490454,PASS,
2840,ADAP2,Mɸ4-infiltrated,1.79343051730563,1.75628759239049,2.04047602244489,1.56501590951723,8.23256910369129,6.77572490329688e-43,0.4884222011044469,PASS,
2842,OGFRL1,cDC2,0.721134031226005,1.21747964100656,1.02564043433798,0.825741403646903,8.52832870823443,5.516984840775029e-11,0.4884056056387336,PASS,
2843,SLA2,B cell,0.938287216699837,0.0765236995341732,0.241186795949262,0.197674086277176,8.29916603525397,4.02983259219996e-13,0.48835780848061133,PASS,
2844,NCL,EC-tip,0.902356625593814,0.471524416104353,0.288495344128235,0.360862290276168,9.15562169351765,3.38312813820284e-54,0.48830525566261856,PASS,
2845,EMB,Mɸ1-LYVE1,0.86909927852408,1.79807200842825,1.61358555834227,1.26245870331138,8.06421681420292,1.72212316844951e-24,0.4883032656776323,PASS,
2846,CAVIN1,EC-aPCV,0.757585337339192,1.12715122058371,1.13772100501484,0.830290032123141,9.47720601417884,8.5761284164171e-06,0.4882872558746288,PASS,
2847,SNAP29,B cell,1.09729804893663,0.0649936161857263,0.581122956720014,0.322003332733748,8.37204722921234,1.36429652818944e-11,0.4882719264414217,PASS,
2848,CALHM6,Mɸ4-infiltrated,1.49275209017261,1.4214917510438,1.96859178850254,1.34344796681458,7.64640690582812,3.19953257828271e-27,0.48826315793608455,PASS,
2850,MGAT1,B cell,0.861423703604073,0.0060205690968366,0.10572957623053,0.119885414179793,8.45118839914903,2.65435102402374e-09,0.4882030855254333,PASS,
2851,SHD,B cell,1.40753684339737,0.0222157056223423,0.242310190668224,0.278744420560158,8.30884137777226,3.6914889338107e-32,0.48819762568104236,PASS,
2852,S100A11,EC-aPCV,0.339292742683655,0.93676407636242,0.824810397162817,0.579715339292566,9.49001066727484,2.17704440485899e-08,0.4881900594459807,PASS,
2853,ANXA11,EC-aPCV,0.34119246850538,1.21764799635844,1.17674602623146,0.792104954841139,8.48086956334975,4.16486863047275e-06,0.4881775910643008,PASS,
2854,RARRES2,B cell,1.17445810989731,0.281305349958466,0.162902696954667,0.310817614167392,8.32665882404964,3.18609811645647e-11,0.4881657156699471,PASS,
2855,ASIP,B cell,0.58747304946604,0.0252101579019473,0.0906896067400835,0.0681861473391477,8.28903475345206,8.1458357291429e-09,0.4881098278100477,PASS,
2857,LYZ,cDC2,0.69429810317219,1.45925216201704,1.26273062972818,0.990358453688843,12.2475503838879,2.27846224328132e-09,0.4880870003357778,PASS,
2859,KCTD3,EC-tip,1.326241270852,0.124781462360307,0.575417257906912,0.397924907532229,7.51186241020036,3.88706144881525e-48,0.4879928306621082,PASS,
2860,ARHGEF3,EC-aPCV,1.23316288391754,0.156057061715265,0.223600493886631,0.293790820732336,8.09285343603634,2.18292396266731e-09,0.4879918924105749,PASS,
2861,DPYD,cDC2,1.49656043129774,0.345099038604766,0.785459142560194,0.579935932472849,7.22473651293172,1.12763156907254e-05,0.4879786880430312,PASS,
2862,ASAP2,B cell,0.849397859719418,0.0312845772337524,0.0941773504107001,0.129486644831985,8.29397212877298,3.90180999470041e-14,0.4879525201873253,PASS,
2864,PRDM1,Treg,1.51868817678572,1.0741340710712,1.21161113108269,0.997914188220555,9.348444018639,0.0014055064353534,0.48790068832479133,PASS,
2865,PTCRA,Mɸ1-LYVE1,1.51908864047382,0.517406455671269,0.488813769738844,0.573245671634467,7.25013951951807,6.72879944590327e-28,0.48786422043534566,PASS,
2866,MLKL,EC-PCV,0.0435208897050112,1.51604260842315,1.28722853142912,0.887631897541592,8.18176694593338,8.70802073277154e-07,0.48784812939216177,PASS,
2867,NAP1L1,B cell,1.00399719247916,0.531097616474927,0.250291169571617,0.404513096730449,9.40579572701972,1.43311866976559e-14,0.4878393827770553,PASS,
2870,MSI2,B cell,0.426087330724557,0.943990814844526,1.16864517019556,0.703301502203324,8.46978009556304,9.88993045788408e-08,0.48782281096568225,PASS,
2871,PRKX,Mɸ4-infiltrated,1.00758862445079,1.13209324055769,1.60408977352735,1.02490046389749,7.65581215090556,9.982035025436229e-22,0.4877903453754231,PASS,
2873,IFNAR1,Mɸ4-infiltrated,0.568123662069773,0.676565094923529,1.16123181818881,0.624668980133413,8.19003457995257,8.72301561483366e-23,0.48776997721514137,PASS,
2874,TMSB4X,EC-tip,0.81195985577402,0.277861620061382,0.278803369846475,0.27396232955499,12.3071713548986,6.1221157035221e-83,0.48772756473972917,PASS,
2875,NUAK1,EC-aPCV,0.951945834069797,0.276510670915207,0.0076216313474053,0.228834769853682,8.53160743177392,3.45669748492753e-09,0.4877152572571721,PASS,
2881,SLC1A3,Mɸ4-infiltrated,4.23833559862714,2.415330828306,1.2203973770758,2.160568008659,7.71198670050692,1.68975070714175e-100,0.48760211259520425,PASS,
2882,FEZ1,EC-tip,1.2192878512596,0.0672626934613215,0.0633269494312333,0.220587059172419,7.17356018277925,2.98782091224148e-35,0.4875750682925841,PASS,
2884,WDFY1,EC-tip,1.59997234081301,0.653813982934901,0.49139794573145,0.651015466995651,7.64983389111582,1.29508512057064e-62,0.4875665213062336,PASS,
2893,MYOF,B cell,0.710182560838256,0.128046821330095,0.223619471290736,0.184050069767097,8.29646393799731,3.21703875371654e-09,0.4874659316913625,PASS,
2895,MBNL1,Mɸ4-infiltrated,0.861692774311715,0.817804968804618,1.18860778546938,0.756018564267035,8.69059348609169,1.96994584255727e-30,0.4874556213472808,PASS,
2896,CDYL,B cell,1.49022411228159,0.457666379172504,0.698679217264651,0.609071815001513,8.45498525028965,1.55917334339203e-16,0.4874438750220826,PASS,
2897,CLEC11A,EC-aPCV,1.41048288266291,0.439347828586253,0.423436450044692,0.509778768374177,7.86026836143636,4.67158343233317e-05,0.487399579103951,PASS,
2898,ANKDD1A,Treg,0.204747656893314,0.352306249063394,1.18618353909369,0.433991273620892,8.36906996823017,2.26275534101184e-06,0.4873973271008637,PASS,
2899,VMP1,Mɸ4-infiltrated,0.90822594191657,0.589034381410144,1.15654154582819,0.66711826237604,9.84643644304043,1.16565156922876e-31,0.48735885353778974,PASS,
2900,NET1,cDC2,0.460285414709614,1.04846576337463,1.65980263966032,0.898911013447638,7.43807342533331,6.67577167619919e-07,0.4873277431206924,PASS,
2902,NHSL1,Mɸ1-LYVE1,1.58588517579207,0.0266907882251005,0.13385185922577,0.306391722794203,7.37403008187764,5.24699942047434e-64,0.48731755858329384,PASS,
2903,LRRFIP1,EC-PCV,0.281609516078605,0.979304932020996,1.06824338798456,0.668329350878854,9.1285605829585,1.19002151264267e-09,0.4873133259652811,PASS,
2904,ATP2B4,B cell,1.21319099516635,0.0661603465174287,0.230044118721758,0.272405848740255,8.34363172932438,2.22295024769727e-16,0.487180926360085,PASS,
2909,UBC,EC-aPCV,0.919510711718918,0.369873324568389,0.372737978617846,0.370030299760541,10.3515496968845,6.44279670542132e-11,0.48714604651634047,PASS,
2910,NAP1L1,cDC2,0.453430271735551,0.675516540246259,0.432243632001438,0.410841070580919,9.67535958064353,2.78355253845154e-06,0.48711496631337536,PASS,
2913,UGP2,EC-aPCV,0.297502768282638,1.16110628024922,1.23369661402423,0.795627785894372,8.34352840807405,6.90433582970104e-05,0.48703492877860666,PASS,
2915,ANXA3,B cell,0.0976108634491022,0.0818516886381099,0.335866273616964,0.0807816180248822,8.28839961492652,2.64004547413354e-07,0.4869675727898745,PASS,
2917,DUSP3,B cell,0.926855349880534,0.079334247249676,0.270491511197477,0.234153754514397,8.30896525985298,2.50368802472326e-11,0.48691689442745595,PASS,
2918,TLN1,Prv-CCL19,0.440360355710585,1.04913752516135,1.03250562520388,0.72640516321205,9.31822713365223,2.33405281763071e-13,0.48691496530904116,PASS,
2919,RPL7,EC-aPCV,1.03138168322159,0.930552145658015,1.02028891576773,0.800345736310615,10.8580854561126,1.62226746341684e-10,0.48685023722311666,PASS,
2921,CALM1,EC-tip,0.772515212687036,0.204070848277169,0.23909622016114,0.24514369776625,9.8757707804303,5.181534007792701e-47,0.4867802419995716,PASS,
2923,BNIP3,Mɸ1-LYVE1,0.218234929742982,0.374769939865203,1.4193760226347,0.523081775383283,7.43405175109908,2.61021873366773e-31,0.48673277150466165,PASS,
2924,HNRNPA1P48,EC-PCV,0.0373914182971325,0.916072650865217,1.12750645596921,0.619873820736116,8.1180643607791,0.000413996491672,0.4867065916667776,PASS,
2926,EEF2K,EC-tip,1.24815325124295,0.183965853757485,0.541430226983153,0.421305191586039,7.48133996515877,3.73241740449097e-39,0.48666071281014095,PASS,
2933,IFI44,cDC2,1.83702662935147,0.216986095284803,0.978593682652628,0.681428090246717,7.03612588110145,3.8034322064685e-10,0.48653451915751467,PASS,
2935,TMBIM6,Mɸ4-infiltrated,0.0493528458466394,0.207462813386217,0.512849988300546,0.178254548329746,9.68677784525742,2.2014959471203e-23,0.4864858621297928,PASS,
2939,MAN1A1,B cell,1.3506263628018,0.190718018993928,0.345320066182595,0.397217511002646,8.36572061196602,9.128940897666371e-17,0.48638729895993105,PASS,
2943,RPS9,cDC2,0.594264138801856,0.224546928250277,0.206368874412877,0.21694257062415,11.5043013721445,8.13273260942125e-08,0.48631608390687353,PASS,
2945,ZFP36L1,EC-tip,0.818051929201859,0.151175657054003,0.0525921513214301,0.193383575036789,9.0963910236086,3.73053260417368e-38,0.48629691892925464,PASS,
2947,AFF1,EC-aPCV,1.82368526892038,0.929926949541894,0.925518720093805,0.951599109569017,8.2185310262413,3.36859092037968e-07,0.4862649224817756,PASS,
2948,SEPT7,EC-PCV,0.866115990776553,0.277847525460998,0.177411888790751,0.287173838160433,9.0003329895615,4.4243230577967e-05,0.4862621380339996,PASS,
2949,RPL7,cDC2,0.189680297316823,0.442255709240189,0.199459329324809,0.219238282018102,10.445928463503,1.75141712129492e-09,0.48621471548865447,PASS,
2950,NSA2,cDC2,0.974996133522116,0.362970956744018,0.429534798457715,0.412602143731837,8.3621798110329,1.76712071008183e-05,0.4862092379551428,PASS,
2951,CXCL12,Treg,0.339468555965409,0.0588589697637047,0.0550439398027215,0.0620041018743733,8.3289674442499,0.0024014809898972,0.48619653604007923,PASS,
2954,AAK1,Treg,0.133708298107808,0.707339272078866,0.936886711696983,0.514615857662789,9.40938481455875,2.38507619201426e-05,0.48613707000151585,PASS,
2955,GRSF1,B cell,1.02148049659167,0.0911495975570264,0.251881151738789,0.269496112621158,8.43280961465466,3.94871384842638e-11,0.48612715860435174,PASS,
2961,SULF2,B cell,1.63206098768288,0.228534023958332,0.507424764755329,0.522559179707295,8.40316485853523,8.41022965996836e-27,0.4860137479154775,PASS,
2962,ID3,EC-aPCV,0.124079647144953,0.725122421746978,0.507403167870438,0.404688638026813,10.557509527546,1.19172148955962e-05,0.4860018794310389,PASS,
2963,TRIB1,EC-PCV,0.318389496896692,1.53591057791793,1.7382318030282,1.10971371313674,8.21037765466281,6.86459195830383e-07,0.48599869902588416,PASS,
2964,ADSSL1,Mɸ4-infiltrated,0.230583563573422,0.318980013517372,1.72189373177302,0.601760734036637,7.34185614903515,2.20141627165321e-34,0.48598612405037034,PASS,
2967,SH3BP4,B cell,0.818557069390488,0.0543442670719724,0.0605573582919224,0.1654137962298,8.29471503484277,2.42178795772712e-14,0.4859433439855666,PASS,
2970,ADCY1,EC-tip,2.86343047992541,0.313744155197656,0.231644323095667,0.746661808717005,7.5345193091264,1.37232023445129e-191,0.48587920725641365,PASS,
2971,LINC00996,B cell,2.47298213350202,0.832459090788755,1.09544475744568,1.10597207928623,8.43326891458781,2.24237905206766e-47,0.48586905738180786,PASS,
2972,AIF1L,EC-aPCV,1.90242323783339,0.659568189645013,0.709197557992363,0.807701316823693,7.95593758293649,2.09094748023426e-10,0.48586107157629815,PASS,
2973,MARCH1,Mɸ4-infiltrated,1.74780976632726,1.73901287607899,2.69322389705201,1.77099689817592,8.71209987398205,5.58923664146929e-97,0.4858575788108126,PASS,
2975,BST2,B cell,1.31170780507328,0.154615828093117,0.305001986312342,0.375199012966902,8.78385134596072,1.47192855806233e-23,0.48581704733519543,PASS,
2977,CIITA,B cell,1.20625249055087,1.12787583379585,1.05008053511631,0.942004312484311,8.83669268524037,2.27861114902266e-07,0.48579615721960645,PASS,
2981,PTPRC,Treg,0.209058596471599,0.396501708259751,0.616273598852247,0.327581240077976,10.8910051087617,0.0004307392087587,0.4857553770399306,PASS,
2982,SPON2,B cell,1.07276312648347,0.286234409331542,0.230776882724329,0.357866025994708,8.32671430764772,6.4293719906028e-09,0.48575426885352974,PASS,
2989,TRAT1,Treg,0.369805144121326,0.876222848680214,0.0724320108767745,0.404098516118658,8.51347882890953,0.0004463694158616,0.4856176137230708,PASS,
2991,MT-ND2,EC-PCV,0.437635451625806,0.687478394917642,0.978374027622894,0.59128396698101,12.2235553075466,1.12843812498088e-35,0.48555684484046097,PASS,
2992,ATP6V0D2,Mɸ1-LYVE1,1.75644574848633,0.150135786474208,0.376198720154927,0.49117675763345,7.25757646931019,7.40277095415118e-63,0.4855539738882564,PASS,
2996,SMCHD1,EC-tip,1.0902333016305,0.0268275825335347,0.255201903680155,0.274605440285251,7.84259667949528,1.12521640290967e-45,0.4853929926360462,PASS,
2997,SLFN5,B cell,1.34164634856866,0.652187123650707,0.570727254525945,0.656578775436733,8.3657869452659,2.58109364306054e-09,0.4853875944394575,PASS,
2999,FAM198B,cDC2,0.990372745408931,0.467268877299226,1.33338989640072,0.72101611377416,7.01068617054052,4.35920192670612e-06,0.48532932581863514,PASS,
3002,SYF2,Mɸ1-LYVE1,0.873292312311526,0.019144427378128,0.0274683521514509,0.168472260849569,8.07231518300969,5.9310145032508e-40,0.4852638690087003,PASS,
3003,ACTN1,B cell,0.638870528988903,0.160368447631868,0.681589673108259,0.351574628995866,8.31211729910514,6.497084740576251e-09,0.4852401230806897,PASS,
3007,EGLN1,EC-tip,0.993281279416456,0.201216546818042,0.161434535832804,0.301314539696337,8.10413340100575,2.11005295211522e-36,0.4851697136040298,PASS,
3008,MEF2C,EC-tip,1.10011663341747,0.479772794905494,0.610070574716954,0.553312557285902,8.81634933357286,6.57754681672582e-41,0.4851597225422085,PASS,
3009,ORMDL1,Mɸ1-LYVE1,0.894610346102375,0.0175824514938025,0.0540849572300764,0.181612080732993,8.11052929428648,8.62658738431781e-40,0.4851565859866099,PASS,
3011,AL357060.1,EC-aPCV,1.437288560717,0.211824745787048,0.14973863267058,0.395108152227165,7.84165772829636,1.95108992286651e-12,0.4851356524667493,PASS,
3012,EGFR,EC-aPCV,1.48029832634719,0.48246132176298,0.46605682669739,0.595444996001037,7.86440249353633,1.51552585813361e-05,0.4851143338137395,PASS,
3013,MGLL,Mɸ1-LYVE1,1.75494436397552,0.850110150146553,0.863655309841896,0.908118474250848,7.98115247583894,5.25239233853105e-37,0.48504500980257836,PASS,
3014,MOCS2,Mɸ1-LYVE1,1.44965999773494,0.528381607076931,0.751822591672614,0.68659330206669,7.46154016912781,9.38709147515997e-26,0.4850173037185325,PASS,
3016,POLR2J3-1,Treg,0.39062568025443,0.36889976468476,0.818696249132129,0.424501343467058,9.2713129138541,0.0089459446349886,0.4849562739073914,PASS,
3017,KIF5B,B cell,1.02043566835146,0.226110905235379,0.438330099871254,0.395421107529613,8.58140893386944,7.5261204327868e-09,0.4849513927629179,PASS,
3018,LIMS1,EC-PCV,0.775692670721042,0.451597048003121,0.216767656076678,0.373117844792004,9.07183666318322,0.0006782309826323,0.48493869046400473,PASS,
3019,TCF4,EC-tip,0.658381185986765,0.107544847944958,0.295668512110904,0.237438213107965,9.86869701688862,2.16977160648972e-38,0.48491981658821864,PASS,
3020,GCLC,Mɸ1-LYVE1,2.23183854559634,1.065990077046,1.23639639631192,1.20146558558766,7.87436323692837,1.55141252673759e-50,0.4849085776570418,PASS,
3022,GABPB1-AS1,B cell,1.24591360043884,1.66057005624606,1.23014598459448,1.22908633016828,9.10493150806961,1.62116934944673e-15,0.48489231160460344,PASS,
3024,MYC,dS2,0.497537218343024,1.8872348378157,0.479573056610699,0.957527597642074,7.77581544655811,2.67739362743463e-77,0.4848844257532146,PASS,
3026,IGHG3,Treg,0.768865731742701,0.343201224018196,1.10819784367238,0.574227399001831,8.37441315970569,0.0006073996084239,0.484789216551269,PASS,
3027,HMGB2,EC-tip,1.92749024461197,0.401793236250253,0.567508163788908,0.691680636038427,8.06572137946575,6.96520903559199e-97,0.48478269675663366,PASS,
3029,LRP1,cDC2,1.52793449174334,0.688839851333135,1.67173174852104,1.02512379513739,7.07848658654261,8.80105281912989e-10,0.48474044302750346,PASS,
3031,CST3,Mɸ1-LYVE1,0.121138825086495,0.67590136557618,0.281880944489685,0.348859835743211,11.7953079812747,2.68063201622784e-24,0.4847189328328691,PASS,
3032,NPY1R,Prv-CCL19,0.69414284123195,2.49428684657491,2.33236737171569,1.7701429951059,8.70398343692728,5.29833001071258e-29,0.4846444583138518,PASS,
3035,SH3TC1,cDC2,1.34356271409006,0.117558666270415,0.638845397661313,0.481194070451027,6.9906483020692,2.18244063392547e-05,0.484609197266121,PASS,
3036,MACF1,Mɸ4-infiltrated,0.897341705064035,0.904859413410602,1.36852464394624,0.896351982700457,8.32081045296602,1.27268611284764e-28,0.48460049039656394,PASS,
3039,HMGN1,cDC2,0.156830094476211,0.446291957537306,0.0669513967665417,0.212270963608765,9.19899101956864,3.63772956112557e-06,0.4845780801396192,PASS,
3040,LMO2,Mɸ4-infiltrated,1.27945849471726,1.49614871376824,2.06487879450643,1.40882843493653,7.90597551630506,2.85057575219207e-44,0.4845741752216161,PASS,
3043,ST3GAL4,B cell,1.01456362638699,0.0451484270565918,0.0657560388226985,0.232710289517007,8.29906682980424,4.50525800097087e-18,0.48454158106387113,PASS,
3045,IKZF1,Mɸ4-infiltrated,0.244441034182387,0.697497269964485,1.36618363405259,0.681288733191386,7.98242249318061,6.66779208522617e-26,0.48450032909728596,PASS,
3046,TTLL4,Mɸ4-infiltrated,0.234850581930589,0.730911075109176,1.71119106292877,0.788057465407309,7.49026013155742,2.85203479661749e-31,0.4844921862221787,PASS,
3049,ADSSL1,Mɸ1-LYVE1,0.295430761310874,0.337715846013758,1.47226251347453,0.581125007412803,7.23409247929711,1.35922083023949e-27,0.4844612648233865,PASS,
3050,RASAL2,Prv-CCL19,1.50112965203102,1.27943141556877,1.79853450918435,1.29539646505707,8.48598706908363,3.29861799717964e-15,0.48442166253779795,PASS,
3051,CDKN2C,EC-tip,1.54279121646108,0.477877097318058,0.347007693452862,0.587300291316237,7.31487657761085,2.596623772641e-42,0.4844171939747014,PASS,
3052,FAM129A,Mɸ4-infiltrated,0.333135242063367,0.940287002076454,1.83769650124939,0.927425475052518,8.0347141508613,4.118788547916e-41,0.4844117219477922,PASS,
3053,ARHGAP18,Mɸ4-infiltrated,1.46954391436763,1.11562263951138,1.62559972068914,1.17474830245679,8.74826383889175,1.85329443858668e-44,0.4844084886479878,PASS,
3054,CCR1,B cell,1.12610305082701,0.126873988671012,0.277893178167389,0.347195639405562,8.31326192583467,1.1445431176874e-11,0.4843692856221466,PASS,
3055,PRKAR2B,EC-tip,1.86724206708273,0.269591357923966,0.235196918293909,0.545694882222676,7.36512807660846,1.32535103660123e-81,0.48434537753333473,PASS,
3056,TSPAN7,EC-PCV,0.372376021849628,1.02644138442902,1.04945018622017,0.752685510351628,9.21318139764363,1.80041612572032e-07,0.4843402022927904,PASS,
3058,CST7,Mɸ4-infiltrated,0.229280001504543,1.74984454141219,0.0346618534112462,0.736189555206948,7.35918787083505,6.20966422617454e-48,0.48432344853083736,PASS,
3060,KRT5,B cell,0.849792390055248,0.0275364520139931,0.203734205257991,0.234912511812109,8.29747233669562,1.29947587674722e-12,0.4842521411089683,PASS,
3063,CCDC186,B cell,1.76590096063273,0.302856749465641,0.5165945600873,0.616082650469439,8.53437826385863,2.27747630351869e-32,0.48418388330299655,PASS,
3065,CFLAR,Treg,0.183117901350697,0.519470500035956,0.880520182950413,0.473647870679945,9.34655720111766,0.0016293816339244,0.48411643387664105,PASS,
3068,CTSZ,B cell,0.857468703260444,0.0111608979621491,0.084907444338586,0.203251174068885,8.99354888805027,7.48138480960621e-13,0.48402789754513753,PASS,
3069,IFIT3,Mɸ4-infiltrated,2.64329786942561,1.24686086890473,2.852530752532,1.83566772442646,7.75676838745937,1.45507010778176e-51,0.4840144516593165,PASS,
3070,MGAT4A,B cell,1.01971054783797,0.0034683497841982,0.200034798772881,0.264427558030414,8.39228886430375,6.674766644530401e-09,0.4840103510351483,PASS,
3071,SORBS3,Mɸ1-LYVE1,0.981257597299816,0.222319642865761,0.0615582132386808,0.303898298214357,7.64999808686354,3.60986518521675e-25,0.48399377152378537,PASS,
3072,SMIM4,Mɸ1-LYVE1,1.35543059469799,0.281306920079034,0.4386210418815,0.505322378430141,7.77493127404689,2.1634436722883e-45,0.48395174421497233,PASS,
3073,FN1,EC-PCV,3.66558770247998,2.05865133400641,1.57883851268557,2.0314840829575,8.39285855564884,6.61462576662752e-24,0.4839504827181439,PASS,
3074,SLC6A6,Mɸ1-LYVE1,0.659666113120456,1.26613169846953,1.90849534734742,1.15174784741558,7.58805028723422,2.24136779601443e-39,0.48393695957663535,PASS,
3075,RPS20,EC-tip,0.85146771742167,0.616830601298556,0.665905204192239,0.593004789681253,9.60695719070323,3.54535353745078e-55,0.48393263868868197,PASS,
3078,LHFPL2,B cell,0.946810287311109,0.160183685802233,0.0912849645468859,0.283610945486922,8.32554421125359,1.25124276157466e-07,0.4838594641312248,PASS,
3081,PIK3CB,Mɸ4-infiltrated,1.0847658154049,0.7985014976394,1.72527251086356,1.00514599791701,7.74196313056728,8.906193739426959e-30,0.48381517158859033,PASS,
3082,TRIP6,B cell,0.875122255954113,0.244108429265072,0.146493870807434,0.317246703133646,8.30965147865914,4.54359971320039e-08,0.48378759959687273,PASS,
3084,AL357060.1,EC-PCV,1.50834333027663,0.507663882560522,0.262782379712728,0.581087370910038,7.94296109681201,5.99200479358458e-06,0.483762114653828,PASS,
3085,LAP3,Mɸ4-infiltrated,1.53896459229371,1.33523754159524,1.53983103866935,1.26324390091162,8.5107965219463,9.01522114921971e-34,0.48375113464176484,PASS,
3086,RPL7,dS2,0.561392171771863,0.622959012554047,0.320773484078148,0.446879275280492,10.9339550468158,1.67400116382272e-37,0.4837401936130412,PASS,
3087,ERO1A,Mɸ1-LYVE1,0.0705285124489705,0.347860447368144,1.0748615264402,0.444876333105233,7.71796224549331,2.07570760001974e-28,0.4837171029739116,PASS,
3088,PTPRJ,Mɸ4-infiltrated,0.474356757722613,1.00406251787459,1.51442678888783,0.903255721951539,7.99510400836297,5.19291758621137e-33,0.4837152550772519,PASS,
3090,MT-ND5,EC-PCV,0.446849654070062,0.642203314061084,0.676419604316315,0.52740351771476,11.2462173481438,2.37904973993982e-09,0.48369641630741855,PASS,
3091,APPL1,Mɸ4-infiltrated,1.34114379262257,0.771922705819996,1.29108506838642,0.930346280009422,7.83915567082752,5.54672660148553e-22,0.4836683769277226,PASS,
3092,CEP350,EC-tip,1.21132734977612,0.455471730696277,0.62552031101017,0.598491302268064,7.7600637960029,1.45652398318135e-34,0.4836636447031197,PASS,
3096,GPM6B,B cell,0.937837265050009,0.0879801248082842,0.392337596576753,0.343351635546055,8.4331576688912,1.1210829231011e-08,0.4834032361011179,PASS,
3097,FAM184A,Treg,1.85027029397176,0.521698080332768,0.611862985282045,0.758570712239188,8.40025649744608,0.000388430146648,0.48339815766183863,PASS,
3099,LUC7L3,B cell,0.955106701833582,1.02423763631495,0.878201772645255,0.841980247102102,9.32371744141682,2.67959125911206e-11,0.4833289490946998,PASS,
3100,MYD88,B cell,1.12877463278704,0.0366639083793267,0.0192447574583595,0.265414613249672,8.38477491499749,6.11555707479356e-17,0.48332678643331184,PASS,
3102,BAG3,EC-aPCV,0.762574289538793,1.54159170259516,1.75942983084197,1.2524326027528,8.23924305730567,1.81106708418822e-06,0.48322697111536683,PASS,
3103,MT-ND2,EC-tip,0.0276894563263662,0.613951219403807,0.70800703000376,0.449667090081612,11.4462929579076,6.4108744284668e-61,0.48320890499543756,PASS,
3104,M6PR,B cell,1.02909834212095,0.190920199739934,0.378867852291994,0.403004247251549,8.62561326544382,3.18811099525203e-10,0.48313394837438767,PASS,
3107,CST3,Prv-CCL19,0.705875621906566,1.0147401970426,0.874524029049991,0.790015788355502,10.4904753842242,2.2793817991542e-14,0.48309207689475336,PASS,
3108,KAZN,EC-tip,1.72590838161793,0.913636359350292,0.894145664594736,0.96883546238548,7.43210431122065,5.499330031131671e-46,0.4830053936710282,PASS,
3109,CARD16,Treg,0.474035238208929,0.362654890095611,0.858759905957817,0.487199878542545,9.39241988653135,0.000776192499657,0.4829913962750405,PASS,
3110,SYNPO2,Prv-CCL19,0.988363428708281,1.52572412987639,1.2066239241372,1.14356225645587,9.9721791685844,4.82884481924736e-15,0.4829638446661922,PASS,
3111,NPC2,Mɸ4-infiltrated,0.76223278791029,1.07109868723815,1.00913321090423,0.862609909887216,10.1911000585609,1.14012186018243e-48,0.48295547688821916,PASS,
3114,NDUFA13,EC-PCV,0.519550851874903,0.989276349473706,1.13517031124136,0.815861551865804,8.68163761866914,4.41726408546374e-06,0.4829166991449697,PASS,
3117,MTHFD2,EC-aPCV,2.00720641257963,0.400908766588775,0.570743284948284,0.74315173847221,7.86974360174217,2.30215498091065e-20,0.48285902112565315,PASS,
3120,GPBAR1,Mɸ1-LYVE1,0.284708311826688,1.78709477358072,1.11082941508405,1.07895476210933,7.28077624200018,1.2606999694511e-33,0.4828526966267749,PASS,
3121,LILRB4,B cell,2.10715022745651,0.0702304068375652,0.606685846348281,0.647096582935248,8.34110082941751,8.13308833864073e-65,0.4828380219446184,PASS,
3124,GNAQ,cDC2,1.58883113046528,0.113857803183429,0.867632785641527,0.626766841845466,7.69201842365572,1.51757658345213e-17,0.4827703284425522,PASS,
3129,IFIT2,Mɸ4-infiltrated,2.38083719037344,1.27011413516085,2.42958422966258,1.68383474812606,7.56587176246475,2.69952389418374e-33,0.4826790023938781,PASS,
3130,PLBD2,Mɸ1-LYVE1,0.997170499565318,0.038280570266217,0.458435477656335,0.36889797891964,7.61702745537977,3.44462943912949e-23,0.4826534974602153,PASS,
3131,ITPR3,EC-aPCV,1.33138254002349,0.296005637055646,0.289326052504888,0.490874366134238,7.90707043004968,3.16829615563421e-05,0.48263945171624734,PASS,
3132,SPRY2,EC-tip,1.36713880654523,0.590208973095654,0.438928332543932,0.651807198767232,7.30989164340102,4.36346086782399e-32,0.4826083946305451,PASS,
3133,LRG1,cDC2,0.397445561979106,0.495789293056768,1.44360483744561,0.688858948500833,6.8389041930676,2.24495214041788e-06,0.4825922229453662,PASS,
3135,MYO1G,cDC2,0.424573299136592,0.108030022178794,1.25186706176558,0.493807626549058,7.27252927090362,1.84524684359964e-10,0.4825753932055246,PASS,
3136,FNIP2,B cell,0.735578385401582,0.0083953472771122,0.151288144390837,0.225080769736854,8.30118386365714,5.57670257500572e-12,0.4825722179275391,PASS,
3138,PALLD,B cell,0.861748536287971,0.259016249373227,0.743449835384588,0.504319884800559,8.3222899654336,1.38408389849805e-07,0.4825009287870635,PASS,
3139,LY96,B cell,0.941003057577555,0.0207572454469039,0.0140863288648449,0.236751034149206,8.40954656858493,1.04173449019515e-09,0.4824985609851518,PASS,
3142,MT-ND1,Prv-CCL19,0.217100118844374,0.32500446295283,0.552730965044026,0.3498604783252,12.5980340701182,1.76647952759065e-11,0.4824473566704922,PASS,
3143,LRRFIP1,Mɸ1-LYVE1,0.31793594128149,0.751338274892179,1.08907460286636,0.678642446771332,8.83283988646041,1.00635092130518e-32,0.4824009604459303,PASS,
3145,FZD3,B cell,1.00264753415764,0.0061382431211805,0.260052778371018,0.310849557438736,8.31438752999057,1.05542570688812e-10,0.4823760774135007,PASS,
3146,IFI16,cDC2,0.855964382724624,0.176943817173918,0.603926594931494,0.437297975794324,8.29503917663783,9.17015655449011e-06,0.4823581487921207,PASS,
3147,GLIPR1,B cell,0.947829716022725,0.0457042304271368,0.0442951562360931,0.258846288943473,8.70898881076858,1.05547130241798e-11,0.4823332495828804,PASS,
3148,COL8A1,Treg,0.442554262038074,0.129914385942806,0.080138569831595,0.198872978972036,8.33433057690402,4.6864565344459e-06,0.482314177005498,PASS,
3150,RDH11,Mɸ4-infiltrated,0.416043150544073,0.789470827312595,1.38286142642816,0.795642237016379,7.7605085637862,1.14677502052851e-23,0.4822559900716008,PASS,
3151,CBLB,Treg,0.530496098345371,0.158570181390941,0.815497038277933,0.42303104010763,8.66049973390813,0.0051412973984843,0.48225492865229264,PASS,
3152,CPM,Prv-CCL19,3.31868670472093,0.995502994594688,0.329804701235765,1.20260708536782,8.34235530716042,1.85255939766816e-73,0.4822422490318394,PASS,
3154,AOC1,B cell,0.232781638373714,0.0512333488901536,0.510994194165085,0.242552231456745,8.29489759329383,1.21690245443493e-10,0.48222695570166724,PASS,
3156,RAMP3,EC-aPCV,1.45777964725583,1.65676478101385,1.4428862904884,1.37148490064202,8.9679128281173,2.12898210771241e-06,0.4821556268380431,PASS,
3157,PLSCR1,B cell,0.884481407224702,0.0353691129166107,0.55699741853303,0.380876336279571,8.40779514020043,1.2090898195076e-08,0.4821535606993105,PASS,
3158,FOS,EC-aPCV,2.48403362958213,1.20706355965316,1.14004347426831,1.32776515066697,9.48550994833377,4.672608748066899e-12,0.4820893031601887,PASS,
3160,HDDC2,Mɸ1-LYVE1,1.44001027351907,0.313693444661636,0.51347039666614,0.590240525400111,7.52235385649419,2.25398523531291e-41,0.4820679968705056,PASS,
3161,CHURC1,Mɸ1-LYVE1,0.825133543593601,0.0889583978526315,0.18724405607179,0.29325679307843,8.09178639936055,5.210502586717e-29,0.4820671304428692,PASS,
3162,IGFBP5,Prv-CCL19,1.24252161092315,2.32030729481839,2.21120458330854,1.8132787577785,12.4095675387385,1.50973445827733e-56,0.48206490094214355,PASS,
3164,CRTAP,cDC2,1.49399562706734,0.315358128442233,0.684720568357744,0.648091466625369,7.29291468827089,6.0558990004111e-07,0.4820490893221336,PASS,
3166,NUCKS1,Mɸ4-infiltrated,1.33591928804235,1.27096433969225,1.33240194686933,1.16308244624706,8.24279144986693,3.951801811526839e-30,0.4820481413113934,PASS,
3168,ADORA3,Mɸ1-LYVE1,2.02544320446104,0.760732017217372,0.878646406567532,0.983590894477346,7.9749813458941,2.74420041931977e-59,0.4820414464402392,PASS,
3169,IGF2R,B cell,1.29083120084467,0.209978111429158,0.169729080617013,0.431173177306258,8.37977594448048,1.4302688954843e-14,0.4819584942643664,PASS,
3171,CD22,Mɸ1-LYVE1,1.57201299288868,0.0566078301132152,0.339763043276087,0.475770100840178,7.29896308747357,2.36761437556652e-46,0.48195184856132345,PASS,
3172,RPL17,EC-PCV,0.0387141574686375,0.9324656967074,1.37168283291367,0.777825446952507,9.19761187191039,3.75345988252013e-29,0.4819380888601623,PASS,
3173,CFH,cDC2,1.66421139421197,0.14172531109033,0.307266849342209,0.519085360782569,6.76858256911602,4.78687305122571e-07,0.48192057897415286,PASS,
3174,HLA-A,EC-PCV,0.551941999811228,0.407074448250635,0.315245396108745,0.395932094717126,11.2062642688927,0.0004357144252254,0.4818978095829368,PASS,
3176,MINDY2,Mɸ4-infiltrated,0.761621511967835,0.741419042361268,1.96182806231564,1.01329941389146,7.60486737437438,2.71601150274487e-42,0.48184930189063707,PASS,
3177,PARP15,B cell,0.129695788963435,0.939600411491724,0.725549784673547,0.626487590231093,8.58885448890612,1.02733384216149e-07,0.4818176980326762,PASS,
3178,KDELR1,B cell,0.967804511895589,0.0246772395654858,0.256727706635474,0.322635362310161,8.47466178241407,4.992349852770689e-11,0.4817391536579514,PASS,
3180,PRKG1,Prv-CCL19,0.511593026364215,1.34007243782252,1.40608333957054,1.04618300374802,8.62565170332021,7.58554868650488e-12,0.48170405605701266,PASS,
3183,CCL20,Mɸ1-LYVE1,0.0153136640705391,0.205603774666083,1.25282203069094,0.466747936170379,7.19611065264658,6.36662272598586e-39,0.48166584286440317,PASS,
3186,SCIN,EC-tip,2.46054901976816,1.16379918159911,1.56170111987665,1.42950712773829,7.42591037174301,3.83477969164817e-70,0.48157528356727697,PASS,
3194,TXK,Treg,0.463346036414972,1.36948338584285,0.72016567056517,0.868717057393409,8.44869132737499,9.83424384250369e-05,0.4812920616263197,PASS,
3196,YEATS2,Mɸ4-infiltrated,0.372015845078558,0.78245049240455,1.49925849856326,0.832409397635487,7.4684592872254,1.06679997068716e-20,0.48127784209444774,PASS,
3197,ZNF880,EC-tip,1.73196023769175,0.770555397375994,0.71635801677887,0.894900916531553,7.3493061273388,3.24740772354272e-50,0.48125797332476256,PASS,
3201,B3GNT8,Mɸ1-LYVE1,1.72070911120261,0.566485467543841,0.787102520723291,0.835251862836885,7.27625717248044,2.370877644542e-29,0.4811104104710354,PASS,
3204,PIAS1,EC-aPCV,1.06703221791555,0.109178565242399,0.0571385029264274,0.335679513418414,8.06441669602502,2.76893804069809e-08,0.48106618718056765,PASS,
3205,HLA-DRB1,EC-PCV,0.469448593411046,0.807959317326382,0.745788023010975,0.662673881372184,10.6813665675546,2.40795893747508e-07,0.48104844212532294,PASS,
3206,IGFBP5,EC-tip,1.6980758651692,0.634420817114357,1.17870514657438,0.963729468246261,7.24048988771013,3.90871786916249e-41,0.48102383500332657,PASS,
3207,RPS10,cDC2,0.216914551702407,0.340992738770754,0.697792609753451,0.422513877746875,10.3796854879666,2.35826116247896e-07,0.4809979260368727,PASS,
3208,TPM3,EC-aPCV,0.332358628602443,0.815482744334152,0.765366146175199,0.644662288539068,9.47282153725726,6.33917168537283e-05,0.48097710893427337,PASS,
3209,RTN4,cDC2,0.392912544393881,0.0965440523655679,0.520254133987386,0.31937699040041,8.46311288635118,1.61670040347052e-05,0.48095576715204497,PASS,
3210,CST3,EC-tip,0.14414846394047,1.04233273202007,0.780247722659465,0.699135895976151,9.55775362664862,1.58794187190891e-42,0.4809540427392686,PASS,
3213,PPT1,Mɸ4-infiltrated,1.26133406510061,1.02405450038282,0.67493099233617,0.89147733586923,8.45090563219028,7.7253488522941e-25,0.4808485494355487,PASS,
3220,RNASE1,Mɸ4-infiltrated,1.62130433952643,1.85707140792159,3.11634797523375,1.98344565695473,9.56646351206503,4.21970892586142e-54,0.4805668487817388,PASS,
3222,KCTD12,cDC2,1.20720315284319,0.470654309707366,0.73615234408562,0.690221715980792,8.1667491027979,1.43058113231939e-05,0.4804742641331675,PASS,
3223,ACTB,EC-aPCV,0.64368811385952,0.614799762380382,0.459106213244304,0.558495307370185,10.5622186670794,4.96218525131302e-06,0.48045196745232205,PASS,
3225,PLAUR,B cell,0.839817478587603,0.101781338712846,0.296054983786373,0.363085421500646,8.30562559658653,8.30258601620421e-09,0.48037511570335606,PASS,
3230,SLC20A1,B cell,1.85322432113532,0.292049608592838,0.952081846805441,0.816597797642635,8.43798988026406,1.06229037789378e-31,0.4802633886117172,PASS,
3231,PPP1R12A,Prv-CCL19,0.526647380495594,1.02507589356722,1.21015994266033,0.896495668410862,9.2135201490844,1.39589133624223e-14,0.4802293126836508,PASS,
3233,FAM129A,Treg,0.495529940496016,0.749826711978633,1.18030066328785,0.776230108932223,8.85025010379437,0.0033829176996191,0.4802217481584958,PASS,
3234,MUC20-OT1,Treg,0.810006467363145,0.461898444566036,1.1043964304053,0.709164966472156,8.62402348690082,0.0008902484348771,0.480215308357003,PASS,
3240,KIAA1551,Prv-CCL19,1.56993606432822,0.552913954449358,0.31999900697034,0.695092480658051,8.46253131175859,7.19668817784708e-12,0.47995501311429944,PASS,
3244,FLRT2,EC-aPCV,0.841944596904082,2.04860737990743,2.02226248625078,1.59486377078164,8.07596321427885,2.85636917737401e-07,0.47984652492410873,PASS,
3247,LYVE1,EC-PCV,1.69980960886254,0.133619696444455,0.12360727137479,0.515652770740805,7.92944246183935,9.07275727102908e-12,0.4797829135411205,PASS,
3249,PAG1,B cell,1.26528431083289,0.856491630861838,1.45123794572646,1.05393137684156,8.43273421948347,2.78329934541425e-08,0.4797730072250399,PASS,
3250,PREX1,Mɸ1-LYVE1,1.13509342217498,0.337436185602761,0.499380162673885,0.575631298008207,8.13820458461931,1.24130852809044e-31,0.47975509513676085,PASS,
3256,KIT,cDC2,1.66403365410674,1.88544843865366,1.77690162072988,1.63476940697565,7.01393362652281,1.16401093762394e-06,0.47964020757203646,PASS,
3257,FHL2,EC-aPCV,1.38108219698397,0.29267587970857,0.2324200973909,0.541130636477788,7.8470563937371,7.82836255674277e-08,0.4796382009495551,PASS,
3258,STOM,Mɸ4-infiltrated,2.06240006137293,1.44350268106161,1.85602681199819,1.56523196774658,7.77075336482066,1.14795359252975e-34,0.47957136576301046,PASS,
3262,TP53I3,Mɸ1-LYVE1,1.05013447230474,0.0450391189874706,0.0694195492248436,0.343062384237582,7.35521743794203,9.16827932109041e-27,0.47947952728518545,PASS,
3263,TLR4,Mɸ1-LYVE1,1.43717595596174,0.793020228189125,0.63396486740511,0.850405302208284,8.49610747283324,1.00484152095371e-39,0.4794758667139678,PASS,
3269,MIS18BP1,EC-tip,1.09071819805558,0.33963670602881,0.225074925572006,0.503196807636692,7.91239993924847,3.16141591268805e-35,0.4793693069608885,PASS,
3270,MT-ATP6,Mɸ4-infiltrated,0.098687510010298,0.0608327354020291,0.530138920723631,0.283602619885221,13.5835552986675,1.73416846219379e-31,0.4793283675966099,PASS,
3272,NDUFA13,Prv-CCL19,0.118544037470305,0.650954013105206,0.927138229978763,0.612550131546101,9.14575383376522,9.92424392178882e-13,0.4793081329670709,PASS,
3273,TNFRSF10A,EC-PCV,0.37972711208166,1.18490167629326,1.48233401766008,1.0184143414794,8.07894989175268,3.0748877628901e-05,0.4792615938576395,PASS,
3275,LMAN1,B cell,1.0762956065805,0.408163818266005,0.553445803577435,0.614783730146168,8.52972951135822,2.67494482222896e-07,0.47919219534374863,PASS,
3276,MAP4K4,Treg,0.423210782271678,1.04270664833445,1.25880623715948,0.913580472814107,8.61931183762148,0.0016523752158443,0.47914546582624884,PASS,
3278,SEC62,B cell,0.0910421384290239,0.726391650417961,0.715839570679809,0.584244212010389,9.37202042688824,2.58411129424064e-11,0.4790786035811451,PASS,
3279,TRIM56,Mɸ4-infiltrated,0.852551402557782,0.637692922177813,1.46512467816001,0.901022364953863,7.93528050141853,7.78505019835443e-27,0.479072952047357,PASS,
3280,MBNL2,cDC2,1.75360434426042,0.445236067087143,0.830519392635129,0.842141680002534,6.91901400579915,5.32552440604776e-06,0.4790605926734955,PASS,
3282,NFKBIA,EC-aPCV,1.03547612840358,0.503174824088734,0.370531654224953,0.597905144393959,9.29866853638484,5.93512549093715e-06,0.47900932136207985,PASS,
3285,HDGFL3,EC-PCV,1.38263210205533,1.42374139827006,1.26313376660244,1.26068529132288,8.54272370857679,0.000758926333422,0.47894995719422634,PASS,
3286,KCNAB2,Mɸ1-LYVE1,1.02586188704382,0.159447288476981,0.45837134854032,0.491466239898744,7.77201962432246,2.45878190803923e-23,0.47894589138331284,PASS,
3287,CREG1,Mɸ4-infiltrated,1.6538092107691,1.42271308472553,1.52299247550685,1.38780479622976,8.37427473322619,2.22144371401158e-30,0.47892734261115977,PASS,
3290,SETDB2,Mɸ1-LYVE1,1.1256211178742,0.049902099135882,0.262378460963488,0.422833843480261,7.53182409870591,1.48670998129936e-30,0.4788044855563436,PASS,
3293,NES,EC-PCV,0.666994351733003,0.0249660203968905,0.664016514041974,0.427504542697658,8.21448580445315,1.12713897057644e-05,0.4787563778815343,PASS,
3297,LILRB3,cDC2,1.02868825119734,0.214037689736193,1.13725071780272,0.696376210087035,7.27036309565451,9.64177477642087e-07,0.47863133157709403,PASS,
3299,MT-ND5,cDC2,0.129067143661088,0.415416139218347,0.468066095780692,0.419522309322556,10.6833310504018,9.22510289140318e-06,0.47858573587698355,PASS,
3300,RPGR,EC-PCV,1.2952779945164,0.341884516208001,0.66002632881705,0.673190760647054,8.39426565242513,0.000548646946083,0.4785679710099521,PASS,
3301,HIST1H2AC,B cell,1.58912079324406,1.00550498192432,0.710024674457212,0.998513704274799,8.41719915865831,8.13249096523785e-10,0.47855228236152997,PASS,
3304,GNPTAB,Mɸ4-infiltrated,1.78004406139047,1.34136972796682,1.1023199334468,1.27521839318219,7.73936731731694,1.00157045564305e-21,0.47842480688229927,PASS,
3305,TCF4,B cell,1.31977402788831,0.219636223561162,0.371669680212562,0.5608649378945,9.2678273992219,2.60007947335641e-20,0.4783821750627077,PASS,
3307,P2RY11,Mɸ4-infiltrated,0.120061818349503,0.525236729248872,1.66305126247311,0.778941281254168,7.4410731721286,2.319495033264e-33,0.4783338439745007,PASS,
3310,NUPR1,Treg,0.942442844103552,0.199157314189703,0.350705750071292,0.47423018764991,8.34925395136403,0.0095479024231123,0.4782828870634127,PASS,
3312,RPS29,B cell,0.0465306464423518,0.45206043296701,0.271764256812337,0.37338188330396,12.5269859645312,3.74057052976762e-21,0.47823935462278405,PASS,
3313,UTRN,EC-tip,0.764017016288644,0.116762523317313,0.192107086231202,0.369164839623908,8.82869248087764,3.00196584675398e-34,0.47821469081388085,PASS,
3315,MXD4,EC-tip,1.46784849586614,0.0427213947420195,0.317284136668102,0.514586352600271,8.08461177254733,3.38756810014983e-86,0.47820338857174494,PASS,
3321,RPS20,EC-aPCV,1.04473025910382,0.873823369859062,1.01964702072943,0.926289298483655,9.99372079285282,1.26584758902197e-08,0.4781121315488632,PASS,
3324,PHF21A,cDC2,0.690155758865756,0.212233916721053,1.09293970833955,0.62749368015734,7.00355769889141,7.66599342703394e-06,0.47801766536062346,PASS,
3328,CHCHD10,Mɸ4-infiltrated,1.07910087556924,0.884896638610548,0.0995274759305114,0.699039520540012,8.14463825173079,9.260647692115e-23,0.4779857857400616,PASS,
3332,MYLK,Prv-CCL19,0.706042581163889,1.40701081342534,1.3941511075579,1.16680496021196,9.68011591735896,1.22954555889668e-17,0.47794567905710467,PASS,
3334,ZNRF2,B cell,1.22658931931628,0.378561852952161,0.428274678361086,0.625202545551646,8.45554279637962,4.59175979445133e-11,0.4778712628138364,PASS,
3335,HIP1,B cell,1.16195506345372,0.206782450796713,0.406385863784777,0.545162086598264,8.31993864437417,1.03109917818832e-10,0.4777468569350587,PASS,
3336,MTDH,cDC2,0.16596669281356,0.451249698850885,0.0572789257926559,0.351021445129778,8.83640026494048,1.11820281808245e-06,0.4777463210031936,PASS,
3338,TLR7,B cell,1.25533655500669,0.228452855017047,0.0628441477856393,0.483872459452664,8.35484472616731,1.35817340924013e-13,0.4777427298062212,PASS,
3340,RAB11FIP1,EC-PCV,0.103141775981489,1.60227281145519,1.56554128866399,1.17346579348908,8.19245414728034,5.28384326560111e-08,0.4776977343313077,PASS,
3342,SCT,B cell,2.80290078774207,0.0470860153039123,0.640812882326462,0.886214456717637,8.37895620633899,8.986113497478201e-137,0.4776766726770836,PASS,
3351,RAB31,cDC2,1.6868003692935,0.508583240019544,0.726777709990869,0.852184783267897,7.92773261069197,3.1808157790437e-11,0.4774497364624564,PASS,
3352,RPL13A,EC-aPCV,0.566896990597567,0.449592922298543,0.724044412783268,0.605216919153742,10.9537491683221,2.83819324266305e-37,0.4774422055177103,PASS,
3356,APOE,EC-aPCV,1.31233867784777,0.290382145036109,0.244403580793183,0.572277939999805,7.84718538686112,2.67797551181585e-06,0.4773276804469074,PASS,
3358,PABPC1,cDC2,0.609407768673232,0.203485399462835,0.196630786968542,0.390563790400035,9.91357636823357,2.58600442599582e-06,0.47725752959375584,PASS,
3361,NABP1,Treg,0.91737999747326,0.482580223941343,0.967345367356524,0.755105443407531,9.05895014551445,0.0059534336356658,0.477167070208927,PASS,
3365,ACTR2,Mɸ1-LYVE1,0.228559322645883,0.594578688706393,0.719490952063761,0.599395490145182,9.28120649798535,5.38366585862466e-26,0.47704288946391965,PASS,
3367,LNX1,EC-aPCV,0.400888426958022,1.37448190603578,1.4412010320413,1.12042676990214,7.96577479798693,0.0002763051701591,0.477010331039685,PASS,
3368,RRBP1,EC-PCV,0.213951954988128,0.864140721453517,0.980085287027729,0.766229867340476,8.77539880226965,0.0001105118065744,0.47700805728771073,PASS,
3372,NEAT1,cDC2,1.13446893871121,0.225649093750814,1.25421075187666,0.782983309830415,10.0941807625652,2.73937012184145e-11,0.476905436663397,PASS,
3374,TFPI,EC-PCV,1.25476681790971,1.34291227735257,1.21667690586998,1.22178561824972,9.15198573730331,1.24242318670015e-05,0.4768402901156167,PASS,
3375,RIN2,cDC2,0.862555869929145,0.396380694965188,1.51500383867822,0.862781761891484,6.88975187069439,5.82780288191186e-08,0.47682897654282397,PASS,
3379,SPTBN1,EC-tip,0.741126045529191,0.400924846810098,0.52884538707239,0.583797159660224,9.64770554236339,3.87854956955647e-35,0.4767293525051765,PASS,
3380,FUCA1,Mɸ1-LYVE1,1.41618698903402,0.549418366836685,1.03716307859225,0.906450221264876,8.85391688337767,1.32631815544328e-24,0.47670055550076307,PASS,
3382,RPS20,dS2,1.05147395697622,0.839614992740548,0.539511211530716,0.812526720662973,9.89686844068859,6.14203996113472e-47,0.47667898469595776,PASS,
3383,COL6A1,Treg,1.10036210471063,0.283770577347381,0.730204448528709,0.664702407550256,8.36461920063354,1.03779760664162e-05,0.4766620160238528,PASS,
3392,FN1,Treg,0.955748609003762,0.477785511325224,1.0887123982472,0.806208702233352,8.38373298670918,2.42788983480382e-06,0.47638474953576043,PASS,
3393,MSR1,Mɸ4-infiltrated,2.61018333183332,2.59135422335881,2.65014280088351,2.41709094708818,8.2920753434577,3.26817772537434e-45,0.47637636167515457,PASS,
3398,ZYX,B cell,1.00968495921644,0.0084955439766715,0.243445288415405,0.428467708797528,8.37185142185126,1.50541636890302e-12,0.4762872858912468,PASS,
3400,CLEC2D,Treg,0.0365141530646712,0.605196878233674,0.894554939168108,0.626483591442334,9.397253301413,0.0077067068327734,0.47623287432814204,PASS,
3401,FEZ2,B cell,1.12213597078548,0.0111193756465033,0.298984531543935,0.468007924309593,8.40765862185419,1.05419060062492e-12,0.4761625557380586,PASS,
3404,BEX3,Treg,0.0603733781869024,0.280446085916608,1.03007680228705,0.550620836074962,8.63371881977102,0.0003232287166684,0.4760097799730719,PASS,
3408,UNG,EC-aPCV,1.37317747556579,0.403545018713773,0.400528058347412,0.691403757897875,7.97156780929786,9.07219732579072e-06,0.47593073696358934,PASS,
3410,ETS2,EC-PCV,0.45156503317795,0.961355952774198,0.955344630994382,0.861738368727798,9.23661332932926,5.51836916562384e-05,0.47588005008586887,PASS,
3412,MZB1,B cell,1.50749621141223,0.35567136488053,0.205921772449652,0.652185607600037,8.55626651387236,1.8959767673331e-19,0.47587147429973314,PASS,
3413,TPD52L1,EC-aPCV,1.17706413537761,0.815690415301353,0.652238323234028,0.872259308623917,8.62379241472149,0.0001005545604348,0.47581799600422187,PASS,
3415,C1orf54,Mɸ4-infiltrated,1.59869538607833,1.82461738801046,1.36864705052499,1.5377350732782,7.47623222021191,2.91588880252626e-23,0.4757528024384235,PASS,
3417,ARGLU1,EC-PCV,1.48695093628433,1.134191215861,1.33922642615101,1.23820092558815,9.2745059902687,1.22472269270565e-09,0.4757165997566372,PASS,
3421,NCKAP5,Prv-CCL19,0.466479582834867,1.84667958936704,1.50925423728096,1.35669229666893,8.41753845810166,7.65872497120558e-17,0.475638564791737,PASS,
3425,XIST,Treg,0.599339253399497,0.544196716292871,1.13612058009237,0.787380046285833,9.84435420309858,7.0365721251444e-08,0.47555049094813234,PASS,
3429,MUC20-OT1,cDC2,0.764430922671121,0.357720655955612,1.25617366758657,0.784605982858809,7.222236690907,1.13975015274992e-07,0.4754119106620951,PASS,
3430,GNAI2,Mɸ1-LYVE1,0.0233800434321779,0.36805982020744,0.405634454587681,0.427471335217297,9.4455492805824,2.45134854595025e-23,0.4753826501822439,PASS,
3431,ACTN4,B cell,0.985188771799195,0.143209367234512,0.289620439622295,0.501747357030488,8.55990449803129,3.4938612587846e-09,0.47535987778362526,PASS,
3433,NAP1L1,EC-aPCV,0.985814009528596,0.830749466093739,0.660652903158016,0.849908122693319,8.93468454079242,0.0001064190310945,0.47534677117212865,PASS,
3434,IFITM3,Treg,1.0868944569011,0.248067638403634,0.515032927150648,0.617549385074919,8.39870478657266,2.70332133507111e-06,0.47532890301072794,PASS,
3448,MARCH3,EC-PCV,0.407494722660815,0.945510953048665,0.26966472135399,0.688050947587022,7.99556703755541,1.19998620424989e-05,0.4748827844854943,PASS,
3449,PNISR,Treg,0.330483336809552,0.692605391654718,0.837460270826661,0.72465501337507,9.72862718169404,0.0026959235522117,0.4748615085848232,PASS,
3452,GGT5,EC-PCV,2.17121384134004,0.196283020200194,0.497605860299527,0.823179877927504,8.09219329494227,2.05346553784839e-20,0.47472210966158385,PASS,
3457,PABPC1,EC-PCV,0.0446831154445416,0.427298486711103,0.579795361659189,0.515582580439918,9.29813025998586,0.0002860797963652,0.4744029929582874,PASS,
3458,ABCC4,EC-PCV,1.37848099470519,0.2050774350068,0.179101844677409,0.593479718342267,8.02530918790915,4.65004311701916e-05,0.47429496922826003,PASS,
3459,COL15A1,EC-aPCV,0.782770919629374,2.5390940244588,2.58062856844532,2.01299206073958,9.07205875450649,6.59219098617603e-29,0.4742784110475773,PASS,
3460,PITHD1,Mɸ1-LYVE1,1.30390130201854,0.450662695523697,0.281814034068032,0.694774938449165,7.75321465220999,2.70646432695402e-36,0.4742353602827078,PASS,
3462,NFKBIZ,EC-aPCV,1.49286567568819,2.04576704059261,2.32852759727013,1.88836203644971,8.11677350612228,9.46703398164045e-07,0.4742289173153954,PASS,
3466,MT-CO1,Mɸ1-LYVE1,0.0145120039136249,0.325231530447714,0.504856447001096,0.458726234746615,14.0712478202065,4.50766613492549e-31,0.47415653296412363,PASS,
3468,CYTH1,EC-aPCV,0.545200489464737,1.67218317495759,1.55772143396916,1.34116793598734,8.21767877625917,6.01439969232894e-07,0.4739784958131025,PASS,
3472,PLD3,Mɸ4-infiltrated,1.55636929095311,0.128258572385289,0.602170580012461,0.719807578253452,8.04187684479222,6.16343415410835e-23,0.473624013473092,PASS,
3476,AKR1C3,EC-PCV,3.53490517823983,2.82134930969992,2.81397891800971,2.80562013686396,8.53241385603761,3.61127317065212e-12,0.4734426550269762,PASS,
3477,DPY19L2,Prv-CCL19,0.71097577774069,1.56496196843517,1.50711380053229,1.32688994487865,8.40879321612005,2.50990133751324e-11,0.47341714337584767,PASS,
3483,EMILIN1,Treg,0.4062039185944,0.0914113318620728,0.0134781009340356,0.344580865923871,8.33525116318479,0.0042078197894246,0.47322929049444135,PASS,
3490,TREM2,Mɸ4-infiltrated,2.39200009646886,2.57909887522034,3.56637650771438,2.67291556241869,7.95093377674831,3.56077994122824e-72,0.47303546814148506,PASS,
3494,DDHD1,Treg,0.564539260753534,0.343399041552176,0.886109467274511,0.68765732656657,8.86942532733868,0.0097926322090278,0.4729576711604049,PASS,
3498,NFE2L1,EC-PCV,1.12519374266449,1.16095925381694,1.37836177396532,1.22904591790671,8.55593506154758,0.0002753329073164,0.4728199526547726,PASS,
3499,ANXA5,EC-aPCV,0.780419326517866,0.109609220817522,0.0927055745107968,0.44972788313464,8.7441403560635,2.01329108852989e-07,0.4727951141760245,PASS,
3501,CAVIN3,Treg,0.160006452805237,0.274378893374378,0.740117861047559,0.553624454498022,8.37081386731847,0.0027902819705818,0.4727274864637482,PASS,
3504,HSPB1,Mɸ4-infiltrated,1.52231424731063,2.18929416968787,2.01815249052712,1.88605858676379,8.13538933100472,7.18496147119646e-34,0.47264088251617803,PASS,
3505,CFAP73,cDC2,0.0575618615770169,1.67594345354723,0.0479870631940563,0.879527018671835,6.97311454964194,2.48729514865558e-20,0.4726393865991453,PASS,
3506,IQGAP2,EC-tip,1.36836947336696,0.206238461193871,0.39307680410004,0.675380778746335,7.29931664536511,2.45491691499894e-31,0.47263832274936485,PASS,
3509,CSRP2,EC-aPCV,0.610265682052364,2.37516496164817,2.16695514727298,1.81919944098601,8.43203818023737,1.04110544721657e-13,0.47246003794034674,PASS,
3510,CALM1,Mɸ4-infiltrated,1.10569018894543,0.498877851801155,0.259804640203487,0.699698975194371,9.57964956148396,3.8934638141575e-27,0.4724326384101221,PASS,
3512,CAVIN2,Prv-CCL19,1.00275152538613,1.84481233029232,1.97273067748371,1.63536535676555,8.70867530927841,2.25630314632784e-18,0.47229180179549396,PASS,
3515,RPL13A,EC-tip,0.0498562338826297,0.314021748277794,0.341253569208353,0.458046976596767,10.6545975182885,1.43855120219656e-40,0.47218178773126496,PASS,
3516,TLN1,Treg,0.470473401997679,0.631378426765237,0.947749025175949,0.80346858325189,9.09426396955558,0.0048966066745832,0.4721704619508903,PASS,
3519,MRGPRF,Prv-CCL19,0.0993614838372028,1.78146766529022,1.84019617988049,1.40068094551419,9.14497050432414,1.30810938242628e-33,0.4720750867280902,PASS,
3522,CDKN2C,EC-PCV,1.76145706752908,0.57259254126551,0.439122905666026,0.907787260581776,7.95539251607398,1.7478627070861e-07,0.4720371591786421,PASS,
3523,SLCO2A1,EC-PCV,0.717336982138956,1.78196277552273,1.62783136692114,1.46514503708479,8.55480569373804,1.94882333766025e-06,0.47197915340818436,PASS,
3526,RGL1,cDC2,2.78501979757563,0.805484555355394,1.33667072863605,1.44062678721583,6.88835219118344,1.30323793387237e-16,0.4718295358802594,PASS,
3529,APOD,EC-PCV,1.25956044050814,0.260554980879486,0.16835114325066,0.634091911967784,7.95172747937834,0.0005327710954621,0.47172717200114045,PASS,
3530,TNFRSF11B,Prv-CCL19,1.66598926763765,0.602293278672156,0.103183039941922,0.821243391786115,8.2549457598449,1.10797297655008e-15,0.47170905705189864,PASS,
3531,ITGA7,Prv-CCL19,0.253195796826142,2.06055433763283,2.03626762109507,1.59820669595361,8.69328883096071,4.89201465799905e-30,0.47168150943769527,PASS,
3532,SPARCL1,cDC2,1.94476152815731,1.05243190101542,1.26391551414395,1.34066992802725,6.86911137760097,1.86877676429363e-05,0.4716654735290782,PASS,
3534,ZNF292,Treg,0.857437238281933,0.954217409411039,1.28623999515373,1.09259824538569,8.97865016359669,0.0017885415104495,0.4716393802641652,PASS,
3535,SNAI2,EC-tip,1.38342179020482,0.317586461010264,0.348539826842088,0.726494689703115,7.35627907291366,3.49310537717568e-37,0.4715406705665785,PASS,
3540,MT2A,B cell,2.07854499203325,0.270277219701427,0.270597331889535,0.832527592814814,8.49640198048263,3.17026339153165e-38,0.47132161699076386,PASS,
3543,CPEB4,cDC2,0.990022490753234,0.0913473458018414,0.899353030332247,0.714580004655529,7.06584798397324,6.64691623064859e-07,0.4711402374263795,PASS,
3544,ANKRD29,EC-aPCV,0.281878396897742,1.71658605823333,1.54986237338433,1.34690600753205,8.5064567897541,7.931925735865151e-14,0.4711199254784378,PASS,
3545,DSP,EC-aPCV,1.19732874125358,0.387490504923489,0.64707322001568,0.796949137857703,8.15739848517173,1.18025899286358e-05,0.47111960797988695,PASS,
3548,PDE7B,EC-PCV,1.62426215648799,0.470691683382236,0.592648847877561,0.898237898851997,8.10303136436493,3.14579758587706e-05,0.471060687051273,PASS,
3549,BTNL9,EC-aPCV,0.878245863114283,0.158233380346367,0.0607616779655894,0.510637442733908,7.83458920884324,5.0164184674282e-06,0.4710555688638535,PASS,
3550,MT-ND3,Treg,0.161190956229884,0.163129838819451,0.418781345261901,0.465847772202792,13.638114931643,1.39812408465082e-05,0.4710503448751665,PASS,
3558,ZEB2,cDC2,0.566066298283939,0.428795051611492,1.10353982440926,0.811124529364298,8.27764641721252,1.52689022577016e-06,0.47081605206546545,PASS,
3559,MT-ATP8,B cell,0.188651175253747,0.914414775485779,0.811725498972152,0.842604869707605,8.97576498622514,1.69109393636447e-10,0.4707826789103416,PASS,
3562,COPZ2,EC-aPCV,0.547000108907979,1.74959512606968,1.58921957599592,1.42683162516863,8.00184500367825,2.92062801470316e-06,0.47072453893265215,PASS,
3563,RPL13A,dS2,0.664721600605691,0.800780314107777,0.548916633831207,0.825940909166858,11.5754218247551,1.86358096658008e-60,0.4707161947896751,PASS,
3564,DDX17,dS2,0.420677752648456,0.0334490410263455,0.380364177545934,0.468541187922649,8.95760793376524,1.26070648264671e-38,0.47055042440120703,PASS,
3565,CAV1,Prv-CCL19,0.462295768223783,1.05042761488135,1.16651471720026,1.03938912701078,10.898731039202,2.68772706622903e-23,0.47048417700456996,PASS,
3568,SYNE3,EC-PCV,1.14989643616861,1.74483837558965,1.90288885369867,1.63330781431379,8.16561809844886,1.11027403103427e-05,0.47032699865907857,PASS,
3570,HMGB2,EC-aPCV,1.40910657925326,0.656326925057661,0.724670809623019,0.96922349184101,8.42892073230502,9.80132443293362e-06,0.4702573127861128,PASS,
3571,RBPJ,Mɸ4-infiltrated,0.695278161198806,0.701014186538974,1.30886324985466,0.996182388774978,9.17124073165051,1.32780378028224e-41,0.4702378268967432,PASS,
3575,MIR503HG,EC-tip,1.54806725970474,0.152331416166477,0.518634510495639,0.767795293583921,7.24738928839096,1.63828768745917e-37,0.4700834724994201,PASS,
3577,MT-ND5,EC-aPCV,0.172411920051679,0.474665694590104,0.447657475793094,0.604015665132025,11.3013460735245,5.46489627179505e-05,0.4700150852393584,PASS,
3579,ACTA2,EC-PCV,1.74453907874172,0.32353153550549,0.455987480265742,0.853156162916089,7.9741834616638,1.4253770662216e-05,0.4699976402811765,PASS,
3581,TNFAIP8,Mɸ4-infiltrated,1.26828300506034,1.16567630864587,1.42027689848985,1.31251760195065,7.87209009259422,1.20065598067876e-21,0.4699576432648516,PASS,
3588,SLFN12L,EC-PCV,1.16140348704132,0.10258765075081,0.13132871488613,0.589360368350976,7.92530501954238,1.9500183510879e-06,0.469594192999759,PASS,
3590,RARRES2,Treg,1.56141800180632,0.358449737409067,0.170586392511006,0.769054210624301,8.36325052271689,9.6375522801391e-19,0.4694279086243363,PASS,
3591,SPIRE1,Mɸ1-LYVE1,1.4356623812493,0.363495014886278,0.693511502355264,0.875566437557838,7.54903935075471,3.62110929314185e-28,0.46940194845792954,PASS,
3592,PHLDA1,EC-aPCV,0.67176667109209,0.588192819322522,0.144008932483788,0.675522555987367,7.96569166740947,2.69642058299898e-07,0.469312066497666,PASS,
3593,ID2,EC-tip,1.32521130914924,0.180332470608805,0.578257348764006,0.763997053989869,8.16350478323118,3.00006625194046e-31,0.46921469205656696,PASS,
3597,COL1A1,dS2,0.792915800602348,1.20829589097368,1.4421847113238,1.25453726766432,11.959699226388,4.600108497947659e-36,0.4690515906570204,PASS,
3598,TBL1XR1,Mɸ4-infiltrated,1.2279248200642,1.21167435241746,1.44257503572139,1.3419074186407,7.81083911389364,7.02110598425307e-22,0.46897251168297877,PASS,
3601,HBEGF,EC-aPCV,0.235946814939628,0.82786325707112,0.486319578667261,0.771470892565024,7.94063369290013,0.000236185342079,0.4688681451430719,PASS,
3604,P4HA1,Mɸ4-infiltrated,0.0629722162938819,0.598840877726225,1.88246095372809,1.01347970790116,8.21423898616174,3.10769586398302e-59,0.4687527850506262,PASS,
3605,FAM53B,cDC2,0.237556343935161,1.37764884786206,1.7026502396197,1.28513842504781,6.93415707913847,3.92172718505327e-07,0.4687307572581273,PASS,
3607,GSN,EC-PCV,1.01922697280442,0.558541385885087,0.762053743802741,0.894308778368937,9.58523959519392,2.17152739077359e-05,0.4686292745455574,PASS,
3608,HLA-DRB1,B cell,1.3033797754773,0.633566174812347,0.549514755950763,0.923516358355017,10.949302751982,3.87917658730595e-33,0.46860626873282707,PASS,
3609,SULF1,EC-PCV,0.249038419542198,1.46626047440311,1.58584361910977,1.29266484815019,8.10354805679247,3.24960272992861e-06,0.46854790443547495,PASS,
3610,XIST,cDC2,0.449917024846735,0.561038466876807,0.937800797920359,0.833783064437338,8.85611529553409,1.34105979205483e-08,0.468503258874131,PASS,
3611,CMPK2,Mɸ4-infiltrated,1.68217418887841,0.365503593354629,1.55669726025546,1.15987256399371,7.37790422916326,2.46634917368509e-26,0.4684628650701896,PASS,
3612,ADCY4,EC-aPCV,0.374879560649565,1.12246899340258,1.17315370466828,1.08331464802423,8.57099572039123,0.0001577866393263,0.4684395606389526,PASS,
3613,LPCAT4,EC-aPCV,0.623861053637439,1.58541785884577,1.51158922288817,1.39289240777436,8.48271115402877,8.30106792764354e-07,0.468305981511531,PASS,
3615,DNAJB1,B cell,0.27110948104902,0.162959655987759,1.00903689449259,0.684883506000928,8.43822907906362,4.115828680821111e-09,0.46815457203288774,PASS,
3617,PLCB1,EC-tip,0.980347138167314,1.37590290299004,1.47419736042493,1.37643552355487,7.82703995198634,1.94011976682606e-35,0.4680551936479016,PASS,
3618,LYVE1,EC-aPCV,1.15841968935042,0.0485239652403789,0.0906344487221364,0.589651164027364,7.8339554999612,2.2905951723748e-11,0.4679976431884192,PASS,
3620,C1S,Treg,1.07072466458912,0.296336520279171,0.27803731331256,0.705385047639121,8.35775099984679,0.0002503749525349,0.467900586175698,PASS,
3623,ETS2,EC-aPCV,0.321123700974152,0.92400312337799,0.914465401820627,0.946859143377525,9.30457680327972,2.43296617359232e-05,0.4677352486520703,PASS,
3628,CCL3,B cell,0.136929352291668,0.202927242103176,1.11801933798489,0.712883128979362,8.33424952778068,2.70089583092202e-14,0.4675087336234133,PASS,
3633,CCDC141,Treg,0.226146006619791,0.648676139987739,1.21368297171446,0.914280935032178,8.53164930552347,0.0023174921378783,0.4672223224886959,PASS,
3634,HERC2,EC-PCV,1.80257534135737,0.843379043065738,1.13649452305017,1.26725576239786,8.43159948028325,1.96553055685019e-06,0.46719548791565313,PASS,
3635,OTOA,Mɸ4-infiltrated,3.1586732590088,0.869963016311458,0.117069882266842,1.30321507767936,7.36007594414301,1.46101004671438e-88,0.46716458178677517,PASS,
3636,PNN,EC-PCV,1.2040402849211,0.735865886886574,0.613772098273769,0.980697042861343,8.71573848865957,0.0005911514666561,0.4671369212534765,PASS,
3639,NPM1,Mɸ4-infiltrated,0.884294147425233,0.833673906647659,0.339074628052577,0.890855325822537,8.95034662987065,2.19120829976252e-26,0.4669385752100181,PASS,
3643,RNF213,Mɸ1-LYVE1,0.151431629052039,0.609468195745656,0.820605972509643,0.798043366098032,8.75242867577274,1.01747662931106e-25,0.46667823344754555,PASS,
3644,ARHGEF3,cDC2,1.06188783657129,0.225886379545789,1.38888903145186,0.975161863162661,6.8606823402979,2.53277607785445e-09,0.4666555554601181,PASS,
3645,HNRNPA2B1,dS2,0.271277912499675,0.1862479783528,0.198259177929283,0.523398558250954,9.3806599756661,2.55378557864529e-47,0.4666505430876129,PASS,
3646,SLK,Treg,1.22888918110286,0.95396972523443,1.41122770014566,1.27410469619796,8.59529096273421,0.0010323682106309,0.46655491924198783,PASS,
3647,HSPA1B,B cell,0.811138570002712,0.477054343305367,1.48102845734467,1.04132793835174,8.47856532149248,1.08402925913382e-10,0.46652151458841695,PASS,
3648,SELPLG,cDC2,1.11569525546808,0.324487965247103,0.968873017860207,0.91866007465783,7.01657042446389,1.73520267467006e-05,0.4663862751696407,PASS,
3649,MT1H,Mɸ4-infiltrated,3.38475356193735,3.10689830176022,3.06416452823817,3.05173381178409,7.76056490593649,2.72739464571417e-22,0.4663658248973952,PASS,
3650,APCDD1,Treg,0.212931136753907,0.253078822524443,0.710042419915824,0.6642986710542,8.35946196295709,0.0052066586477999,0.4663305407638254,PASS,
3651,FHAD1,Mɸ4-infiltrated,0.0774775963147563,0.757666356372341,1.96039255040527,1.13208794964041,7.41737283008017,1.14775464903225e-38,0.46632627963985757,PASS,
3654,FAM129A,cDC2,0.133977877581895,0.0932211313518103,1.00585922260518,0.670007919081684,7.63367871213224,5.31907925036686e-09,0.4662054955308398,PASS,
3655,PNISR,dS2,0.376967889478499,0.132522440875441,0.243835187960926,0.543510251350625,9.05294945084154,8.430010666324831e-44,0.46618822140411836,PASS,
3656,TRPM2,cDC2,0.487291617888326,1.20141356691144,0.339078372188629,0.962752806117431,6.96904792449111,4.83310680812335e-07,0.4661118451805901,PASS,
3658,ARHGEF12,Treg,1.21513856196481,0.918036950807125,1.57982520986159,1.31063857036192,8.57114587829408,2.0361588720152e-05,0.4659592131439864,PASS,
3660,ERAP2,Treg,0.487600708281541,0.793507560177973,1.5625939758555,1.12368094954463,8.66653417734054,1.73207550358371e-07,0.4659179086625245,PASS,
3663,DST,Treg,0.644698117898007,0.142878543837341,0.0223649023762791,0.549549889660095,8.35567255942373,0.0007140863478926,0.46586003533074377,PASS,
3664,ITGA1,Treg,0.0898868607500817,0.001997123222341,0.352393138734236,0.481396253510209,8.35576855960643,0.0032150894932386,0.4657915267696184,PASS,
3665,F5,Treg,0.623445304074076,0.611851001855218,1.13557665027489,0.978577416147323,8.57807848733309,0.0016046431156597,0.4657630586412523,PASS,
3666,MRNIP,Treg,1.43860445831879,0.52739076982699,0.534502664231621,0.954914742216758,8.42557434383144,0.0062959793566503,0.46576291524188596,PASS,
3667,CCDC88A,Treg,0.951890301088553,0.252595678572619,0.534198921648168,0.76844778572916,8.38341813521959,0.0031576951017306,0.46567616412752605,PASS,
3674,NRIP1,Treg,0.193198138559353,0.547797876808832,1.04652159148612,0.863794919907904,8.64945845608039,0.0028337604688591,0.4652495756268334,PASS,
3675,DCN,Treg,1.93765675160064,0.509304293518857,0.952424804754867,1.15805803330975,8.44788647040229,1.32654444389333e-15,0.46521996103596036,PASS,
3677,CYP1B1,cDC2,1.61368424644076,0.508257448990412,1.44253724620013,1.21874976819768,6.81468779091632,2.7994497328248e-09,0.46512230271729493,PASS,
3678,AC245060.5,B cell,0.200948987087696,1.29529806226384,1.46454515778123,1.24026984763255,8.64510457297265,1.96968373028707e-16,0.46509354170098555,PASS,
3679,MT-ND2,Treg,0.493838785663948,0.167334972553852,0.451839873118263,0.648043324142769,11.8147820277169,1.9478722711695e-08,0.46496229893924457,PASS,
3680,PCOLCE2,Mɸ4-infiltrated,0.274859995911888,1.12003441926131,2.20371441589701,1.38473465362412,7.38002053569611,1.06943462135551e-40,0.4649347406309066,PASS,
3683,KANK2,Treg,0.580107875303363,0.219084939761445,0.167814405026721,0.619458220148221,8.34818770155041,0.001107755912012,0.46466660953095235,PASS,
3684,SLCO2B1,Mɸ4-infiltrated,3.23076844826337,1.88824680508118,1.99623998598218,2.22857815925449,7.82060325566629,6.53202792590866e-46,0.46443984146495737,PASS,
3685,IFIH1,Mɸ4-infiltrated,2.09549715792522,1.19405201589663,2.0054156443476,1.72234258730879,7.51309313319345,2.31964462378469e-33,0.46436866541118316,PASS,
3686,CDKN1B,EC-PCV,1.9513728583719,1.56870264956727,1.70355861907277,1.7543662237867,8.09043339518386,0.0007780775822027,0.4643016386159893,PASS,
3688,HERC5,Treg,0.142644131881542,0.0361084403998535,0.586418528119942,0.586047134966064,8.45008414478476,0.0071932353950831,0.4642601378461244,PASS,
3689,AC090152.1,EC-aPCV,0.744358732778131,0.0056055306692608,0.0714843458216392,0.562913914710902,7.83056164751786,3.61685435891868e-07,0.464244517629532,PASS,
3690,SORT1,EC-aPCV,1.54068835640526,0.707832634154925,0.601036005714253,1.07874464985933,7.87979295424813,2.75981029659248e-05,0.4642389569050572,PASS,
3693,VASH2,B cell,0.93122003977258,0.091645204603791,0.158645132620943,0.649690810705918,8.31081833818658,1.07323521952966e-13,0.4640438249355995,PASS,
3695,OLFML2B,Mɸ4-infiltrated,2.01451622500394,1.69243782197235,2.14337090412707,1.93897647762401,7.53059801360512,1.42205859908796e-30,0.463793722453222,PASS,
3696,SOX7,EC-aPCV,1.58224433995362,2.53329912885822,2.55702170197666,2.29718980495174,8.19898333203758,1.78412519264175e-05,0.46377494317901213,PASS,
3698,IGLC2,cDC2,2.57324556910898,0.103090499105496,1.42280416420633,1.29104199137832,6.84558777912872,1.69532034460827e-27,0.46344045966134634,PASS,
3699,ADCY4,EC-PCV,0.0081892930238916,0.918523778640123,1.1056303495363,1.00775781037559,8.55009323622955,3.36820161547396e-06,0.46327962623072577,PASS,
3705,MT-ND2,cDC2,0.243056063206493,0.181729541623094,0.639304056055315,0.690989122889822,11.1124478621017,7.05558526497111e-17,0.46280881108565997,PASS,
3710,LRRC8A,EC-aPCV,1.33896213579867,0.269394154538873,0.289656362518847,0.846822390238736,8.01157138254234,1.72013661966314e-07,0.46226631209836333,PASS,
3712,SFRP1,EC-PCV,1.10184982847649,0.172780009552601,0.144279740892707,0.738268594606942,7.92712346742654,9.21878671237442e-05,0.46216197491735034,PASS,
3713,AAMP,EC-PCV,1.13067314717109,0.0816627550284885,0.127858453117425,0.710315907033974,8.16824322667906,8.86525114231996e-05,0.462116926530342,PASS,
3714,RBP1,Treg,1.22790493313333,0.33517313946423,0.33713315162028,0.862187602908041,8.40437996973719,0.001107755912012,0.4620970686290525,PASS,
3715,CTSZ,Mɸ4-infiltrated,1.10630114587242,1.35253405991478,1.24991981847296,1.42010579589832,9.44437625113904,1.8787730580836e-56,0.46204865151892005,PASS,
3717,SH2B3,Mɸ1-LYVE1,0.0015424811187134,0.842225451964692,0.746512342015506,0.914603611264054,7.86799139075129,8.002240699261251e-25,0.46191866040566537,PASS,
3718,VCAN,Treg,0.628482072189264,0.17533995745998,0.589053648998754,0.761883627182635,8.37065496403569,5.18347147165451e-05,0.4618691079780809,PASS,
3720,IGFBP4,Treg,0.992558971716617,0.0220906015932047,0.354463175376744,0.724143761837664,8.40314192435235,2.3176112876657e-05,0.46175230081515434,PASS,
3725,MT-ND1,Treg,0.163562556714106,0.0278614325330612,0.488480501353047,0.612200915721097,12.5023351357295,6.580706653208859e-18,0.4616135502416318,PASS,
3726,MXI1,Mɸ4-infiltrated,1.09025571117854,0.907161565281224,2.4938373145255,1.58583723326801,7.68661969934897,1.71661342003908e-57,0.4615846598204444,PASS,
3728,TTC3,dS2,0.160742476985231,0.322407949141078,0.571482483242198,0.731759484376376,8.79211880952126,3.48358700729901e-45,0.4614336008542105,PASS,
3732,APOE,Treg,0.595866975399191,0.290943447861883,0.905544856199136,0.880559487082664,8.43351035371287,0.0034912526635552,0.46124904588079674,PASS,
3734,SIGLEC1,cDC2,1.16378737205694,0.133018039619675,0.905107552004252,0.934267409163364,6.81916982665618,9.76145705210726e-06,0.4610745042374331,PASS,
3735,FAM198B-AS1,Mɸ1-LYVE1,0.166284030324295,1.14742433521201,1.23287780033632,1.18353713822802,7.28365215639995,6.73930692400653e-25,0.4610332905623877,PASS,
3736,COL6A2,Treg,1.03258581013322,0.653623342097114,0.839498895164613,1.07146711810639,8.39364946771794,0.0086657278091338,0.4610281186780653,PASS,
3739,MT-ND6,B cell,0.0707717253443252,0.606157490075318,0.664026456006764,0.845258146021637,8.94035200002334,3.18691369293665e-09,0.4607522670700805,PASS,
3743,STAT1,Treg,0.401380782519981,0.594392243876455,1.0346066241832,0.99049555833456,8.84439552670842,0.0033849122025453,0.46059290671156106,PASS,
3744,COL1A2,dS2,0.712545815507205,1.0635347116736,1.42087439027906,1.30587027142565,10.7688260868955,8.042344526062629e-43,0.4605895732358276,PASS,
3747,WDR11,Mɸ4-infiltrated,1.01733792838663,0.992409159041811,1.63271982309326,1.39311896933561,7.83411626436167,3.14766880928079e-29,0.46043179634098247,PASS,
3748,CNDP2,Mɸ4-infiltrated,1.19829533272252,1.09981699926807,1.41957677589409,1.41300461848658,8.04365937072333,3.90405837415781e-29,0.4603426515609081,PASS,
3749,PRKAR2B,EC-aPCV,1.26298913877213,0.0872409970639914,0.0498071621618787,0.750473948511105,7.83461451643552,4.93051545932417e-23,0.4603124958149633,PASS,
3751,MX1,B cell,1.17209571350308,0.0601119118968035,0.641884905924254,0.867662940601258,8.58702144347896,1.4124163518218e-15,0.45995686856060164,PASS,
3752,DYSF,EC-PCV,1.76498967751021,0.71848852030485,0.765169717342093,1.2330527452071,7.97773295480871,0.00010802221838,0.4598649734759603,PASS,
3753,TIMP2,Treg,1.16841071760856,0.550373468590917,0.776891787596183,1.06472181025192,8.38842861782136,0.0001040361398358,0.45985193927063595,PASS,
3754,LY6E,Treg,0.948455978074559,0.279413683446217,0.624998083143863,0.897340875294486,9.07149202925325,3.71479700293304e-06,0.4598295539082003,PASS,
3758,DNMT1,Mɸ4-infiltrated,0.920460755400934,1.38469724656053,1.32711101977004,1.44935059596926,7.89319535968203,2.75753069273702e-22,0.4596970968173935,PASS,
3759,RPS6KA5,Treg,0.635876854619147,1.11442935932211,1.35103980398499,1.30572962457656,8.66230805945423,0.0032117268832306,0.4596841386971056,PASS,
3760,LTC4S,B cell,0.289504648122968,0.211229520423542,0.12640652308391,0.647322772813884,8.30524201664124,6.25961265606527e-08,0.45959891836420536,PASS,
3762,IGFBP2,Treg,0.207131355420638,0.17204738714888,0.723431511158554,0.759168954040227,8.37858951599358,0.004505010766053,0.4595047000388584,PASS,
3763,FAM20C,Mɸ4-infiltrated,0.550991559396814,0.989639994894525,1.6935030257065,1.3351511284883,7.94251306371719,1.21240220820469e-32,0.45947883462741584,PASS,
3764,RGN,EC-aPCV,0.665670301455689,0.0083634924917604,0.0230293575627094,0.626513287340302,7.82862299860868,4.19269575217256e-07,0.45944817879341593,PASS,
3765,F2RL3,EC-aPCV,1.26951868402969,0.358410050453283,0.201575707395522,0.891147251881336,7.8475328285348,3.70310580526395e-08,0.45941987268741497,PASS,
3767,TNFAIP3,EC-PCV,1.51479446906076,0.551805485920442,0.433749313062449,1.05933384078085,8.00121758982807,0.000268398421677,0.4592052086546685,PASS,
3768,STAB1,cDC2,1.25144526094923,0.864732995801482,1.52651371945777,1.38330096694253,6.9790376545061,1.29347279962684e-05,0.459171578329906,PASS,
3769,FAM162A,Mɸ4-infiltrated,0.244901015049831,0.620013470531148,1.69872385409186,1.15779738085551,7.89570419929768,1.07704605550122e-37,0.4591676996936815,PASS,
3775,CXCL9,Mɸ4-infiltrated,0.0498521587536726,1.44633418403436,1.80995793145063,1.452950764913,7.37158424201404,5.03056557674943e-26,0.458508376825721,PASS,
3778,CTTN,Treg,0.126784491208604,0.262309828842954,0.188257430106469,0.675522106744251,8.34934693450405,0.0094100603406718,0.4581772271389787,PASS,
3783,ISLR,Treg,0.271010680915143,0.378214249398278,0.150454399446778,0.734046759332265,8.35458010163857,0.0023593769120802,0.45791167729560683,PASS,
3784,LINC00649,Treg,1.09375881242863,1.30263562584419,1.08295330411857,1.41954674117608,8.65788537199477,0.0018998268870359,0.45771699293525325,PASS,
3794,SPEN,Treg,0.446106739148897,0.166037779410821,0.394467218852571,0.760459294148093,8.5624378628778,0.0027488482648519,0.4573179723167795,PASS,
3795,ERBIN,Treg,0.810118740070948,1.07193681179826,1.20660728181931,1.32160933186168,8.70193962294052,0.0025124697828403,0.4572989484574452,PASS,
3796,RCAN2,EC-tip,0.0803834787641929,1.20560326786753,1.07567829331214,1.2078810328358,7.21656646332138,1.61454208272655e-37,0.457264453154545,PASS,
3797,SEPHS2,Treg,0.0686851864906649,0.0788124679388594,0.065652098904321,0.596313503447165,8.57659635925359,0.0056191903164055,0.45724801238366336,PASS,
3800,APOE,B cell,1.1239892884138,0.817797683779868,1.10221612545243,1.27174665529339,8.39084081233085,2.78329934541425e-08,0.4568707229880616,PASS,
3803,JUN,EC-PCV,2.06026382280142,1.68655925144657,1.63206264627189,1.89997798755898,9.16352205822127,0.0008688633137475,0.4567504642732729,PASS,
3804,NMT2,Treg,0.39641086805667,0.318088073598057,0.596637038735315,0.857517988797965,8.62544376514429,0.0086118866999616,0.4567209638503534,PASS,
3805,SMG1,cDC2,0.442569183159022,0.992479107728965,1.11734790092521,1.21537956874634,7.49085886086343,2.648575962208e-06,0.45668748688823035,PASS,
3807,COL3A1,dS2,0.461056910967685,0.978832195530545,1.01651570549829,1.19114499210662,12.061720378585,4.08437048180219e-40,0.45658934578169835,PASS,
3809,ASH1L,dS2,0.143954433794474,0.0948015830706173,0.418811038015904,0.705995752660133,7.8328199307398,7.63615109819125e-36,0.4565041552682359,PASS,
3810,MRC1,Treg,0.151730322218907,1.23159873372469,1.30113446932716,1.29569061037158,8.43196715640975,1.43908872980204e-05,0.45649417462408876,PASS,
3811,LMNA,Treg,0.876419618745648,0.68500927606101,0.280693776734694,0.996501254345912,8.46122573109131,0.0031295285326769,0.456382213357495,PASS,
3814,POLR2J3-1,dS2,0.382354951432229,0.152050304013734,0.880216097888306,0.876401588174007,8.19552192641317,6.48641071235136e-62,0.45615520575087964,PASS,
3816,COL5A2,B cell,0.015211241381595,0.0004821189198564,0.14591001254899,0.60199362275883,8.30432577534564,1.43455817499654e-09,0.45606666986677724,PASS,
3819,TM4SF18,EC-tip,0.14861230614739,0.563259080964036,0.680637038721357,0.929015694756869,9.25674179469569,9.17402034223536e-41,0.4558803200573615,PASS,
3820,XAF1,Treg,0.258469317943163,0.261893892501103,0.738533898317493,0.863930911109697,8.6589941467116,0.0012502049475669,0.45579254949623216,PASS,
3821,SOX18,EC-aPCV,0.0678788293674152,0.663781013933411,0.270948460725935,0.857665399742943,9.7071254469979,5.918664851835669e-12,0.4557551719660483,PASS,
3823,NUCKS1,dS2,0.142553284123943,0.338636646899867,0.277614241782477,0.767226181754534,8.97428859139017,1.90313067268691e-66,0.4556475937681482,PASS,
3824,NPNT,EC-aPCV,1.61413168125634,0.0177728163305069,0.0557891018180909,0.875055006114814,7.88691736545012,3.65655396362472e-17,0.4556341207418908,PASS,
3826,KCNN3,EC-PCV,0.152658566161976,0.188141899469025,0.680124046320304,0.814583280272455,8.2752054293593,0.0003449876969669,0.45546201776411593,PASS,
3828,PCMTD1,EC-PCV,0.770402984955205,0.0521247045387741,0.0385065697028307,0.734691826662551,8.54701666710792,0.0008495542713501,0.4553845405710438,PASS,
3830,RHOBTB3,Mɸ4-infiltrated,0.821614817808953,1.27003797473134,1.69415999982757,1.54406069370558,7.41639882307757,4.72050633456646e-21,0.45524371734647645,PASS,
3831,JPX,dS2,0.676529849099694,0.288670134032571,0.683811463161775,0.942333627033509,7.99330310986356,4.73788762832571e-47,0.4551645532366053,PASS,
3833,DUSP1,EC-PCV,2.44461206160589,1.28682518227561,1.03999710802697,1.70351294480085,9.29308228050701,1.74306319700251e-15,0.45513112180844933,PASS,
3834,RAMP1,Treg,0.566405342811515,0.0697282609718155,0.140966540244293,0.733042027441261,8.36594169035329,1.52059635744657e-06,0.4550679382961389,PASS,
3836,XAF1,cDC2,0.72312489048386,0.339263207371836,1.49725088743311,1.16355217530243,7.42564233369148,2.28780143319412e-11,0.45491793313511153,PASS,
3839,IGFBP5,Treg,1.53269666880337,0.209271975939477,0.321399990812148,0.995365552643959,8.36766675196221,1.22395295011932e-13,0.4547362688019811,PASS,
3840,MARCKS,Treg,0.280693571657813,0.484360349032123,0.851180805336462,0.984650402698332,8.38115411115282,0.0059175899859226,0.4546643390479965,PASS,
3842,NPL,Mɸ4-infiltrated,1.63813851427627,1.27718402750011,1.45190739538699,1.65054348974892,7.93462089684628,9.04862153048334e-22,0.4544299628301768,PASS,
3844,PARM1,Prv-CCL19,0.129659083908437,1.53353169987063,1.40255105954358,1.45553224382133,8.82540748027834,2.05473007096842e-18,0.4543285099608049,PASS,
3845,C1QBP,Mɸ4-infiltrated,0.908143900858125,0.740085066542778,0.0007167395919387,0.993111762530814,7.87349947825207,3.61485905665437e-22,0.4542059620034178,PASS,
3846,SLC29A1,Mɸ4-infiltrated,1.13643976719338,0.451753807599091,1.53144649872404,1.29455877325148,7.37162996894918,2.29927757749556e-22,0.45418715955773103,PASS,
3847,PKHD1L1,B cell,0.134381247270888,0.750410624047671,0.526060816761537,0.981836548469978,8.35061306104145,6.257625359092551e-09,0.4541258935455275,PASS,
3848,TPX2,Mɸ4-infiltrated,0.301618248522712,0.358330754064554,0.133014014501577,0.795269229023112,7.2523993701163,1.71414746463529e-22,0.4540777820465512,PASS,
3849,NPNT,EC-PCV,1.8074767460564,0.161496733462009,0.34752567829346,1.04858423710807,7.96417459194347,2.7680920417586e-10,0.4540387573403177,PASS,
3851,FMNL2,Mɸ4-infiltrated,1.11006769256672,1.66434651247592,1.70889665684061,1.76332630057612,7.46336907067038,1.20258770581282e-24,0.4538059049677157,PASS,
3853,LTBP4,EC-aPCV,0.309987929188427,1.39196630894618,1.2630225543295,1.41191143381971,7.95125934177396,0.0001405315910418,0.4536418402779383,PASS,
3854,ADCY1,EC-aPCV,1.57654472753757,0.0757830348671776,0.0878287252856838,0.927878748944867,7.83728528121554,2.76803189273418e-28,0.4535944316985064,PASS,
3856,CTSB,Mɸ4-infiltrated,0.0952255976852439,0.450204606790282,0.965381437456554,0.988419497739863,11.327583747,7.33384701431957e-37,0.45345380286405707,PASS,
3857,CCNB2,EC-tip,0.0215353611452254,0.432149705049084,0.0871738303123737,0.773382344458678,7.14238376740164,7.116339614848131e-31,0.4534527460120439,PASS,
3858,DCN,B cell,1.32160949970339,0.585155970790594,0.714094920060347,1.18989111512581,8.40388809854702,1.18623824968981e-11,0.45338858028350393,PASS,
3863,AC005162.3,EC-aPCV,1.29791734072177,0.294595134242156,0.304974633638821,1.00221170246652,7.85018303686126,1.06810066821568e-05,0.4531249021751443,PASS,
3864,PARP14,B cell,0.101436661060528,0.920792450540902,0.666668258747524,1.08179661349824,9.03875282736355,7.23218289686303e-16,0.4530858437497953,PASS,
3866,APOL6,cDC2,0.112040976902895,0.115487845881671,1.00942047594796,0.904051929196285,7.20490698005646,5.73676280089634e-08,0.4528711636252633,PASS,
3867,DDX46,dS2,0.174691695994532,0.0977873509695102,0.252146750801419,0.742895607596937,7.9511639414169,2.83531428253881e-49,0.45264511094545745,PASS,
3868,PMCH,Treg,1.69840419146965,1.23590815861312,2.37921869105245,1.91014639993126,8.53942860231626,2.0127613390717e-08,0.45263819467545646,PASS,
3869,MT2A,cDC2,2.62678607773419,0.585845518132324,1.27442453670184,1.58783174209398,7.91953863473426,2.16006545889715e-14,0.45263407582476817,PASS,
3870,ATOX1,Mɸ4-infiltrated,0.882192041912973,0.642805033313774,0.0239360533610196,0.989263473989616,8.23666143855663,7.476169497114259e-28,0.4524934942562149,PASS,
3872,EGR3,EC-PCV,0.187261950798413,1.29645220961106,1.4701328155912,1.42514243670082,8.04381599082195,1.1538321956767e-05,0.45241689255299333,PASS,
3874,LIMA1,EC-aPCV,0.848715320379894,1.65273514661322,1.51669814061628,1.68367195196499,8.5841995544378,5.78417165680389e-07,0.4521836193496415,PASS,
3875,IGFBP7,B cell,0.920801207546268,0.0295348835469325,0.30421674442191,0.867368046419582,8.44028902137723,5.97070405139379e-16,0.4521613127239453,PASS,
3877,OAT,EC-aPCV,1.30337955263536,0.498729827177697,0.362383764543128,1.09834259593941,7.91682080028676,3.81139927830415e-05,0.45209007776730203,PASS,
3878,IFI44L,B cell,2.20645083764847,0.674351521561992,0.749120139651882,1.41541469415354,8.41197205400016,2.14769258455491e-43,0.4520879169533759,PASS,
3879,SLAMF8,Mɸ4-infiltrated,2.08006422302808,2.30834620346567,1.64545002401462,2.20437157995691,7.63593179055586,2.85143914510423e-39,0.45202857300072313,PASS,
3880,SPARC,B cell,0.467396388979686,0.635500161751166,0.85471320213402,1.11004587471999,8.36316090987354,7.39938286558127e-08,0.4519265618824661,PASS,
3881,GATA3,Treg,0.415661500951978,0.27865737308459,0.0977403404794403,0.818573297296908,8.8557343876606,0.0001946436044021,0.4519043422286006,PASS,
3882,SSC5D,EC-PCV,0.945272827051156,0.0722246322638553,0.130780974398739,0.851578070475293,7.92377382294841,7.42211780284466e-05,0.45189724844515594,PASS,
3883,APLN,EC-tip,1.4559975135106,2.3076725124019,2.02456409596222,2.17976996222143,7.35286800601569,1.23515142413011e-39,0.4518958646343415,PASS,
3885,TCF4,Treg,0.196319555566151,0.128586997923777,0.341012782745759,0.793192279580984,8.36440498331704,0.0007540807881487,0.4516149902412752,PASS,
3887,GGCT,Mɸ4-infiltrated,1.18538089307267,1.30659403851599,0.527277427077299,1.39652537657094,7.46814578985696,4.03854337780381e-25,0.4513797786383436,PASS,
3888,HSD17B12,dS2,0.232497455966559,0.232963071483466,0.591930853479422,0.891651671333074,7.59771835009808,7.31770176443294e-38,0.4513351209000462,PASS,
3890,EIF2AK2,cDC2,0.640444955668509,0.405959639221687,1.10196197293101,1.13449156986844,7.47981895382522,3.52909885144012e-08,0.45114934179164495,PASS,
3893,SLC4A7,Mɸ1-LYVE1,0.315405392283722,1.16498549432578,1.17499507028187,1.35014130661415,8.0063006926412,1.43809692764565e-27,0.45103243349431127,PASS,
3895,TUBA1B,Mɸ4-infiltrated,1.55038992651292,1.7310546114964,1.58396006670081,1.88043519400133,9.54363596835933,1.06729623734961e-54,0.45067335256342766,PASS,
3898,TENT5A,Mɸ4-infiltrated,0.906537484848099,0.708022353532893,1.62205004714048,1.41426569973849,7.74539214951218,2.72309644225628e-24,0.4504806186480322,PASS,
3901,MYOF,Mɸ4-infiltrated,0.73507133235021,2.1854782650708,2.20561276344098,2.06229859278317,7.98121111146283,4.06190044289766e-52,0.45036117689195587,PASS,
3902,STAG3,B cell,0.229612509810026,0.608521343622302,0.883844523733231,1.09286590322845,8.52823623357578,1.06582998577801e-08,0.4503291274683013,PASS,
3904,NECAP2,EC-aPCV,0.719109605583007,0.0003820998439822,0.0053916084885304,0.792200886646053,8.0803741552486,0.0001645221605189,0.45024853710483287,PASS,
3906,WNT5A,B cell,0.0885709927493353,0.0431466157558643,0.0146121650871805,0.70732126359243,8.30672179838537,8.41144287114699e-13,0.4500409853137419,PASS,
3909,MGP,Treg,0.214992906830114,0.30576770238443,0.269751309725006,0.86502469599248,8.40002800394976,0.0087236745360136,0.44989715702509686,PASS,
3910,COL6A3,Treg,0.241429820947192,0.344273732364351,0.519416995145122,0.935807047006295,8.38705828229326,0.0032150894932386,0.44989312417639443,PASS,
3911,LDB2,EC-aPCV,1.40092353714346,0.854352463107123,0.875975955136414,1.38398920442204,8.91371366742634,3.39892806193552e-06,0.44984269559617535,PASS,
3912,HELZ2,EC-aPCV,0.777236189972044,1.72375521435144,1.81010413509978,1.80374575719587,8.02713457574659,5.13880049812917e-05,0.4496410061897362,PASS,
3915,AAMP,EC-aPCV,2.26589318739511,1.31473476809588,1.46004329216659,1.85531446131918,8.08147425282552,4.99603190278079e-08,0.4494767267771165,PASS,
3916,IL1RL1,Treg,0.409198567604086,0.175775312812657,0.126434218705158,0.833273801298735,8.40039873682863,0.0001066028319614,0.44946120101346865,PASS,
3917,GSTM3,dS2,0.148100323247762,0.0071464042659747,0.23966442499167,0.763730327296894,7.44212175805094,9.84106997042785e-41,0.44945844472504953,PASS,
3918,IGF1,cDC2,1.3106737278209,2.71079353270947,1.67832597609212,2.25003045856162,7.29680784251378,2.01433470782539e-14,0.44945629784988844,PASS,
3919,OTUD5,Treg,0.896102780995932,1.06007104859778,0.682572626541536,1.32352764304692,8.62536383583169,0.0009655880287205,0.44944111802097947,PASS,
3920,ZFHX3,Mɸ1-LYVE1,0.343662621964403,0.964520378167033,0.905803218548126,1.24772571477711,8.25024631698449,1.35884986132367e-24,0.4494266882061345,PASS,
3922,EXOC3L1,EC-aPCV,1.00969680047535,0.151251385478136,0.148935434024707,0.93358066464182,7.83833125582216,6.46766969759032e-06,0.44935865311347906,PASS,
3926,CCDC88B,Mɸ1-LYVE1,0.363882310353668,1.27450166756521,1.48993349968793,1.50156041762536,7.37862442783889,1.4793220332484e-31,0.44893728473249345,PASS,
3927,CD36,EC-PCV,0.185931565922086,0.672369525997466,0.200606890601119,0.978271530063953,7.9394318738637,0.0003436711311375,0.4488647939838787,PASS,
3929,ODR4,Treg,0.240013208832241,0.600684295813642,0.972399810610768,1.13822004335232,8.4124132512911,0.0009078288565519,0.4486588297159701,PASS,
3931,PTGIR,Mɸ4-infiltrated,0.651346790063796,1.0990689965376,1.70313872491977,1.54911850273734,7.46761331297393,1.35568197580156e-24,0.4484875329381304,PASS,
3932,PLA2G2A,dS2,1.01088932308838,0.0962426293139346,0.429344750235721,0.994542185287989,7.06021413664629,1.80499819120332e-42,0.44830743510203974,PASS,
3933,HEG1,EC-aPCV,0.431995052508064,1.03970832753053,1.13423395184001,1.35956948146982,8.8093899935796,0.0001908365911112,0.4481443858534383,PASS,
3934,FBLN1,Treg,0.580404752723814,0.295495786511813,0.265288639835189,0.950114625196174,8.40064704799529,7.67118430813879e-05,0.44813881838098674,PASS,
3935,ABLIM1,EC-PCV,1.00457582805045,0.231239764321662,0.0989840995536338,0.967978828142165,8.5099291654173,6.53054416710235e-06,0.4480654799970615,PASS,
3936,MIF,Mɸ4-infiltrated,1.15380711320481,1.49717417546658,1.45519168639527,1.72375957762263,8.3949421178226,4.04414621682599e-37,0.44798988686215047,PASS,
3937,PLPP1,dS2,0.420028725910846,0.389307002951656,0.0027494570192808,0.900946159273458,8.49091814070601,2.41182691051836e-52,0.4479123059420942,PASS,
3940,ASCC2,Treg,0.909157646463659,0.901965564388939,0.961596806493047,1.36145721080549,8.49606712682391,0.0063504383106344,0.4477405659975531,PASS,
3941,GNG8,Treg,0.681010334642469,0.894859548498079,1.10579597623459,1.35291037814338,8.4463420067892,0.0047652597892962,0.4477383038379292,PASS,
3943,CKB,Prv-CCL19,0.461607374366789,1.24440318255945,1.44668789277658,1.51546937853935,9.33084553589629,3.33508277735313e-15,0.44763873568724705,PASS,
3947,ALDOA,Treg,0.131872114154173,0.406761114698592,0.516336901777343,0.977679342238195,8.47709913834793,0.0019061857426516,0.4473974185294302,PASS,
3948,PCDH12,Mɸ1-LYVE1,0.153785468387978,1.9835043384048,1.76530322196754,1.81368167653856,7.41084003330508,1.5343594975862e-64,0.4469728461336053,PASS,
3949,ATP1B1,EC-aPCV,1.45754845879811,0.17994803146668,0.116768446076055,1.05630610750636,7.83981003099704,1.76886345916532e-13,0.44678239267064673,PASS,
3950,RP1,EC-aPCV,1.9160273348871,0.0981358045956802,0.203843201304465,1.13426774475622,7.84451035824081,5.91165175247277e-33,0.4467327693509681,PASS,
3953,EPB41L4A,EC-aPCV,1.19105875713324,0.267095922005551,0.34862154118865,1.09219103338852,8.06374881679277,6.23447483132771e-07,0.4463480813129683,PASS,
3955,DST,EC-tip,0.127418994366416,0.54171318292028,0.0616081543796871,0.939812524403684,8.00891728268292,1.40677420675033e-31,0.44632431700651287,PASS,
3957,TCIM,EC-PCV,1.52814802941322,0.522282821685944,0.274030425830765,1.21800681002244,8.15743604198642,4.56891973547096e-06,0.446213526676886,PASS,
3958,HOXD8,EC-aPCV,0.937654547168792,0.17555102536625,0.350662250100082,1.02306113597582,8.14513849267706,3.38066898836642e-05,0.4462078939618215,PASS,
3960,FN1,Mɸ4-infiltrated,2.13695221959639,4.33790677740395,6.0469254544748,4.64227342254823,11.7923802436597,3.18535876013957e-109,0.44603762529717667,PASS,
3961,RAPGEF4,cDC2,0.419443164098165,0.133758073006181,0.736970879255232,1.01219371155776,6.80047312333962,5.09873120455676e-06,0.445929407280404,PASS,
3962,COL8A2,Mɸ4-infiltrated,0.572067268915515,0.299478837990684,1.30104727955608,1.21679650012406,7.3834129744444,1.31768915539355e-20,0.44583472313204114,PASS,
3963,TYMS,Mɸ4-infiltrated,0.276141314862575,0.662567358347834,0.100659611612785,1.02147434497047,7.26215157336712,1.12207716278309e-32,0.4455855426705112,PASS,
3966,CCND1,EC-tip,0.326992414234883,2.93635349965913,3.17883689246011,2.61826981654381,7.57993720590377,1.95125313979424e-150,0.44543481272098884,PASS,
3969,ROCK2,dS2,0.296012553446937,0.426558208756676,0.434359121330957,1.02708731240504,7.91221436308832,1.12073286588156e-44,0.4452438022812165,PASS,
3975,NR4A2,EC-aPCV,0.331795201330725,0.48353232272114,0.0548470690215378,0.982092805902764,7.90115611630411,1.41020821899956e-06,0.44453803499938405,PASS,
3980,COL1A2,EC-PCV,0.59301531832002,0.775386333651141,0.178260482159959,1.14682531527429,7.96630624761877,6.60548640553827e-05,0.44419462105076124,PASS,
3981,RAB13,Mɸ4-infiltrated,0.645457151558627,0.533848974259411,1.19368138620259,1.30309837963132,8.01733811982446,6.60795908065048e-23,0.4441273809538305,PASS,
3982,COLEC12,Mɸ4-infiltrated,1.68710914936037,1.28795489620646,1.78882318184202,1.88311481089444,7.53055049500816,1.7213020482341e-22,0.4440703772107221,PASS,
3984,GZMB,B cell,5.8641781051133,0.282354048465457,2.33663327985539,2.64814126037977,9.09370026427482,8.13844426562924e-213,0.4437843185922774,PASS,
3985,HDAC9,EC-tip,0.206666768799863,1.04968341567111,1.00417581997251,1.36029653924663,7.45672411448457,1.28267311734231e-39,0.4436847579793374,PASS,
3986,FMNL2,EC-aPCV,2.02924184817069,1.10101817163339,1.1412401539111,1.7333435892784,7.93363006905374,4.85570745464308e-05,0.4436314419790718,PASS,
3987,CD81,Mɸ4-infiltrated,1.32380078752717,1.28441780934894,1.32559091582427,1.70784080518962,8.95700988127262,4.20859812943138e-43,0.44353830938040584,PASS,
3988,EGFR,dS2,0.113048726622405,0.0208357020120659,0.17952041569983,0.856706056234076,7.59949960386669,4.065295099351e-49,0.44323236081996414,PASS,
3989,PPM1K,cDC2,0.791870151994828,0.341009745277693,0.740091098620258,1.18076979931471,7.24748778817654,6.90628662743865e-06,0.4431546278230061,PASS,
3991,LUM,Mɸ1-LYVE1,0.23984639029812,1.00986262737645,1.53115815739912,1.48499455353894,7.29815066233911,1.74978310289027e-34,0.44296551347035407,PASS,
3992,RRBP1,dS2,0.561197713406158,0.690984446777048,1.13399139231664,1.34217069766806,8.41940141102138,2.07069334360567e-66,0.4429630724937471,PASS,
3993,A2M,Mɸ4-infiltrated,1.73817075018351,2.26275602077769,2.52506652963008,2.46019661190646,7.77986931302125,3.26547630764923e-37,0.44290861185208735,PASS,
3994,P2RX7,Mɸ4-infiltrated,1.45960358116463,1.83889398100969,2.25423554289184,2.17161750115353,7.63832115579981,4.58200406995542e-35,0.4428976500893943,PASS,
3996,PCLAF,Mɸ4-infiltrated,0.227297183062657,0.765950883628651,0.0106802062644569,1.07305660994809,7.26804622109128,1.30340082601703e-28,0.4427359640846972,PASS,
3997,CLIC2,EC-aPCV,0.240801214935691,1.01144941972559,1.10513037155373,1.39189668098894,8.23966784294737,0.000303395642057,0.4425962814017235,PASS,
3999,SYNGR1,dS2,0.278023868019924,0.249250138421333,0.322867230387406,0.996172723959358,7.5977886289168,4.19161963575963e-49,0.4421909837177642,PASS,
4001,SCGB1D2,Prv-CCL19,0.161562478448286,0.0573564575680166,1.10561806019744,1.09109502829677,8.28325487846738,6.12228105151779e-13,0.4420803064547022,PASS,
4002,MMP2,Treg,0.997154470329333,0.267146177453532,0.572293980311411,1.17342182631088,8.37677446967708,1.06896892994981e-11,0.4420586392419129,PASS,
4004,PRDX1,Mɸ4-infiltrated,0.528990205816786,0.782230733983208,0.0214188698724322,1.13991300388415,9.02349758852443,5.53431324559732e-45,0.4420073680649682,PASS,
4005,NRP1,Mɸ4-infiltrated,0.723366189030203,1.33186370652758,1.36327957286733,1.64935849968812,7.95636547461682,4.5106567072047e-21,0.4418366088750075,PASS,
4007,PARP14,cDC2,0.0700570864962289,0.0176062926418604,0.546212915838692,0.951185270415986,7.84652610875358,3.42189739802781e-09,0.44167178764279835,PASS,
4008,NR2F2,Treg,1.32296960512235,0.417084633493056,0.616502865072177,1.2919419303413,8.38887104418914,1.75985889583483e-12,0.44158546818491606,PASS,
4010,PPP1R14B,Mɸ4-infiltrated,0.327076062484184,0.53834263269826,0.192969807158226,1.07704580927068,8.2536800542696,5.03399138213653e-23,0.4413829839922805,PASS,
4013,PLCL1,dS2,0.150787040094006,0.189216198118061,0.636176309719507,1.04675196090746,7.50173925147787,3.92236712024199e-43,0.4407952280801111,PASS,
4014,GPI,Mɸ4-infiltrated,0.761019753631412,0.725173374077291,1.64719161842075,1.53680107895998,8.06053131951198,1.70119050355122e-39,0.4407942983728075,PASS,
4015,EGR2,cDC2,1.75210357285765,0.31412513829034,1.15789902735157,1.4707366182938,6.92752220515976,3.61324600226887e-12,0.4406973235389879,PASS,
4017,GZMA,Mɸ1-LYVE1,0.280881500901935,0.750558913996171,2.28705961351846,1.63025802191083,7.28105172740536,4.24623143179978e-78,0.4401847332585861,PASS,
4018,VEGFB,Mɸ4-infiltrated,1.66254666479892,1.48119878773914,1.54341932679714,1.93627721832507,7.64104620910205,1.37564887625388e-26,0.4400590242329445,PASS,
4019,CSNK1E,EC-PCV,1.28531856723851,0.0826341246589923,0.375630382200903,1.16002496545505,8.13379874637418,6.88392777827096e-07,0.4398841360033444,PASS,
4021,TNC,dS2,0.242268404761737,0.711950565837722,1.80829894607797,1.50076301589683,7.22586965732112,2.22244742301425e-39,0.43971868866127345,PASS,
4023,SLC12A2,dS2,1.04944227984018,0.155577674161287,0.24605820360741,1.11865858618065,7.40565207956374,4.26267742707257e-50,0.4396206698007754,PASS,
4024,KBTBD6,dS2,0.303547471696949,0.1344476985678,0.364716126203558,1.01724168404509,7.21340777351342,1.20021295370652e-40,0.43958146746289467,PASS,
4025,TUBB,Mɸ4-infiltrated,1.35281078133376,1.37456688206336,1.35674027250945,1.80543488181368,8.5347674589872,1.18895821610045e-39,0.4394012324159,PASS,
4026,FRMD4A,Mɸ4-infiltrated,1.24352229121025,0.53450821900907,0.0979070527109945,1.24249142124263,7.29654590130333,3.41538010414588e-24,0.4391036752098877,PASS,
4027,IFI27,Mɸ4-infiltrated,4.63962889369787,0.808309148758975,1.73934976722732,2.41617435693532,7.58757019485798,2.86784903047341e-109,0.439024943235567,PASS,
4030,PLAC9,dS2,1.05000592081524,2.65440772106085,2.95245293974665,2.65030198837838,8.09843223136145,1.15149239606126e-49,0.4388120921422238,PASS,
4031,SPRED1,Mɸ4-infiltrated,1.29817173445986,1.31652466155802,1.46347033947491,1.80959882276322,7.81240330292803,4.1980044723999e-24,0.43873513703938105,PASS,
4032,ZBTB8A,dS2,0.312889177408106,0.238056279026433,0.261840967098137,1.04467444700595,7.42332663324937,9.168029586222241e-44,0.4385309465564402,PASS,
4034,CCNB1,Mɸ4-infiltrated,0.103392605128395,0.597541519475416,0.182612128226399,1.11126496199658,7.26361865123995,6.85158000761406e-39,0.4380216536783555,PASS,
4035,KCNN3,EC-aPCV,0.113190975198255,0.283342633677907,0.771810193370501,1.14108937292063,7.99603796754682,5.27231284600443e-10,0.43801962452991366,PASS,
4036,STMN1,Mɸ4-infiltrated,1.44857153224368,1.8244379615554,0.409983554505785,1.78415639831864,7.42449118785307,1.01992906793227e-42,0.4379495897009747,PASS,
4039,IGHA1,Treg,0.632937739066087,0.350734587285801,0.444892389865988,1.17743264589296,8.39432924051536,1.90857985028823e-05,0.43775854699938405,PASS,
4040,CCL13,Mɸ4-infiltrated,1.08564022940889,0.201015100183021,0.0522358181915717,1.1288483388428,7.2624893275001,2.22780178416638e-25,0.4377110047910361,PASS,
4041,HHIP-AS1,dS2,1.02570345349926,0.436932034067488,0.520095354350828,1.28441262033445,7.17400338127529,2.9183332894533e-36,0.4376747401253726,PASS,
4042,PAPSS1,Mɸ4-infiltrated,1.19067892575742,0.986183754800824,1.27920002398053,1.65200711089604,7.75524936979014,2.18841684694824e-25,0.4376194820079202,PASS,
4043,CKS1B,Mɸ4-infiltrated,0.449989884587694,1.00057471738309,0.488043543158434,1.36120704626684,7.35561984885159,8.27285924835096e-25,0.43743813528668146,PASS,
4045,HMMR,Mɸ4-infiltrated,0.0950891218824065,0.489811026679883,0.0560594581333456,1.06668547323804,7.25851253084057,7.009050546715191e-44,0.43713562012906904,PASS,
4046,PLPP3,Prv-CCL19,1.4626110598029,1.81021323844381,1.52172419575334,2.04687939636105,8.51609074410174,3.42608657201295e-12,0.43712589691571246,PASS,
4047,RSAD2,Treg,0.470910011398917,0.0597253784067899,0.352471528599617,1.06065494707565,8.36063267854573,3.43693161545604e-10,0.4370002617522161,PASS,
4048,PAWR,EC-aPCV,1.0020763204896,0.0911726837432554,0.178868560351228,1.12305717054817,7.99578473347154,1.51506539729528e-05,0.43678879643115137,PASS,
4050,PTTG1,EC-tip,0.511225604043677,1.30838876232242,0.42030007285484,1.46709610840431,7.20995219702843,7.21481051022538e-49,0.43667866491598095,PASS,
4051,COL1A2,Treg,1.8839590290204,0.814533175088362,1.82152207952992,1.86439332180451,8.47495211882218,2.11226906893848e-21,0.4366520042566364,PASS,
4052,XIST,EC-PCV,0.0141242634523149,0.10900395585913,0.25463304640843,0.992141455884264,9.60593384462588,4.79720551035952e-05,0.43662299456857395,PASS,
4053,BHLHE41,Mɸ4-infiltrated,0.326536778838046,1.44199096647928,2.12043639990526,1.87571230851745,7.4469623747537,7.40673724103419e-37,0.4364213801461894,PASS,
4054,MT1G,B cell,0.177130448800193,0.063005392423798,0.230532567334772,1.00290685213997,8.31506087328635,2.77041949283751e-34,0.43635296938732687,PASS,
4056,RPP25,dS2,0.180215783010464,0.151325751714349,0.0087505548223573,0.986556821503343,7.12227752686377,3.84463894438435e-39,0.436248713226109,PASS,
4057,H1FX,EC-aPCV,1.48710004783097,0.754662275317111,0.750024203022041,1.53126361103779,8.45782256342534,1.94279912310727e-05,0.4362302665496705,PASS,
4058,KLF6,Mɸ4-infiltrated,1.05222851131502,0.744990636617767,0.233953250293177,1.34584645512303,8.98882708341887,3.58146379372823e-32,0.4361567686684014,PASS,
4061,IFI6,Treg,0.360211444917186,0.251171326268177,0.463198204597038,1.13870399516427,8.86086917714075,3.4378250484919e-08,0.43585836247220494,PASS,
4063,ABHD2,Mɸ4-infiltrated,0.301373961867119,0.425863847002348,0.526306912943065,1.19771298504129,7.99382983085961,1.54260189234427e-20,0.43558353387260895,PASS,
4065,ALCAM,Mɸ4-infiltrated,1.05590510551155,0.775926902503624,1.33664038949691,1.60505877225658,8.19423052689365,1.5525858947412e-26,0.4353588449416399,PASS,
4066,IL17RA,cDC2,0.547065125104243,0.0067300674075446,0.401784617970433,1.09740825694393,7.34700151546712,4.95525164120022e-10,0.43511659797656405,PASS,
4067,CTNNB1,EC-PCV,0.658863107023934,0.123477857651268,0.18081825056705,1.10550323240967,8.66000646132001,0.0005720192168245,0.4349999708955453,PASS,
4068,SGK1,Mɸ4-infiltrated,1.31171551950447,0.807576110847375,0.0118937663152545,1.38353380954074,8.68452537300425,2.82925194760806e-28,0.43486673591329,PASS,
4069,PLPP3,dS2,0.407775467399295,0.241103370108979,0.169802589064418,1.10014964566026,8.63198150960467,6.35475041871141e-63,0.4348513250836215,PASS,
4071,MAF,Mɸ4-infiltrated,3.35014750385205,2.03257509783941,2.01823867906735,2.68208257748016,7.78282906993809,3.30487029421748e-51,0.4343041423650147,PASS,
4073,AFF3,dS2,0.260164603409844,0.297062612464751,0.800022974765071,1.23177615794973,7.3295831248447,1.97130542610812e-48,0.4341996143470349,PASS,
4074,VAT1,Mɸ4-infiltrated,1.69897475326526,1.11767888864728,1.09258700344371,1.78945086111509,7.57276195708544,1.29039806804805e-22,0.4341588964213138,PASS,
4075,CYB5A,Mɸ4-infiltrated,1.31183314909704,1.2225203081271,1.53343156535444,1.85569747957936,7.4764784802383,2.52146835300731e-23,0.4341572046549658,PASS,
4076,ANGPT1,dS2,0.325583828689925,0.378337658191363,0.384848651006161,1.18206818149695,7.07549831406838,4.10124782346958e-38,0.43406014911039503,PASS,
4077,DENND2A,dS2,0.145243294000364,0.0983474948562788,0.019060691649569,1.00602095367387,7.32022764848572,1.45126241660137e-55,0.43395173374269574,PASS,
4080,MMP11,B cell,0.205491530981772,0.134803045744241,0.112912969592776,1.05102889490636,8.33340049397267,1.76865550792439e-17,0.4334530804962346,PASS,
4082,RSAD2,Mɸ4-infiltrated,2.74352059377007,0.42034524810722,2.01455552682843,2.00058812619844,7.45123775449901,4.54311801036976e-53,0.4333182327823839,PASS,
4083,HILPDA,Treg,0.503343680653482,0.616580388060851,0.396357283550983,1.29390677321704,8.38659691584854,4.93586288095376e-06,0.43324611147120784,PASS,
4085,PKN2,EC-PCV,1.01357011721755,0.662696170674748,0.41804896105871,1.39681909758611,8.33221839966943,0.0001876267522408,0.43305063828246654,PASS,
4086,COL6A3,B cell,0.367468099992788,0.443463794929131,0.48495746643639,1.24482232414126,8.33870774960062,3.71492870367312e-19,0.432919896011408,PASS,
4087,STIM1,dS2,0.387884639166788,0.242808247841863,0.337929301000201,1.16131517589216,7.51029553309156,3.54442870140477e-62,0.43289290085135146,PASS,
4088,NFKBIZ,EC-PCV,0.682600252032979,1.20929878408626,0.867489902034186,1.61167707498467,8.11776893946238,0.0006894937538753,0.4327723638902371,PASS,
4089,NUSAP1,dS2,0.161003435187392,0.0951101306875259,0.0920057786211278,1.04492165756672,7.07155854462644,1.04018955890407e-52,0.43249476210527216,PASS,
4090,SORL1,dS2,0.3253466997666,0.199335641177939,0.349352194653109,1.15085980386149,7.10325731801353,7.582573783450069e-40,0.4323161961396143,PASS,
4091,BOLA3,Mɸ4-infiltrated,1.18898503561634,1.2495988303878,0.738277177636745,1.68967955124757,7.4686810719804,3.31403590700009e-28,0.4321744615189913,PASS,
4092,RBMS2,EC-aPCV,2.42381624069472,1.55068422805394,1.52623781049467,2.20342355164431,8.11289974618752,1.24608450778219e-08,0.43216429852839516,PASS,
4093,AC007563.2,dS2,0.372775875308308,0.281774543746129,0.78947028475253,1.27360071421255,7.13748266967677,6.003171065860649e-42,0.4321122957222715,PASS,
4095,MRAS,Mɸ4-infiltrated,0.477607024109992,0.787858634742913,0.292591163165289,1.34609083064782,7.45214774863515,3.0173363806911e-21,0.4315073791434515,PASS,
4096,DAB2,Mɸ4-infiltrated,2.52412974472434,1.86678192210599,1.6547105345967,2.37920331768843,8.40147846208769,7.92792405620247e-50,0.4313335067013798,PASS,
4097,CDH2,EC-aPCV,1.43273475178859,0.180016482456576,0.177423410723709,1.30525900175897,7.84266285866334,2.6461586443111e-16,0.4312292847669262,PASS,
4100,COL1A1,Mɸ1-LYVE1,0.44909595469556,1.13333252082094,2.72892092097077,2.02282269392558,7.45929660357477,1.5660848233409e-97,0.4305533035695124,PASS,
4103,REV3L,dS2,0.654191568846146,0.684827142637486,0.67282193205034,1.4378524371571,9.45837268267874,1.32997507855898e-106,0.4302389059225338,PASS,
4105,NLN,Mɸ4-infiltrated,1.45098467075524,1.44698084283121,1.3374155764746,1.96359224680429,7.47243053877993,5.76152637903838e-27,0.4299245280734408,PASS,
4106,SFRP4,Treg,1.00049213236774,0.37523049664097,0.271491085925748,1.33013954000974,8.3796371222139,1.80208990771893e-17,0.42968064786959137,PASS,
4108,SLC18A2,cDC2,1.22077145512999,1.09254425905617,0.114480156182344,1.56054187991855,6.86800022462806,9.411739880133891e-09,0.4289714092815767,PASS,
4109,CPE,EC-tip,1.07469237062534,2.25657711459651,2.44061094979587,2.47234480044016,7.35441515169319,1.9935954067101e-73,0.4289574361698392,PASS,
4110,SLC5A3,Mɸ4-infiltrated,0.783512516601509,1.2223798427315,1.9218621989415,1.92591778334038,7.68361301454785,6.77382311882321e-32,0.42876490301503684,PASS,
4113,CILP,dS2,0.355927119227874,0.689294071011327,0.509128162441571,1.38597369674848,7.42731408937087,1.22241327975876e-37,0.42843707058455693,PASS,
4114,MMP1,EC-tip,0.003913000799264,0.0608220945305724,2.23549658496884,1.53573468013412,7.19405265241829,4.5497390155187e-106,0.428278478162444,PASS,
4115,CDK1,Mɸ4-infiltrated,0.188389417712447,0.604382906193097,0.153226617636861,1.27425232124213,7.26804347472141,3.49031720711987e-50,0.42796157632606263,PASS,
4116,COL1A2,cDC2,0.687017059161674,0.166020501903168,1.70836528602442,1.55116770031807,6.94254416640998,3.87794238372745e-24,0.4278428228604809,PASS,
4118,SPINK5,EC-tip,2.96774237516798,0.763314268350959,0.611033282106283,1.90575862311847,7.66296614962035,2.7436416269001e-103,0.4275930717177521,PASS,
4120,TYMS,EC-tip,0.827146575096318,0.862713121775755,1.70941280545096,1.78344503620791,7.26310083881299,5.87218475475181e-47,0.42755870682722985,PASS,
4121,ANGPTL2,dS2,0.121460866484599,0.554639167755255,0.41191303163571,1.30685496480813,7.48817736439652,2.31783944836386e-49,0.42751187331765,PASS,
4122,MITF,Mɸ4-infiltrated,1.0152684978628,0.91250837595156,0.601257503865066,1.59204800427635,7.50325898282222,2.25619382311298e-22,0.4272112769143287,PASS,
4123,NAP1L1,dS2,0.422358047666891,0.894242718102846,0.327948634820075,1.43929140808478,9.45760328160367,3.36161306455588e-148,0.4271709424705999,PASS,
4124,SFRP4,cDC2,0.233593365544861,0.0710842482836453,0.0091502953182627,1.11900181375127,6.80226854709231,1.88521569619196e-05,0.42712406358536265,PASS,
4125,CPE,Treg,0.724781325275554,0.56413891202532,0.260818511079768,1.37615769547877,8.38762431690855,1.17100399598261e-09,0.42710860645866905,PASS,
4127,SLC38A6,Mɸ4-infiltrated,1.94838442207901,1.21969486791377,1.24711761631935,1.99683740855559,7.49525658887726,1.34273557824991e-32,0.42689925477560986,PASS,
4128,EBF4,EC-aPCV,0.913160791759573,0.0288923499410233,0.028745028471601,1.21731839371539,7.83034584646475,2.48089978887452e-10,0.42684011092827695,PASS,
4129,EVL,Mɸ4-infiltrated,1.00927758562836,1.01885253371375,1.649439347709,1.85817343814256,7.80535766817119,1.78724767191153e-29,0.42681237355263424,PASS,
4131,ELMO1,EC-aPCV,0.786037969614004,1.65500687143085,1.57228256656979,2.01388794306297,8.11999547693257,0.0001737051804655,0.42671459809836754,PASS,
4132,PTTG1,Mɸ4-infiltrated,0.339395443449299,0.832335873914747,0.217377132914095,1.39542052325779,7.28643529345085,8.362235694630161e-46,0.42658767807944503,PASS,
4133,NUSAP1,EC-tip,0.790278384916629,0.824102860025205,0.80239590754466,1.57958533237327,7.20240895259286,2.61650956719756e-49,0.42653236416661383,PASS,
4134,MREG,Mɸ4-infiltrated,0.430812606070454,0.243361552223985,0.122857270086404,1.22506437446435,7.26172552668703,9.12312546589294e-26,0.42647349473435037,PASS,
4135,ACE,Mɸ4-infiltrated,0.781248410097994,0.481985152166113,0.113593428377804,1.34485666757013,7.28773813421603,6.44791838450161e-21,0.4263244542756791,PASS,
4136,ZNF395,Mɸ4-infiltrated,0.363515436632366,0.690642565709494,2.2339002382617,1.79993628286603,7.57758973347847,2.10619965944943e-50,0.4262203731509937,PASS,
4137,CXCL13,Treg,1.39484612337086,1.35428515266763,0.367219981459292,1.76606604987311,8.47871201243673,5.997600478651991e-10,0.42583494225141166,PASS,
4138,RASAL2,Mɸ4-infiltrated,0.0987333178030907,0.335818633628151,0.180725258904554,1.22521679676823,7.38176923300936,1.61230894542016e-21,0.42570628620590045,PASS,
4139,UTS2,cDC2,0.419198009119398,0.514697727715202,0.418026139964518,1.37198373462721,6.79279332988311,7.077071954883e-06,0.425330174367703,PASS,
4140,MYO1E,Mɸ4-infiltrated,1.04730862945716,0.888212022687213,0.661076821671497,1.62934825352367,7.43273502068817,6.6756106087117e-24,0.42520503531778214,PASS,
4143,COL1A2,EC-tip,0.919317876993499,0.991540877435981,1.58163603613963,1.84325536788744,7.28888019552817,3.51792450631049e-42,0.4249172211155736,PASS,
4144,IFIH1,cDC2,0.332931748778811,0.0857946616661102,0.621566299169511,1.29027609132665,7.08891140020374,5.03750362976958e-11,0.42471858520222716,PASS,
4145,TECR,EC-PCV,0.884449342391949,0.379387670862586,0.293060196096529,1.39261944122621,8.24702383280148,0.0002473867774521,0.42450917355026224,PASS,
4146,CCL2,cDC2,0.286620252328449,2.33545194353193,0.858877682766159,2.04300353996171,6.99909486461043,7.881227909365e-14,0.4244378996568989,PASS,
4147,AKAP12,dS2,0.832053230905029,0.675186677945172,0.130218857390323,1.44032534776572,7.92517777834681,2.44326359596455e-59,0.42431386098917173,PASS,
4149,TUBB2A,EC-aPCV,0.532910915206347,0.775090613467642,0.439339256364145,1.48829292067524,7.93666351195867,0.0002763051701591,0.4239205580685162,PASS,
4150,MSANTD3,Mɸ4-infiltrated,0.262568414805423,0.614776295989642,0.0466339224258828,1.32833063536549,7.33840432615528,5.93342640619218e-23,0.42391094414169717,PASS,
4153,CH25H,Mɸ4-infiltrated,0.756871549295735,0.998904131205075,1.53414219404383,1.82359663358305,7.3568540784848,7.048127165644611e-24,0.42373430562389347,PASS,
4155,FTL,Mɸ4-infiltrated,0.681759049088188,1.01368194829531,0.550597268454539,1.60974543176062,14.3659104681774,7.95235227965776e-62,0.4235194582167795,PASS,
4158,CCL8,Mɸ4-infiltrated,0.451978439518222,0.717333738433426,0.324285556213231,1.45886812945635,7.28316831273428,5.28372413092104e-27,0.4223958040144235,PASS,
4159,MCTP2,dS2,0.482386043288737,0.112274163832351,0.203628152766324,1.27647934729549,7.09372082899778,1.83998210529734e-61,0.42225051891118875,PASS,
4160,SAMD4A,dS2,0.0632832317658675,0.463529544153309,0.219732873024948,1.31634550100189,7.21842304296957,1.31173942361528e-53,0.42213977956969184,PASS,
4161,CDKN2AIP,EC-aPCV,1.89236174136611,1.0280695631829,0.994381243417827,1.93363149926,7.91879455352687,1.21202344888539e-05,0.42178357948010325,PASS,
4162,SLC2A3,EC-PCV,0.272211375960259,1.19571036026168,1.4792164505071,1.82909470421785,8.35812194939216,1.48276370741371e-05,0.4213368900275721,PASS,
4164,EDNRA,dS2,0.485146425374559,0.34687335077594,0.15311409061043,1.3442020460562,8.14507984075845,1.40973277782291e-109,0.4213028651155795,PASS,
4165,MX1,cDC2,1.08699909686925,0.565444206027277,1.17245502942828,1.70274498159132,7.55184823357929,2.51608150560076e-08,0.4210552297167457,PASS,
4166,MT1X,cDC2,1.45371535207279,0.382537536420919,0.123975921795924,1.51024339917039,7.06585545397171,4.05741718298256e-11,0.4205724136339441,PASS,
4167,MUC20-OT1,EC-PCV,0.685908547625936,0.0977406440493929,0.109862462814079,1.31560723082291,8.15165194637526,0.0003961010049369,0.42023967336604284,PASS,
4170,TUBA1C,Mɸ4-infiltrated,0.682299703712155,0.476727642326803,0.0800832523796669,1.42006370583954,8.14140950445919,6.524975807327829e-36,0.41960365708775654,PASS,
4171,SPARC,Treg,0.828734631603238,0.643929162162034,1.27869671507097,1.73038909677514,8.43286774145302,1.52052423970595e-13,0.4192762401278385,PASS,
4173,SPARC,cDC2,0.259905865695019,0.156636455310949,1.13294597071845,1.48119553665261,6.86795820449261,2.5735364154771e-13,0.41924862727220036,PASS,
4174,NRXN2,EC-aPCV,0.280341690323655,0.0218442747789781,0.0062421962428699,1.23696456193048,7.82778964170828,3.84881000632253e-06,0.41911105370928187,PASS,
4175,CYP1B1,EC-PCV,1.05256908192261,3.13478469781562,2.80632650445551,3.04889663468524,8.45966698806277,1.11727992075878e-09,0.41874314460895645,PASS,
4176,UBE2C,EC-tip,0.427709169623849,0.376795452066425,0.176675037299281,1.38936087416288,7.17360225676557,1.96366709095339e-58,0.41849918835976135,PASS,
4178,MT1G,Treg,0.0789515353471245,0.0595144480005982,0.177988598323164,1.26499773888089,8.36363502236065,6.43935425533979e-16,0.4180981577323261,PASS,
4179,EFNA1,EC-aPCV,1.33343789278777,0.346206843123968,0.391757193638212,1.56588824608026,8.14338573548417,1.99098806857834e-10,0.41804127194963697,PASS,
4181,JAZF1,dS2,0.707889330359278,1.3577278406151,1.07822075527565,1.913025277281,7.91373186979918,1.11195899291869e-66,0.41710367514587626,PASS,
4182,ASPM,EC-tip,0.651977061025034,0.993622755942049,0.285965821016113,1.63820814683503,7.20015907447983,3.98401314105554e-59,0.41689008705253466,PASS,
4183,IFIT1,cDC2,0.803063960536531,0.557664073442842,1.4356142299923,1.77062490275707,7.1472245012107,1.57432701479064e-07,0.416618617646402,PASS,
4184,ZNF791,EC-PCV,0.50660247406134,0.159071317402858,0.428720764637923,1.42247675053659,8.21002154964769,0.000793951081557,0.4162250524470573,PASS,
4185,IGFBP5,dS2,0.664375840068661,1.087378243147,2.16476284709461,2.08502666852401,11.1285473216362,1.35397292448998e-102,0.41574073213200613,PASS,
4188,MTRNR2L1,Mɸ1-LYVE1,0.151027132740889,1.61521582860019,1.21254668780998,1.96764122403011,7.25998807974875,1.97235986020653e-58,0.41507659594345536,PASS,
4189,GALM,Mɸ4-infiltrated,1.67707490389299,1.76418318633874,1.66829095461808,2.3717005128621,7.51907262718079,1.02085895567375e-37,0.4148966677196894,PASS,
4191,SLC38A2,EC-aPCV,2.21566486305231,1.53500899269423,1.39015394279946,2.33551758039835,8.19393733465322,5.48821876674074e-07,0.4145409541120589,PASS,
4192,MKI67,EC-tip,0.612402582348069,0.74512488298657,0.991465847476587,1.73169055531646,7.19803138307466,1.39935029041104e-62,0.4143268682457314,PASS,
4195,COL1A2,Mɸ1-LYVE1,1.06311584603971,1.0440811832234,2.82926140739839,2.33713602260182,7.42979069015194,6.585527726333799e-78,0.41313636793657554,PASS,
4196,TNS3,Mɸ4-infiltrated,0.902028683783331,0.703581623465075,1.17795248413711,1.82174212756146,7.72660334198188,4.34420337689225e-31,0.41282417809460265,PASS,
4197,ARHGAP29,dS2,0.379759714245236,0.185667083045949,0.0938114524509355,1.40237507713632,7.10605709250175,1.0858034296572e-70,0.4127413652837603,PASS,
4198,ST6GALNAC1,EC-aPCV,1.99976642893623,0.736880266039877,0.590881595245271,1.89954156410022,7.95322264929278,6.16205456549313e-16,0.4126945959741807,PASS,
4199,FRRS1L,dS2,0.315057470883255,0.221342516914689,0.0237128489585965,1.39198817946305,7.10392788859359,5.30280492589802e-71,0.41264593487138324,PASS,
4200,KIT,EC-aPCV,0.143385509592198,0.0595285676087655,0.00690393197576,1.33277420042432,7.82847960791505,0.0001328242291947,0.41220345040623113,PASS,
4201,MT1X,B cell,0.736995029993514,0.190559581667756,0.611483186881096,1.55874103638761,8.37527395685815,1.07248748858338e-47,0.41192746148502435,PASS,
4202,PCLAF,EC-tip,0.354840323306024,0.827494350387503,1.47654046447784,1.8594299444444,7.22012348180667,4.58436619320206e-83,0.4112615303451526,PASS,
4204,ISG15,cDC2,0.503766505250252,0.0888553918800659,1.03052044673096,1.59688334842106,8.03108601280604,2.47149559861071e-13,0.41073083664425986,PASS,
4205,IFIT3,cDC2,1.00452164513603,0.657155100018667,1.61155631502199,1.9457977912234,7.17248342840949,1.06770625356828e-09,0.41062783276009357,PASS,
4208,FGF12,EC-PCV,0.698752698650436,0.0458673458542597,0.169077213530905,1.45844343849409,7.92533985201209,2.67492177857509e-06,0.41045363644379707,PASS,
4210,PLTP,Mɸ4-infiltrated,1.53163992641898,1.56315546158686,1.68732065464834,2.34007591591942,7.45341533736549,4.70436354447947e-33,0.40984857776535644,PASS,
4212,TOP2A,Mɸ4-infiltrated,0.105992417903257,0.904841384582019,0.191130373573096,1.61665971959612,7.29337404613833,3.64708176688434e-78,0.4097309284260024,PASS,
4213,LIMCH1,EC-aPCV,2.01091503158948,0.727590257547463,0.922508445605073,2.00397300253298,8.13040033737509,8.39274744276444e-17,0.4096231064431912,PASS,
4214,NRP2,Mɸ4-infiltrated,1.30373445010618,1.13562617364408,0.983860448220276,2.01482321466872,7.52795210731747,1.84494793133894e-32,0.40950029856644743,PASS,
4215,AKR1C3,Mɸ4-infiltrated,0.120089876720931,0.751712884295144,0.691375660422782,1.67615164394574,7.32102346086794,2.1365536474098e-22,0.4090499787434118,PASS,
4217,BCAS1,dS2,0.465411527268841,0.899447608963701,0.441845135173813,1.72442742915036,7.13922812216283,7.498398294375399e-50,0.4085654078327624,PASS,
4218,COL1A2,B cell,0.516980730818106,1.08973753372509,1.27938209613147,1.95376073973553,8.45363817067888,1.56260015738623e-34,0.4083982252739023,PASS,
4219,MKI67,Mɸ4-infiltrated,0.409639755843895,0.894555662141146,0.077306707979215,1.65338000664919,7.2854585682367,1.26026964796196e-83,0.4083725337332095,PASS,
4220,HECW2,EC-aPCV,0.992457943162952,0.288316390160401,0.493930992629872,1.65625067373608,7.85797414625912,1.48630307985713e-06,0.4078295497523373,PASS,
4222,TOP2A,EC-tip,0.613424305027589,1.36781555730802,1.0615426510608,2.02066834734261,7.26069098819826,4.99796717272336e-62,0.4073202849777372,PASS,
4223,DLC1,EC-aPCV,0.38077608584216,2.16135943623146,2.03120328718057,2.4795001853368,8.49797173169991,4.13517487895292e-12,0.40664898832418106,PASS,
4225,DUSP6,EC-PCV,0.840843484727581,0.247623934560634,0.346375945832836,1.61477192677902,8.35784895506271,4.61604487635734e-05,0.4065361534779716,PASS,
4226,CAVIN2,dS2,0.469411949515276,0.625967500630125,0.241549319189367,1.64370205974822,7.11911154640391,1.33406872655723e-67,0.4063758519488095,PASS,
4228,ATP6V0D2,Mɸ4-infiltrated,0.340531170851046,0.314913321903371,0.0250425705403324,1.51839717189344,7.27004484304681,5.60408340359809e-34,0.4057556899843498,PASS,
4229,IRF1,EC-aPCV,0.401611579773818,1.64184812196186,1.90583012820486,2.28418601227925,8.38308287526565,7.75911786059896e-10,0.40560080961616596,PASS,
4231,PIM1,Mɸ4-infiltrated,0.953533866947039,0.418359325056265,1.59435433648148,1.95531627073062,7.88589880563633,1.31741353191909e-34,0.4037868344361206,PASS,
4232,RAB31,EC-PCV,0.14394376655429,0.265490513528815,0.116239986714382,1.52433428980968,7.92629166004627,0.0003637676373848,0.4037544614539247,PASS,
4233,ACVRL1,dS2,0.456709206931491,1.1782885629521,1.28285660830045,2.0333522243372,7.34470854256679,3.47276687235963e-59,0.4034890693934344,PASS,
4234,UGCG,Mɸ4-infiltrated,0.671012635517369,1.08679185640493,0.756428869838608,1.93187395394688,7.45378504716691,6.67989640761404e-31,0.4034843312884989,PASS,
4235,SLC39A8,Mɸ4-infiltrated,2.24694768692515,1.44455761834092,1.41711932686782,2.45276794844921,7.77178136315519,1.57970890057901e-36,0.40303808897115684,PASS,
4236,ITGA9,dS2,0.0665021224519102,0.067976327855025,0.0625647016044408,1.47319374425727,7.16090886303177,5.56281730950995e-99,0.4027620441347367,PASS,
4237,PAEP,B cell,0.053554875454851,0.0689732022662309,0.0964530360574462,1.47940904418637,8.3373626006586,1.35130276847658e-43,0.4026177475544559,PASS,
4238,CD109,Mɸ4-infiltrated,0.496123087908683,0.285595188994282,0.587518904696767,1.68819447417637,7.44698074352735,1.11184415647568e-33,0.4014191531500321,PASS,
4239,ANKRD10,EC-PCV,0.542134772320782,0.0702795906492874,0.27352738319027,1.58983795761885,8.17428231642562,7.04010946002974e-06,0.40131688812241756,PASS,
4240,FBP1,Mɸ4-infiltrated,0.753207951195974,0.756642469736716,1.12505739502148,1.95102597377696,9.36232625098543,3.46625209772428e-40,0.4012146738823251,PASS,
4242,COL1A2,Mɸ4-infiltrated,0.406780327115383,0.548313503906547,2.58683955564061,2.17875316141328,7.55454674554501,3.91731675258668e-83,0.4007644670501033,PASS,
4243,SPARC,Mɸ4-infiltrated,0.360767752888393,0.28104850965382,1.6159776385601,1.8822987096031,7.48242435517432,1.86129111677141e-47,0.4004670446393547,PASS,
4246,COL1A1,EC-tip,0.110867380593307,0.0689013301867132,0.728972389043295,1.63734112438132,7.33111052433445,1.96403416946107e-68,0.39957311288517755,PASS,
4248,CCND1,Mɸ4-infiltrated,0.57252003384639,0.333859307921522,0.278356072087356,1.69055064036957,7.30210393937608,2.092824085942e-41,0.3989204166830323,PASS,
4249,IFIT2,cDC2,0.174392286594867,0.334667981452989,1.56809531679242,1.88244369896645,7.13265885707531,1.14926941451938e-14,0.39883156012577964,PASS,
4250,GSN,Mɸ4-infiltrated,1.67624181921477,0.986883104011126,0.457642571231717,2.06715727830282,8.30003805563121,8.85633979365791e-65,0.3985850662870244,PASS,
4251,CTSD,Mɸ4-infiltrated,1.04846564150464,1.08248723594596,0.526348416128598,2.00600288867518,10.4584352479203,6.264900813712921e-46,0.39852596019255554,PASS,
4253,RIN1,EC-PCV,0.347992796971965,0.0195508367671753,0.0192326993330649,1.56107638092648,7.93702894526271,0.0004109329634737,0.3978050029761601,PASS,
4254,CA2,Mɸ4-infiltrated,0.751004654885018,0.94526182682295,0.304044080045537,1.89455022255181,7.35626673232495,1.63091928205335e-35,0.39770816451275065,PASS,
4256,HSPA6,B cell,0.225449681255039,0.264664643228895,0.269566519589831,1.65074731769272,8.34960758517481,7.700237235146271e-73,0.39721136735053775,PASS,
4257,LUM,B cell,0.265920687043138,0.498776342907082,0.603138777081378,1.77406446209183,8.41309607385662,4.932342576999729e-43,0.3968982651803496,PASS,
4258,CA12,Mɸ4-infiltrated,0.0507629278428625,0.531187302430594,0.0797861847162569,1.66855041666241,7.30478706229841,9.445036861909379e-36,0.3968522927098738,PASS,
4259,HMOX1,B cell,0.937897805271175,0.480497058793925,0.561695905992604,1.85458236986837,8.42786275503551,1.05580654119208e-40,0.3968352036314721,PASS,
4260,SPP1,EC-tip,0.49199792965554,1.61687812726152,0.637882043722545,2.12871806415143,8.56638881099243,2.25442238608127e-48,0.3967092417274186,PASS,
4261,DNAJC5B,Mɸ4-infiltrated,0.101114470904954,0.311250741400598,0.296575563102147,1.66230862606314,7.27974768053072,4.2225830167025e-35,0.3963916212709187,PASS,
4263,SFRP4,EC-tip,0.0180903149334752,0.374389047195244,0.0290065797812954,1.62873415629455,7.18982981576823,3.51256486036883e-63,0.3960976606100919,PASS,
4264,CENPF,dS2,0.169385233223817,0.462316552258159,0.412454953967016,1.73444108681081,7.14327338420925,1.761422168712e-92,0.3958102032788338,PASS,
4266,COL1A1,Treg,1.03012412384096,0.988401440328133,1.66163943090216,2.24493586436084,8.55821532406517,5.92184741396218e-20,0.3950894201010266,PASS,
4267,BIRC3,EC-aPCV,0.393814996585447,1.55927831191541,1.29902560650435,2.24985488180875,7.96521725309554,6.81712731799591e-08,0.39483054265915674,PASS,
4268,NT5E,dS2,0.0499222371568681,0.0221700511841228,0.451371442748053,1.63898953681781,7.45129614631683,2.44355559475151e-129,0.39466951538926515,PASS,
4270,CDCA7,dS2,0.742426320546319,1.06863470316175,1.12660103299289,2.12431823580688,7.67823314456236,3.81882565536147e-86,0.3941314861831038,PASS,
4271,SLC28A3,Mɸ4-infiltrated,0.0629892612974775,0.0681604594352974,0.113926575293045,1.60824155496778,7.29313342824477,3.16074168261755e-40,0.3938139934246121,PASS,
4273,TGFBI,dS2,0.999590320399972,1.60130102995377,1.36759070110471,2.38903989477043,7.97246129577211,1.72404789935998e-66,0.3929033372400323,PASS,
4274,CENPF,Mɸ4-infiltrated,0.615204900678522,0.846861136573914,0.26175021705195,1.90437487705913,7.30891088301155,1.1490275826113e-78,0.39282016263459146,PASS,
4276,LUM,Treg,0.927692204188105,0.640035093209615,1.32974275856148,2.09955535800959,8.49049158933133,5.25209592113031e-24,0.3920733545571459,PASS,
4277,NOX4,EC-aPCV,0.73584723119124,0.0376814539720329,0.0869803178967191,1.7195530571605,7.83278024626925,8.570452970801431e-09,0.3910622858936212,PASS,
4278,HHIP,dS2,0.254671835822416,0.358502441876346,0.101587797828917,1.73672377006245,7.16303573623602,2.88611770016915e-108,0.3908018714383344,PASS,
4279,AC058791.1,EC-PCV,1.28809434182324,1.42954684160475,1.70780774284021,2.47969136849653,8.08211743665701,9.59397471980904e-06,0.3907915191327434,PASS,
4280,PRDM6,dS2,0.10647929375089,0.501841958256917,0.992312181532297,1.917601322643,7.17565092352116,3.70360313517711e-102,0.3898140623363842,PASS,
4281,COL3A1,Treg,0.755480157901062,0.720848738882845,1.64228743387642,2.19615325965679,8.58439365866446,2.8731748800831e-25,0.3891757402684312,PASS,
4282,CCL18,Mɸ4-infiltrated,0.526145462374553,1.20548878807654,0.791309446610508,2.13427927233864,7.38004941556663,3.58016874559475e-33,0.38875628090034114,PASS,
4283,COL3A1,B cell,0.140255750894301,1.08011471055852,1.29007071758472,2.15379630014146,8.51892279554384,2.64052726996146e-46,0.3880132781494114,PASS,
4284,WNT5A,EC-PCV,0.196508268895057,0.0847887415078623,0.0857427819957473,1.71076063567121,7.9220281973809,2.25128710404984e-07,0.38747257880145414,PASS,
4285,MGLL,Mɸ4-infiltrated,1.55325697649853,1.45309095811387,0.771928018670752,2.3760755434299,7.49255658436421,5.298356483854e-43,0.38743768968323794,PASS,
4286,CENPF,EC-tip,0.732363392070584,1.90651516299872,0.932755965594605,2.43424653094729,7.30245166457096,5.6014198393338e-85,0.3865256605518811,PASS,
4289,COL1A1,B cell,0.335841392728406,1.21303031251684,1.68327299361641,2.35701240689574,8.54778643700693,1.17744725503648e-45,0.38308701004155593,PASS,
4290,FN1,dS2,1.08286591089417,1.20538790113049,0.901382967801541,2.30920493636205,8.90809132677352,2.10717914342099e-88,0.3824258392175502,PASS,
4291,SFRP1,dS2,2.09868978146884,2.26355122505502,0.835307734409298,2.84489259788928,8.68053816189225,3.29461408587571e-78,0.380443580018745,PASS,
4292,LUM,Mɸ4-infiltrated,0.0995805732665679,0.160337037294112,0.894138193841263,1.94335692656619,7.43267655758995,1.59092268291088e-39,0.3801850034859498,PASS,
4293,SOX12,EC-aPCV,0.680933199903605,0.190256852730531,0.166303645874437,1.91426913085708,7.89262328202102,5.04005143150251e-05,0.3792287357709133,PASS,
4295,FOSB,EC-PCV,1.77301317153686,0.579182300623229,0.741653814922798,2.28999356338821,8.20385785019489,3.59534583493209e-09,0.376781061263402,PASS,
4297,COL21A1,EC-tip,0.631550751075814,2.72190713369953,1.98786143915417,3.09692024687529,7.38638317945833,2.02247806695463e-196,0.3744510594546735,PASS,
4298,FABP5,dS2,1.41347173679567,1.76295370889044,1.57005832686004,2.78607618307067,7.92597883591549,1.11199613199261e-89,0.37229894921300694,PASS,
4299,FAM198B,dS2,0.267166087514536,1.280170591766,1.05464083825755,2.3845179796832,7.79412337645796,6.55427519736116e-132,0.37075675310327477,PASS,
4301,SLC1A1,EC-PCV,0.799270105148835,0.372005298897387,0.373283575599722,2.12518720960395,7.99051121173332,4.11128727463863e-06,0.3692879320756979,PASS,
4302,ALDH1A3,dS2,0.666670410306512,1.30768090644566,0.952516349579978,2.44584454307517,7.77197776482406,1.02133947759171e-89,0.36883470682426833,PASS,
4303,CXCL11,cDC2,0.260029132572934,0.320628649036916,1.09720047247213,2.17479952236048,6.82192902649504,1.53695722243212e-30,0.3687506120012455,PASS,
4305,FOS,EC-PCV,2.54083189547108,1.39204623119438,1.68164684350095,2.97728776771133,9.17239677784362,1.92342523769942e-09,0.366075513964231,PASS,
4306,SFRP4,Mɸ1-LYVE1,0.550872702165362,0.509548064489645,0.115253413749572,2.13235952648552,7.2264967331703,2.80351159199845e-41,0.3655914559056017,PASS,
4307,CD276,Mɸ4-infiltrated,0.370121256088111,0.779231879257424,0.371106465857796,2.21215423357204,7.34640053799854,1.30450172863745e-65,0.3654704014377536,PASS,
4309,KANSL1,EC-aPCV,0.620288777905275,0.633138909299506,0.691776069089923,2.28297944105275,8.20156722939105,6.44823835885195e-06,0.3633350669193898,PASS,
4310,KITLG,EC-aPCV,0.453900429789928,0.671254001292072,0.632430005087797,2.29609907130723,7.94892172565893,5.3479043073879e-05,0.3604599722401567,PASS,
4311,WLS,dS2,0.231133656702665,0.47912791168494,0.598799499709454,2.2407980819314,7.60457849961118,1.85044823840118e-218,0.35893260826942897,PASS,
4312,CYP1B1,EC-tip,1.2509982176923,0.340546254959899,3.286675344704,2.94729751471511,7.40711305546933,1.16216242649197e-103,0.3588152998489588,PASS,
4313,COL1A1,Mɸ4-infiltrated,0.196704228227788,0.542767079762254,2.54499375252024,2.66784558044412,7.60766007725585,6.3722061318062e-88,0.3568807312440571,PASS,
4314,FOSB,EC-aPCV,3.41692276673045,2.59961119562476,2.36207950501629,4.03404989548857,8.19608511687813,1.03807130458145e-11,0.35313615944038695,PASS,
4315,GPNMB,Mɸ4-infiltrated,3.55281632955095,2.23659896353214,2.45077507195045,3.9338307097729,9.02171378634475,1.64097611872757e-73,0.35296098863725234,PASS,
4316,CCL4L2,Mɸ4-infiltrated,0.379815202279197,1.27406870740552,0.0891352013593553,2.47452221900106,7.57918568815854,9.55848282407699e-47,0.3506102124468887,PASS,
4320,PCLAF,dS2,0.196575598526341,1.00395242312464,0.370907284977431,2.47622033521853,7.23064830304693,3.882361904901951e-111,0.34601385083353486,PASS,
4321,GZMB,cDC2,1.51722978918064,1.00535573871293,0.177850392058913,2.63974833402468,6.89656556807448,1.11949725769321e-30,0.34441345616346436,PASS,
4324,TBX3,EC-aPCV,0.274341203318537,0.161071327099208,0.042495773959716,2.37178664333129,7.83332087755599,3.42051561864153e-07,0.3367329356900323,PASS,
4325,SLC26A7,dS2,0.515212111822766,0.775814880261268,1.47623524469984,2.78007654347569,7.36055389218491,4.63220214773156e-148,0.33347342950268205,PASS,
4327,CCL3L1,Mɸ4-infiltrated,0.823354878621951,1.18374081873651,0.205353392415976,2.72758113815301,7.58098089327957,8.13285201097086e-55,0.3320416787450407,PASS,
4328,RSAD2,cDC2,1.27372517820286,1.01765169156935,1.87752404777382,3.05412307322917,7.03278572209568,6.71587158392115e-27,0.3311609252828389,PASS,
4329,CSTB,Mɸ4-infiltrated,0.193198286137489,0.931339329751054,0.200501138660177,2.61721900720662,10.233078589455,4.92713791689763e-127,0.33001729722773476,PASS,
4330,MTRNR2L1,cDC2,0.0827554594738004,0.440794799488026,0.55967459496244,2.62284502271559,6.86185152081601,5.00593072250501e-41,0.3234754587363954,PASS,
4332,COL21A1,EC-PCV,0.520216497227906,0.293199449939609,0.351344950520225,2.72022642948429,7.96877140035805,6.68856100906791e-16,0.31354650550179297,PASS,
4333,APOC1,Mɸ4-infiltrated,2.37959968158466,1.53720805777425,1.96398454129003,3.66085799999459,8.48422203126903,1.29715629983647e-62,0.31241131422358204,PASS,
4334,HSPA1A,B cell,1.22791574329435,0.520908017506117,1.17600146655837,3.06904527002316,8.8178374672898,7.42397656799451e-69,0.30457698029817587,PASS,
4335,APOE,Mɸ4-infiltrated,2.01965451458387,1.68033379763537,3.28643601284051,4.19088503177091,8.67287241386403,1.04415317295901e-68,0.30393379383740654,PASS,
4336,CCL3,Mɸ4-infiltrated,0.180753117748553,0.808889174965172,0.206447421901492,2.98283710365214,7.98662712849783,4.34850608653135e-75,0.2938919845624464,PASS,
4337,NUPR1,Mɸ4-infiltrated,0.858606999767155,0.0750357143379051,1.55567387968883,3.52306503135362,7.66651560970896,9.27530631221683e-99,0.25590533752757844,PASS,
4338,SPP1,Mɸ4-infiltrated,1.59912342285376,2.49245211753056,2.48689935633928,5.52670361512231,12.1251683093147,2.07600639386993e-99,0.23453888613394294,PASS,
