Rank,Gene,Cell Type,logFC.ecoVSctrl,logFC.ecpVSctrl,logFC.ecpaVSctrl,logFC.eueVSctrl,logCPM,FDR,Score,Status,Dropped Reason
1,EFEMP1,EC-PCV,-5.17847290402685,-4.90048889717317,-4.64981288144113,-0.49376308432009,8.21000163516528,2.28968523620763e-254,0.8039158169031141,PASS,
3,LUM,Prv-CCL19,-2.56880460184028,-5.67214322571439,-5.60691960147437,-0.925500089471404,9.24245705178376,1.70458550570237e-283,0.7642776052553727,PASS,
4,MMP11,Prv-CCL19,-4.17311167716561,-4.50309224116857,-4.57798747208216,-0.68960416677275,8.6027233598557,5.12078701521678e-255,0.7571732377053219,PASS,
5,APCDD1,EC-aPCV,-3.76427444922468,-4.39055990991894,-4.15025179933727,-0.488917291107625,7.94669289688963,2.40267553139876e-119,0.7403027701253778,PASS,
9,IGF1,Prv-CCL19,-2.63423120320169,-4.07879549477733,-4.35820950478163,-0.390520511802922,8.54692232256105,5.95090490609089e-209,0.7111487656571509,PASS,
14,DIO2,Prv-CCL19,-4.12440376407784,-4.04083709308095,-3.92787672619163,-1.29516644920665,8.43427578985155,3.91690451254447e-237,0.6796384304518158,PASS,
15,CYP26B1,EC-PCV,-4.16703374882377,-4.0639860563235,-4.10102140420096,-1.41110401705971,7.97964866069561,3.30722596553724e-132,0.6779351611945429,PASS,
19,ENPP2,EC-PCV,-2.52973660509433,-3.92170064831328,-3.60531689659776,-0.565879798905275,8.91935965374791,5.5680793771425e-164,0.675243918820993,PASS,
23,CTGF,EC-PCV,-0.971379999153571,-4.22367157671472,-4.68590753050112,-0.766273529184818,9.48533157962628,2.17324508647642e-170,0.6617675758534237,PASS,
24,ENPP2,EC-aPCV,-2.51131712242848,-3.64252930073336,-3.62200182310406,-0.647076289152188,8.42901639270832,3.70731916831801e-100,0.6612720795410915,PASS,
28,THY1,EC-PCV,-3.45997116442547,-3.05050560174511,-3.19321602811424,-0.405613142973297,7.97619475646115,1.18269408403595e-65,0.6576204536253106,PASS,
29,HOXD10,EC-aPCV,-2.7067008918575,-3.11225486116131,-3.00550735525191,-0.0553179958957579,7.85107753833111,1.49829650927115e-43,0.6551232150200343,PASS,
31,APCDD1,Prv-CCL19,-3.1249823222905,-3.04303659007592,-2.77168983381407,-0.128551449277078,8.47968169686859,8.857035967326201e-137,0.6515684616389179,PASS,
34,WNT4,Prv-CCL19,-3.39915169235337,-3.4782539161514,-3.52016700446232,-1.02540659177306,8.34277143454853,4.31201697379937e-130,0.649783285223918,PASS,
36,RGCC,EC-PCV,-2.68845005262314,-3.49153511063548,-3.42898386372176,-0.764130714895812,7.96560516143346,4.93828285354224e-86,0.6483864944969152,PASS,
37,PART1,EC-aPCV,-2.9709446742327,-2.90198917471641,-2.95042703766995,-0.155804741417503,7.83493384815757,1.94908318602112e-44,0.6474840887584556,PASS,
38,MT1E,EC-aPCV,-1.27173752395033,-3.48495396980766,-3.64896456162506,-0.224700734656258,7.88465933044298,2.92738781638466e-113,0.6470066569810917,PASS,
40,FJX1,Prv-CCL19,-2.07983498845242,-3.02848037393058,-2.99998461273304,-0.0425055916858984,8.4262665368078,3.04688173129601e-145,0.6408476823167882,PASS,
41,TGFB2,EC-aPCV,-2.86869325777063,-3.05304327448564,-2.97951571630135,-0.430517459817518,7.84437805732005,9.26130760121295e-30,0.6404743791750499,PASS,
42,MGP,EC-PCV,-1.32725965052409,-3.4031489547967,-3.76108930377148,-0.474996835755634,9.56665406145389,5.510392271032199e-127,0.6376548038498819,PASS,
47,MT1E,EC-PCV,-0.778702359985823,-3.42876310194583,-3.51445019805016,-0.161533496180168,8.06133734618258,1.32475172632861e-147,0.6337472662719351,PASS,
48,RARRES1,Prv-CCL19,-4.17099233521529,-4.0001360876809,-3.8295690757042,-1.85374858311139,8.50490062063937,8.57268482063994e-170,0.6335182460980583,PASS,
49,SOX4,Prv-CCL19,-1.11021417173146,-3.30797946907468,-4.07992605526416,-0.634902853649252,9.23394532111912,2.91810670605347e-170,0.6289850920142221,PASS,
51,AC004540.2,EC-PCV,-2.57988453882906,-2.79123496482722,-2.90745555605108,-0.360564023466249,7.9608288504816,3.47865527845087e-52,0.6272414223569688,PASS,
52,ABI3BP,EC-PCV,-1.71433027290838,-3.2247918507467,-3.21872471075027,-0.485524608417699,8.10179432632124,1.24026669031476e-97,0.6270809577867713,PASS,
59,PART1,EC-PCV,-3.22349591283748,-3.19753042317498,-3.16428491560327,-1.10512206652652,7.94703040532301,4.54760182215806e-63,0.6210468690182925,PASS,
61,MARCKSL1,Prv-CCL19,-0.206984430507152,-3.3101267675832,-3.5900819996221,-0.173100530604905,8.56964695497487,1.16146205684129e-185,0.6189747742426749,PASS,
62,THY1,EC-aPCV,-2.64217095032311,-2.42217970624867,-2.42178495643544,-0.0529276882490984,7.84490924311166,6.197775376161101e-20,0.6169758469841635,PASS,
64,POSTN,Prv-CCL19,-4.50266187356673,-4.73047630064253,-4.71316488123998,-2.676865698189,8.47097463930938,1.45188947973428e-248,0.6156688415318232,PASS,
66,IL1RN,Mɸ4-infiltrated,-3.26158290122081,-2.20959856313192,-3.90868643460589,-0.895910011606046,8.78001968180653,9.39262120296902e-94,0.6142590148639038,PASS,
69,HOXA10,Prv-CCL19,-3.42893371207896,-2.46068106390978,-2.59518413990861,-0.575702189173435,8.55391636228882,4.83477693337734e-96,0.6121503369622406,PASS,
74,CGNL1,EC-aPCV,-2.05106801788852,-2.4445434352511,-2.43114492318127,-0.038631774339796,7.84774032978908,6.03623875137412e-18,0.6088147173539719,PASS,
77,SPON2,Prv-CCL19,-1.98542956704515,-3.17176550664827,-3.20494393560232,-0.930373798292769,8.65525465266224,9.430074089616111e-112,0.6072682774228928,PASS,
79,RBP1,EC-aPCV,-1.7739306434237,-3.05635492643539,-3.19769758820518,-0.787714040995702,7.88582946608452,4.54372489757373e-41,0.6068120810025578,PASS,
80,CD53,EC-PCV,-2.45098537640293,-2.36622540973634,-2.34795378204667,-0.15092782306159,7.93939633322425,1.12019721674618e-35,0.6065770702144601,PASS,
82,LEPR,EC-aPCV,-1.47969031610527,-2.65700678922301,-2.40081227898944,-0.0484692272527473,8.41635174426433,8.88287330079994e-52,0.604527852852838,PASS,
83,RBP1,Prv-CCL19,-0.827051593766847,-3.75434668482005,-3.51698747170226,-1.07015728151957,8.89657338415102,7.77846696615812e-164,0.6010146967575872,PASS,
86,SFRP4,Prv-CCL19,-1.93119552111843,-2.85710289719189,-2.67686283754664,-0.622368134159107,8.63998319503852,3.23995537096002e-65,0.5994907495945765,PASS,
89,BASP1,EC-tip,-4.25510555212508,-1.88203697867788,-2.42722382587802,-0.604091545110161,7.90958501639415,2.59187804183457e-292,0.5981213513762432,PASS,
91,VCAN,Prv-CCL19,-3.14038989371817,-1.91593860670934,-2.90350652191675,-0.531835278788613,8.54167532280154,2.42938363339961e-78,0.5977338139084487,PASS,
97,CD248,Prv-CCL19,-2.473710022521,-2.04083902753258,-2.36533332436751,-0.206867312548442,8.48114469398915,3.38129764985795e-75,0.5945805225620198,PASS,
98,RORB,Prv-CCL19,-1.8594419832938,-2.25314908447811,-2.32588648503723,-0.115978119210895,8.3051040603752,2.61795699752026e-62,0.594407757661342,PASS,
99,PAMR1,Prv-CCL19,-2.06587831767556,-2.64820198998578,-2.83249220965831,-0.705713328833554,8.30862945704343,2.80436595843475e-81,0.5942912495845245,PASS,
101,RGS4,Prv-CCL19,-2.63849994600471,-3.55123640787846,-3.69662049360653,-1.72194108707013,8.35711290270865,1.81404718354223e-160,0.5937391300500373,PASS,
102,PROM1,EC-tip,-2.98831047503446,-2.28499242308097,-2.7645209531823,-0.752517519173546,7.32317892986736,1.56932149145861e-187,0.5937291042714917,PASS,
103,CD200,EC-aPCV,-2.57931875994077,-2.08701905197142,-2.00030027201436,-0.112054851696537,8.01103158046216,7.374349374601389e-18,0.5936882409845793,PASS,
111,CD53,EC-aPCV,-2.24479220448445,-2.30205548493792,-2.36046164041745,-0.432373678345015,7.83782941930517,1.78973260515954e-15,0.588944573660038,PASS,
112,FAP,Prv-CCL19,-2.88990637079979,-3.03210000928888,-2.89003683455962,-1.30239013277577,8.30436908715172,7.12425112251214e-99,0.5886658939369902,PASS,
113,PLXDC1,Prv-CCL19,-3.32423014263219,-2.32028351478138,-2.40854191854768,-0.82050635608512,8.49765672518047,3.39953383258269e-81,0.5881489646712551,PASS,
115,HOXA11,Prv-CCL19,-2.17322904815398,-2.45933176845204,-2.34309221811553,-0.530494457589019,8.36624231370653,2.48625789301827e-67,0.5876260355634311,PASS,
117,AFAP1L2,Prv-CCL19,-1.54779955930974,-2.29561052232289,-2.28625679853991,-0.208594778340408,8.30367109435982,6.682405691192801e-61,0.5858178579207385,PASS,
120,SLPI,dS2,-2.01288203781726,-2.09856418275154,-2.04827272235787,-0.143070415742563,7.16490547614811,1.5901482513202e-183,0.5851634664667941,PASS,
122,SCGB2A1,cDC2,-2.40775914657408,-2.19629583998215,-2.14989209785244,-0.408557179060739,6.83156409660035,4.275045705069531e-46,0.5846311220895882,PASS,
126,ITIH5,EC-aPCV,-0.92023199242868,-2.25866166857653,-2.28435227345798,-0.0006996997740909,7.90301381299739,9.61098346470347e-29,0.5830724008217226,PASS,
128,CTGF,EC-aPCV,-0.10064628581878,-2.95040712112598,-2.82330431199065,-0.385392378481788,8.80626669306066,7.091579610180391e-88,0.5824672317625437,PASS,
133,FNDC1,Prv-CCL19,-2.37201091280232,-1.89305562588206,-1.8298280386774,-0.0984472449319801,8.33494076813994,2.31457541567561e-45,0.5817370105062798,PASS,
141,COL4A2,Prv-CCL19,-2.17145875316046,-1.80813994720782,-2.10844477516955,-0.147573989520436,9.7107543445204,2.43852225148701e-81,0.5799270857210963,PASS,
143,IMPA2,Prv-CCL19,-2.68784315478176,-2.43985139058101,-2.15652273697764,-0.754108341510289,8.47147103172069,4.91907601393661e-74,0.5795209467677177,PASS,
147,ECM1,Prv-CCL19,-2.62541235034707,-1.99549171663472,-2.21796254257755,-0.500898471436306,8.36691896195811,1.14744243157142e-57,0.5786593718314775,PASS,
148,CD53,EC-tip,-2.55699929609377,-1.81182368280722,-1.63152805792259,-0.0987985986120376,7.33527947640054,4.10430325112348e-162,0.5778646617175132,PASS,
150,MME,EC-aPCV,-1.87371765838712,-2.14402236705619,-2.19951230952708,-0.383905845703911,7.83254923824824,1.62030875823677e-13,0.576704706287265,PASS,
151,LOXL2,Prv-CCL19,-1.81550609532508,-1.96619360613715,-2.0548534250919,-0.194668995606749,8.34885973358442,1.89346039764022e-54,0.576091534404494,PASS,
158,ADAMTSL1,EC-aPCV,-2.43694534877513,-2.1058500703242,-1.95680320045076,-0.479421101763442,8.01594978148506,2.64716831791123e-12,0.5745291653755252,PASS,
160,GEM,cDC2,-3.64244151489986,-1.88745682381884,-1.64163829677623,-0.560888626365959,7.06234382830558,5.421785724415809e-28,0.5742334222016436,PASS,
161,NRGN,EC-aPCV,-2.17808770849348,-2.67661665031709,-2.57783635895423,-1.00438302674604,7.96442913690125,1.03138586620017e-21,0.574224585963687,PASS,
166,SLPI,EC-tip,-2.91056891333124,-2.44520028059748,-2.27865459328949,-1.00362636316494,7.30265054159399,7.792069794772281e-149,0.5719518855866935,PASS,
167,UBE2C,Mɸ1-LYVE1,-2.19421748736114,-1.8887882582198,-1.72372120497575,-0.223462512099944,7.23091613503563,6.26854932908807e-126,0.5714112531808123,PASS,
168,RRBP1,Prv-CCL19,-1.31228168850341,-2.26654341302344,-2.41424049273774,-0.479515717101239,8.54358910027365,2.59125914875531e-74,0.5710614941552249,PASS,
169,SMIM3,EC-PCV,-1.88751870254631,-1.91766111325766,-1.91022291275427,-0.236069808379105,7.93709382226855,2.28649403515782e-18,0.5709567768140715,PASS,
172,LAMC3,Prv-CCL19,-2.21666815278819,-2.29242668741865,-2.33811023039586,-0.763576967431146,8.2633145732383,2.33231422447638e-55,0.5705187971967717,PASS,
173,ENPP2,EC-tip,-1.94834890460381,-3.54026064815905,-3.58366655239017,-1.79671691290429,10.0131992396415,1.40445233524075e-153,0.5704495298067339,PASS,
174,IL22RA2,cDC2,-3.92047471700192,-1.35432028237747,-2.17133641813396,-0.603506742909485,7.18215773361701,1.14926941451938e-14,0.5703988526537015,PASS,
175,CABP1,EC-tip,-2.6302176601041,-1.6157747711527,-1.9468011624971,-0.310837234741309,7.36933842950832,8.12915099157896e-162,0.570229326158874,PASS,
178,TTYH1,Prv-CCL19,-2.15907485008464,-2.16187915267331,-2.1355836315976,-0.620831050326778,8.29213350523156,9.04018300537372e-44,0.568588656081933,PASS,
179,IL1RN,cDC2,-3.19416251355083,-1.43082838405462,-1.92771518717625,-0.388407947718418,7.06085750699674,9.60243629141198e-16,0.5684505365539453,PASS,
180,WFDC2,cDC2,-2.3026902675515,-2.15855452462604,-2.20360876899672,-0.695070323722825,6.86313412393976,1.53069046078507e-32,0.5683510965471116,PASS,
181,CDH12,EC-tip,-2.26855393379003,-1.47927466377847,-1.69150559327039,-0.0325225887401764,7.27659223192205,2.79185713961961e-129,0.5683382905925844,PASS,
183,BGN,EC-PCV,-2.28832718775103,-2.26151128284052,-2.14420099144062,-0.734485837579447,7.93317701133498,5.940645024317609e-22,0.5679264633063874,PASS,
187,MXRA5,Prv-CCL19,-2.07994721020187,-2.14563477866359,-2.0856018805461,-0.583345359974524,8.26086604710515,9.964698155846131e-51,0.5676723271343384,PASS,
190,MOXD1,Prv-CCL19,-1.42872186903553,-1.77706487843148,-2.05296563814624,-0.141386660494839,8.2868249750941,5.87893576182035e-38,0.5670582463704783,PASS,
192,NRIP3,Mɸ4-infiltrated,-2.15844346370129,-1.61710613341994,-2.29813183155744,-0.386294604560349,7.4478142407621,1.77752059264597e-76,0.5669605242597716,PASS,
196,FOLH1,EC-PCV,-2.19316496596174,-2.13305874728462,-2.09007890808092,-0.633271644275123,7.93185644925337,3.28191564364752e-22,0.5665723694544931,PASS,
197,AEBP1,EC-aPCV,-1.96218943322049,-1.80257468972073,-1.83841790776862,-0.259851753468915,7.88431322236984,5.64307756221425e-06,0.5661775894997626,PASS,
198,LINC00996,Mɸ1-LYVE1,-2.73077768731464,-1.49223482943106,-1.80701886601382,-0.288045586881551,7.3923430677116,2.9746226807964e-87,0.5661530951716448,PASS,
200,HEYL,Prv-CCL19,-2.09965249907036,-1.47459032384316,-1.92781170459311,-0.138834936401539,8.32804934723219,2.08894705692329e-37,0.5659013178712631,PASS,
203,IDO1,cDC2,-3.3538651969189,-2.38973289237291,-1.25135730576558,-0.782503902822019,7.10924468032833,2.35076470215212e-26,0.5653151048279044,PASS,
204,CASC15,Prv-CCL19,-2.11798027337905,-2.31793672294174,-2.29545516111678,-0.825846291163105,8.31422151116395,3.6400956874752e-51,0.565206439745983,PASS,
207,CYBA,EC-aPCV,-1.26934048873173,-1.8717778762596,-1.9798265683082,-0.165831289669832,7.93925269446473,1.85221391686046e-13,0.5648273773515168,PASS,
208,APOE,Prv-CCL19,-2.67460413712526,-1.79716561020241,-2.93543202773693,-0.941300328031304,10.166462809002,3.0786875671143e-52,0.5647819026476607,PASS,
211,FHL2,EC-PCV,-1.57345116869095,-2.38723321474855,-2.51835469897848,-0.798842078711031,7.97637295331421,1.9205532434198e-29,0.5646011900039227,PASS,
213,WFDC2,dS2,-2.69544881529405,-2.31322736411022,-2.06815469002892,-0.912144103149534,7.2139664567679,5.559447665727611e-117,0.5644270950507833,PASS,
214,MT2A,EC-PCV,-0.490974412022848,-2.33175011422331,-2.69225670455042,-0.488449798813148,8.86254286792411,1.70273934034357e-59,0.5642378208435611,PASS,
216,SMIM3,EC-tip,-2.564392977468,-1.73016273960453,-2.19121117177648,-0.596613346527958,7.45560545528387,2.91228031797537e-148,0.5638336520089898,PASS,
218,SULF1,Prv-CCL19,-2.77311177789686,-1.6145387803818,-1.86056330072071,-0.460299067437653,8.62272544888114,8.28400226488944e-45,0.5633003934257594,PASS,
219,COL15A1,Prv-CCL19,-2.30855492945155,-2.14315887848401,-1.7697200776417,-0.607912637065478,8.30532808987852,1.49626692144438e-42,0.563012935227895,PASS,
226,LINGO1,Prv-CCL19,-1.58231154277526,-1.47394295350652,-1.7590919437629,-0.0103815928305237,8.29654572379096,2.13502138430657e-32,0.5609507631032725,PASS,
232,RXFP1,Prv-CCL19,-1.71620082297831,-1.79381658165472,-1.70452025455993,-0.247673574213579,8.25421827080622,5.23953849908763e-34,0.5601923006385082,PASS,
236,ASPN,Prv-CCL19,-2.3926883793441,-2.95184450489936,-3.01651544763799,-1.58496617205874,8.66708998833519,1.04805986251014e-84,0.5598151466781294,PASS,
238,TMEM37,EC-PCV,-1.20656778720655,-2.59967027715124,-2.80981446202306,-0.996882184262472,7.95952425857942,1.46765830302321e-43,0.5597440472822601,PASS,
240,CAMK2N1,Prv-CCL19,-1.50139509824825,-2.20742427381434,-2.42175435455475,-0.727343613861886,8.87311172656992,3.0076115208826e-67,0.5595982759746976,PASS,
243,NPW,EC-aPCV,-1.79992687483924,-1.73527496178457,-1.62981083231035,-0.221374836878083,7.84276850661541,3.28228203512537e-08,0.5595008159121418,PASS,
245,PHLDA2,cDC2,-1.37388402570267,-1.41140653161036,-2.02481219617636,-0.0515976464991604,6.96081410445537,2.1145548541746e-21,0.5594742939548581,PASS,
246,ENC1,Prv-CCL19,-1.18911401637461,-2.75354241588742,-2.85218404579657,-1.09837092279384,8.31526742046947,4.77344481008075e-80,0.5591301507692232,PASS,
248,PAEP,cDC2,-2.17329963585323,-1.86117229363085,-1.28621722312557,-0.277362672721225,6.8331178720177,7.24916868446814e-34,0.5589215722222121,PASS,
249,MT1M,EC-PCV,-0.402243204064196,-2.43191735175641,-2.27289361445453,-0.459305808758349,7.97748033740776,6.55351659039252e-39,0.5587427443551652,PASS,
250,STXBP6,EC-aPCV,-1.5874668373051,-2.98883124086517,-2.84102285597019,-1.33994081858956,7.84358688680248,1.03263946254464e-27,0.5585493514034063,PASS,
251,MARCKSL1,cDC2,-3.35257908379997,-2.09590877461148,-2.52823363009889,-1.24239776886535,7.58700256789379,4.60840999586189e-29,0.5582052071700188,PASS,
254,CXCL10,Mɸ1-LYVE1,-4.72650650047744,-1.63411342273544,-4.28931237069432,-1.90724654533984,7.56928363798468,1.37725379514724e-167,0.5578991426294039,PASS,
257,PCDH7,EC-PCV,-1.88464585451671,-1.60901729897454,-1.66732124879062,-0.225233284109124,7.98796686398048,3.50673599864207e-11,0.5577378231830595,PASS,
262,C15orf48,Mɸ4-infiltrated,-2.95478662865616,-1.61057523639591,-1.9039310619056,-0.647723791679207,9.4879473899431,1.15954949414629e-48,0.5571087251743453,PASS,
264,BGN,Prv-CCL19,-2.25939806856065,-1.66343249963984,-1.99231756291169,-0.518132713683539,9.05719313578703,1.04211963287501e-53,0.5570800668217382,PASS,
268,FAM118A,Prv-CCL19,-1.11563704485209,-1.60093730661453,-1.73860532443901,-0.0225086383261601,8.36005536952439,2.60658537477372e-33,0.5569193962892517,PASS,
270,MIR503HG,Prv-CCL19,-0.367605162087184,-2.03830227947501,-2.01633707128691,-0.154614409316699,8.28663787293788,2.59989295141092e-49,0.5568412790561292,PASS,
271,ABCG2,EC-aPCV,-2.00764720387932,-2.38167684606212,-1.96707948956361,-0.84694545611365,8.39908313548948,4.2363595761857e-21,0.5567640780575811,PASS,
272,ITGA11,Prv-CCL19,-1.48389153171763,-1.61540169868055,-1.834602817311,-0.195642332133128,8.32698347093005,4.17190791138308e-33,0.5567422957396582,PASS,
281,EFEMP1,EC-tip,-3.80351744581579,-1.47755099240246,-1.98638585936401,-0.847512829200723,8.56701150329117,1.70643245569232e-139,0.5559075709736984,PASS,
282,MT1M,EC-aPCV,-0.420932652259536,-2.32449421965155,-2.27216322319576,-0.462194438391598,7.87673396589792,8.54312626839914e-46,0.5558931940896676,PASS,
284,FYB1,EC-aPCV,-2.29128008820553,-2.42042427745333,-2.4567555268661,-1.1473848319767,7.87776239434891,1.52374915701114e-07,0.5558161065640171,PASS,
285,C3,Mɸ1-LYVE1,-3.61266877219515,-1.71384498112202,-0.98031041613354,-0.531912130846429,8.00763366022275,3.18876758514941e-108,0.5557053897567171,PASS,
287,TGFB1,EC-aPCV,-2.02994732539893,-1.49510897985345,-1.4760691602144,-0.172670025006397,8.06388735383335,6.35434113631469e-07,0.5553163543362557,PASS,
290,TMEM37,EC-aPCV,-1.0929653975092,-2.26057583099848,-2.2464201499265,-0.647690521935252,7.83545962286193,1.26989642859241e-24,0.5550227512402581,PASS,
291,PDGFD,EC-PCV,-1.51330735389145,-1.47140806838817,-1.48697897368135,-0.0101243621511626,7.96207342141186,1.14503183353005e-09,0.5549528418566942,PASS,
293,CYP26A1,EC-tip,-1.63872951939837,-1.55186685812768,-1.66734234023187,-0.175987218332755,7.20053724991785,3.20460061281878e-66,0.554922951311897,PASS,
297,STXBP6,EC-PCV,-0.466012962101014,-2.68971746859812,-2.50731514347176,-0.791255494458848,7.9785541080781,6.05087524828074e-45,0.5546225932800228,PASS,
299,WFDC2,EC-tip,-2.80623379281317,-2.30066203411262,-2.2840327220751,-1.17816639861144,7.30123531868093,4.66294353250594e-136,0.5545576680622515,PASS,
303,SMAD1,EC-aPCV,-1.46210638775029,-1.82084641169844,-1.70373397556329,-0.311295405485713,8.35430617987708,4.26887043117446e-14,0.5542157292589467,PASS,
304,PTK7,Prv-CCL19,-0.904040741447208,-1.99436589369235,-2.18820526882715,-0.433554111841394,8.30681022568013,1.35857638221821e-47,0.5541222876982091,PASS,
313,PHLDA2,Mɸ4-infiltrated,-1.73075857271982,-1.60850507896953,-2.83547146602898,-0.727312784104508,7.49664420500755,1.0403004537639e-82,0.5533194608285863,PASS,
314,IL1B,Mɸ4-infiltrated,-2.92412818580523,-1.07152678281022,-2.40907689934002,-0.592693444379733,9.1553787540205,7.54257056736966e-36,0.5533110621628622,PASS,
315,CD9,Mɸ1-LYVE1,-2.39738279700135,-1.96944517607034,-1.80397423551269,-0.72976337937382,7.81036524783798,2.00137090251248e-54,0.5532260723736125,PASS,
319,EMP3,EC-aPCV,-0.316743987561632,-2.37120636011476,-2.41751530345207,-0.57503929831193,7.87569695630729,7.10921692646086e-48,0.5526400125250231,PASS,
320,TPST1,Prv-CCL19,-1.30186219468434,-1.90011893641894,-1.9116497130275,-0.42410099844633,8.29813941733191,7.10846038378544e-32,0.5526369436166765,PASS,
322,PKIB,Mɸ1-LYVE1,-2.35624559409715,-1.23457214591478,-1.13747094705345,-0.0289562864277376,7.33217525381548,1.12757370169352e-88,0.5525965356643182,PASS,
324,FOXF1,EC-aPCV,-2.05787394103635,-1.93713898949215,-2.09962029868633,-0.746925613767386,7.85047292852205,3.66895386718256e-06,0.5523216383019063,PASS,
328,HSPA2,EC-aPCV,-0.568711534065975,-1.82552049129601,-1.83027918967296,-0.12618567271107,7.97337526770162,6.113756169870211e-19,0.5521255989577978,PASS,
331,FAM213A,dS2,-1.69373615808791,-1.49161569142983,-2.1844810272609,-0.432666076771106,8.05738322888291,6.17094055177851e-122,0.5517427460566464,PASS,
334,CD24,cDC2,-1.74849652595075,-1.45236587038585,-1.20470418948496,-0.0313196887112281,6.8115903374431,6.65862616512582e-17,0.5515448228558929,PASS,
336,SLPI,EC-aPCV,-2.72221626531158,-2.10763933727661,-2.18587941406158,-1.06737258791914,7.89269948981021,7.75983123597271e-07,0.5514544250934678,PASS,
338,P3H2,Prv-CCL19,-1.02626585040217,-1.79238368872478,-1.75306109391147,-0.237936011147007,8.31442548567315,5.80134178552981e-33,0.5514292746250694,PASS,
339,FOXS1,Prv-CCL19,-2.06610429575155,-1.16244848613501,-1.58915401448358,-0.116230143997632,8.42809093205171,1.31030110453413e-33,0.551414907196069,PASS,
340,CDH17,cDC2,-2.7548290369395,-0.976422131737608,-1.71882962146669,-0.259385122075478,7.20832877146764,1.29702002964551e-11,0.5512618332810727,PASS,
342,BAG2,Prv-CCL19,-1.006468389954,-1.66897659037235,-1.65133037890493,-0.122515562956478,8.49682777327546,5.72866346674744e-36,0.5512247271691365,PASS,
345,MCOLN3,EC-tip,-2.34484081120281,-1.88220723755005,-2.37216433909788,-0.926595818869636,7.27313299287824,5.3497737469028e-112,0.5507080760906885,PASS,
346,PLAT,Prv-CCL19,-0.984898776092384,-2.19893736287195,-2.09232101476656,-0.607003654516363,8.41604611778195,1.79482473969846e-58,0.5504554794919508,PASS,
353,COL18A1,EC-PCV,-2.0369065145506,-1.22509852113424,-1.16072367739455,-0.0149188368962013,8.28274454574598,1.07090304490515e-11,0.5493259127775977,PASS,
354,SERPINH1,Prv-CCL19,-1.20258894633206,-1.43569358798357,-1.53260527830543,-0.0420733198110204,8.66441634125546,3.26508657333342e-36,0.5492697585805988,PASS,
356,PTPRE,Prv-CCL19,-1.36386434783557,-1.6988587365524,-1.62006192356873,-0.283838514173427,8.27123643447458,3.42750218827167e-26,0.5491218150927832,PASS,
362,RGS4,dS2,-1.92458681459682,-1.42415180908083,-1.36244652624689,-0.199165564223535,7.14137144307475,1.36442012971134e-77,0.5486142371957776,PASS,
364,PRSS23,Prv-CCL19,-1.59550561493039,-1.6601463450131,-2.06362502623975,-0.522015293050758,8.86509910321214,5.66394219316541e-46,0.548240575130526,PASS,
369,LAMP3,cDC2,-3.05237063873065,-1.38770403779876,-1.14219777197549,-0.420608833165584,7.10941336015823,4.26653436832535e-12,0.5479016199172096,PASS,
370,MMP9,Mɸ1-LYVE1,-5.22417163464608,-3.29887436199163,-4.27254401685507,-2.91085143096366,7.48379891528286,3.49077505478787e-203,0.5478473017244279,PASS,
372,LXN,Prv-CCL19,-1.48486212478253,-1.68910742510161,-1.38989146690094,-0.251275191167732,8.31055275123855,1.81315977673535e-24,0.5477488182724017,PASS,
378,NCS1,Mɸ4-infiltrated,-2.39495185514528,-2.27039895644893,-2.80054732847917,-1.34547974856355,7.39827002610495,3.24802810284324e-97,0.5475012368149753,PASS,
380,FJX1,dS2,-2.45016462510122,-2.05594006542991,-2.67596085766028,-1.20977662376426,7.31843648689025,1.11458786091027e-66,0.5473159978396649,PASS,
381,TMEM45A,Prv-CCL19,-1.41472207222489,-1.57993440296931,-1.66214074421181,-0.289802821531776,8.30930567810083,2.3363868317592e-26,0.5471318952105532,PASS,
384,NPW,EC-PCV,-2.17573202893036,-2.12548548530818,-2.05576200741806,-0.95893597978596,7.93042446368563,1.6492241482083e-17,0.5468223240158117,PASS,
385,SPOCK2,EC-tip,-2.05215089391768,-1.23399260862285,-1.71870944022587,-0.309417608829175,7.4312687460996,2.16114690450064e-98,0.5466852651886795,PASS,
393,HLA-DQA2,cDC2,-1.38046377339667,-2.41556050090455,-1.65908396586088,-0.756184780996768,8.77063712822134,4.44206788719154e-24,0.5459795664767477,PASS,
394,AC004540.2,EC-tip,-2.25547082103011,-2.10457583883568,-0.702925231759126,-0.463732787545301,7.3543161963071,4.26517461926563e-104,0.5459674027850356,PASS,
395,CTXN1,Prv-CCL19,-1.62902096331003,-1.40923332788141,-1.43067120444433,-0.19018647668244,8.27243484139905,6.21179486784537e-22,0.5458970531556298,PASS,
402,SCGB2A1,dS2,-1.75770922605445,-1.61953604291859,-1.38356905238468,-0.341237299461103,7.11023512765596,9.325582786528799e-80,0.5452788025884833,PASS,
405,CEACAM1,EC-tip,-2.73859083849587,-1.72329194208093,-2.42504250980174,-1.055854325898,7.6129351588434,1.88802882862301e-144,0.5452002982128188,PASS,
409,VASH1,Mɸ4-infiltrated,-1.81821627924846,-1.4837302535547,-1.31142733203334,-0.257463905495615,7.82592430003282,1.18355826914478e-39,0.5450991001835568,PASS,
412,SPOCK2,EC-aPCV,-1.60544747460005,-1.76946152063088,-1.71358564337645,-0.518166776305065,7.86916992834651,1.48146439502872e-07,0.5447873389634322,PASS,
416,RHOBTB1,Prv-CCL19,-1.29296259275686,-1.52085064898694,-1.42251297680194,-0.184612257885434,8.29682519589119,1.33694038691033e-22,0.5443519444880465,PASS,
417,FAM171B,EC-aPCV,-0.987934037024652,-1.42470649903366,-1.46365732921886,-0.0556999624273266,7.88750348789341,0.0001997676457025,0.5442871000723859,PASS,
418,TSPAN5,Prv-CCL19,-0.136305484275742,-2.19280687235907,-2.14138473164113,-0.488008117833204,8.30735209874797,1.9474751892029e-54,0.5439528614142428,PASS,
421,SHF,EC-PCV,-1.58351272612928,-1.82487465696166,-1.85613618451069,-0.612857756864001,7.99761952286317,8.710035194264479e-12,0.5438905605108078,PASS,
422,AXIN2,EC-PCV,-1.46868310020624,-1.49166592417234,-1.37587660408981,-0.212263222951797,7.94945738768872,8.49507357937943e-07,0.5438586554010842,PASS,
425,FKBP10,Prv-CCL19,-1.76106662648621,-1.48063106090946,-1.51098179772855,-0.348190086203091,8.40078935409499,2.45324008396002e-31,0.5436331961565896,PASS,
430,HSPA2,EC-PCV,-0.112883224894995,-1.82298237859278,-1.648323839926,-0.101121791751383,8.28259095751081,4.86173159732084e-33,0.543442937466209,PASS,
432,HIST3H2A,EC-tip,-1.17951501452634,-1.16520784864155,-1.54323948932841,-0.0200418503512335,7.24887757143571,6.56372510190459e-41,0.5432336286674614,PASS,
434,BGN,EC-aPCV,-1.6654133055413,-1.97243200641518,-1.96563493851929,-0.769318099695682,7.8438056017011,3.58819932497312e-05,0.5430978677882905,PASS,
436,MME,EC-tip,-1.61724077948015,-1.14155249853914,-2.14233730200862,-0.369919253003803,7.50462505617073,1.41969724312458e-51,0.5430332390054892,PASS,
437,SHROOM1,EC-aPCV,-1.32806165161139,-1.46411765536369,-1.26261419289806,-0.130028276657534,7.9600077183046,6.83890186743278e-05,0.5429647705044854,PASS,
438,LEPR,EC-tip,-1.27390635162858,-1.23847422166821,-1.34400467648179,-0.0210446045393443,9.08562369563951,4.41444396572163e-120,0.5428196178104269,PASS,
440,WFDC2,EC-aPCV,-2.90304300954548,-2.20736759839186,-2.44805514187036,-1.39199290373025,7.87037834352156,8.57703927132539e-13,0.5426817268100911,PASS,
442,IL4I1,cDC2,-4.24209339195555,-2.27118938341731,-1.02357529259913,-1.23989561678815,7.53341111024367,6.302163326251451e-25,0.5424730428242713,PASS,
443,FAM84A,EC-tip,-1.95974516308925,-1.37782091443783,-1.48261102708652,-0.360776247329475,7.96578546523058,5.67803054753092e-86,0.5424291649140233,PASS,
446,KIAA0087,EC-PCV,-1.98237587864416,-1.95023023426289,-1.96651537367792,-0.857273338040757,7.92502387996467,6.242437631222551e-23,0.5423766865332302,PASS,
447,RBP1,EC-tip,-2.37257376843393,-1.04690314990815,-1.80667602831829,-0.414698926389383,8.18359634431658,1.59317732553912e-149,0.5423760648170469,PASS,
448,CHMP4C,EC-PCV,-1.5630833399578,-1.53311625860136,-1.54762655273881,-0.363286274023247,7.921656920488,8.10631798925504e-14,0.5422392506942616,PASS,
449,MT1F,EC-aPCV,-1.44113136486548,-1.79850904156706,-1.77978805140513,-0.56103419698235,7.83214009045214,1.63367584462241e-08,0.542224381697819,PASS,
455,CTHRC1,EC-PCV,-0.480588673894481,-1.67763028724992,-1.63416093513552,-0.161014138676036,8.23093921199459,8.24856655091964e-20,0.5420144797660666,PASS,
457,TMEM100,dS2,-1.94789699148356,-2.00228201276888,-2.16594371166019,-0.956217419733849,7.09928584405887,4.38447959671328e-64,0.5418214690490417,PASS,
458,DCBLD2,Prv-CCL19,-0.907243323146153,-1.39346817940565,-1.46963846728372,-0.0718685592170861,8.43262412883387,5.60395850798839e-28,0.5418170461133979,PASS,
466,IL32,Prv-CCL19,-1.11477445940766,-1.5144455624339,-1.80468901906351,-0.338873404352123,8.46160073961224,5.3011710187638e-31,0.5413841147392621,PASS,
467,DHRS3,EC-aPCV,-0.936574552886788,-1.45907673745471,-1.43410263641417,-0.117103899362446,7.98968905724103,3.14579534042533e-05,0.5412151243720752,PASS,
469,RASAL3,EC-PCV,-1.28437186078809,-1.2416124611077,-1.29888978466111,-0.0494781088380983,7.92983546608998,1.20850710531916e-07,0.54101097529084,PASS,
475,COL6A3,Prv-CCL19,-1.7622279041393,-1.02554601633511,-1.15234345604783,-0.0137218395947265,9.75516840310787,2.89117949722094e-29,0.5407446106611062,PASS,
476,MFAP2,Prv-CCL19,-0.620963187337628,-1.48063143706825,-1.54358262081291,-0.0897837491836038,8.25756958296763,2.52430129975127e-25,0.5406353377703748,PASS,
485,PTN,dS2,-2.68503533913332,-0.493550451586185,-1.31092398349173,-0.0406906556569783,9.06351649189973,7.961599514159189e-92,0.5401675635518292,PASS,
493,ANGPT2,EC-PCV,-0.118682475686955,-2.22041629151774,-1.99915081674029,-0.529462493414106,8.3811054529098,2.70663288960163e-38,0.5396375596902907,PASS,
495,KRT18,EC-aPCV,-0.860212779602849,-1.74722036315,-1.81659543547167,-0.432446645626711,8.00950633531993,9.717432927062899e-13,0.5395484057829998,PASS,
496,CD24,Prv-CCL19,-1.65659990663411,-1.28281852858543,-1.4425384444689,-0.267481786586992,8.27828004793249,1.13938383537394e-18,0.539535349676217,PASS,
497,ICAM2,EC-PCV,-1.06428260710649,-1.62920537443475,-1.68601526419744,-0.379781459692782,8.29695794409781,7.79211625241084e-19,0.5395269083919396,PASS,
498,KDELR3,Prv-CCL19,-1.63009979576741,-1.41810220282056,-1.62951891452928,-0.405935154440884,8.28981968255567,6.19778404159697e-23,0.5394777046156997,PASS,
499,LAYN,EC-PCV,-0.227428303846135,-1.82012614232387,-1.52823544140222,-0.17915649058221,8.11262194209676,3.03152677469655e-23,0.5393701870716547,PASS,
500,STARD13,Prv-CCL19,-1.61501789183784,-1.09887616470657,-1.1103654605634,-0.030363995972317,8.35348380728266,1.32248700815248e-16,0.5392762353298277,PASS,
501,UACA,Prv-CCL19,-1.19660555225415,-1.29821773356688,-1.49738293686642,-0.171202145697052,8.80289345208748,7.0227274874472e-29,0.539266842000932,PASS,
504,TGFB2,Prv-CCL19,-1.4651687382468,-1.42468391685147,-1.63117520991775,-0.372150767633782,8.30875655521127,9.51307629343268e-21,0.5390630382078927,PASS,
505,SMARCB1,Prv-CCL19,-1.36903109155236,-1.46697975879982,-1.38725952919888,-0.277553522105055,8.53047243405798,2.1978242559301e-29,0.5389787441349169,PASS,
508,PTP4A3,Prv-CCL19,-1.37720297568118,-1.40568373899447,-1.57259319382129,-0.318433608267619,8.39404474926791,7.30158994377201e-25,0.5388917821120018,PASS,
509,EVL,Prv-CCL19,-0.940390373118759,-1.43503634450885,-1.51169806554015,-0.186817774652713,8.42312719094875,5.401007223941119e-30,0.5388371398585616,PASS,
512,PROCR,EC-PCV,-1.20289606863647,-1.45242029644442,-1.52888029756011,-0.284546427027638,8.43820459400245,1.13463189265126e-15,0.5385617730294583,PASS,
513,AC245595.1,Prv-CCL19,-1.52630102544187,-1.68605141490725,-1.51064456174317,-0.499725556437055,8.39256152410167,8.93764659955771e-29,0.5382883922339943,PASS,
514,TACSTD2,cDC2,-1.99151690180412,-1.07493752954009,-2.01127205074507,-0.483494693011915,6.95218045090488,3.78013842267885e-12,0.5382857646781619,PASS,
515,INAFM1,Prv-CCL19,-1.85409692635975,-1.22299677739888,-1.39309628224618,-0.298002817795298,8.75683635052076,8.03339940371621e-30,0.5382405519174843,PASS,
516,S1PR3,Prv-CCL19,-1.39705629031571,-1.08984308680174,-1.26134172881285,-0.0453482947183452,8.24569032033448,1.2494443715251e-17,0.5382299410189081,PASS,
519,TGFB1,EC-PCV,-2.00421201918748,-1.61292939305619,-1.62881312757443,-0.639730571724589,8.19167103131961,1.83988239118136e-14,0.5380451258380002,PASS,
521,LINC02266,EC-aPCV,-1.20544209155962,-1.20544209155962,-1.19320318915087,-0.0337925949733804,7.82727763365381,2.11790295522653e-06,0.5379833554957847,PASS,
527,LHFPL2,Prv-CCL19,-0.609639356881513,-1.3497439210008,-1.39453527432437,-0.021614531136532,8.24852294050065,2.74658789340494e-22,0.5377558822302522,PASS,
532,RASL12,Prv-CCL19,-1.93960340209157,-1.56842045843569,-1.51006819788183,-0.563231507038729,8.39527453791245,1.82453765866785e-25,0.5376145142313864,PASS,
537,HMGN1,Prv-CCL19,-0.947591202305552,-1.27409873190474,-1.29310533732563,-0.0488657104209076,8.82604920803673,7.42258561836359e-32,0.5373882654727462,PASS,
540,ADAM19,Mɸ4-infiltrated,-1.56188969185828,-1.45666096655621,-2.4322167995713,-0.739313009529321,7.5632398426499,9.69314886237806e-51,0.5373229796143314,PASS,
541,AXIN2,EC-tip,-1.69680582349613,-1.37765181091399,-1.46586813742421,-0.384541948525861,7.30821269422269,4.25266977916237e-65,0.5373223196230225,PASS,
542,KDELR2,Prv-CCL19,-1.00960616671992,-1.35780051022609,-1.21175315256956,-0.0835396218354182,8.67226225584641,8.31630253833351e-27,0.5373079596043769,PASS,
543,TMEM101,EC-aPCV,-1.77256595625378,-1.55563544395486,-1.54342023492796,-0.530310568083194,8.0472020241474,0.0001096796058025,0.5372541025771069,PASS,
544,MBOAT7,EC-PCV,-1.22289227557506,-1.14423011146324,-1.18194702610734,-0.0173890307448379,8.02374504500281,5.85424813027158e-05,0.5372421166257808,PASS,
545,EDIL3,EC-aPCV,-1.81034251065325,-1.86480425871858,-1.63020355713221,-0.734851565701539,7.85543942349214,4.32622783366385e-07,0.5371903117526527,PASS,
546,C20orf96,EC-PCV,-1.2578986227284,-1.19530039607952,-1.11369247279272,-0.0307423311981768,7.97747642228966,0.0003746863128883,0.5371849753028861,PASS,
547,BMP1,Prv-CCL19,-1.30343649576996,-1.30964824004803,-1.48237148162277,-0.246898415115919,8.34438545619464,2.74301293324597e-24,0.5371832414542772,PASS,
548,EFNB2,Prv-CCL19,-0.897835200859667,-1.27000291484031,-1.28350935008599,-0.0379994793898837,8.23785037144423,1.73118038956971e-19,0.5369654301337176,PASS,
549,FAM129A,EC-PCV,-0.776217378188796,-2.00695252916477,-1.89997567834837,-0.624918490541647,7.97139945778368,1.05902236570254e-16,0.5369521132613579,PASS,
555,LTB,cDC2,-2.23207630387541,-1.96178559481791,-1.19057366940793,-0.743753504885249,8.68129430957312,2.39205174682903e-19,0.5367589837987018,PASS,
560,DHRS3,EC-PCV,-0.687823451986408,-1.83184564341667,-1.49385147472898,-0.370448155030355,8.02866233981505,3.57662863754469e-13,0.5364156109014795,PASS,
561,AFDN,Mɸ1-LYVE1,-1.93161175945374,-1.00067943152001,-1.21631597632214,-0.169472735195456,7.31677629915707,1.65688726426658e-47,0.5364019786111687,PASS,
563,SCGB2A1,EC-PCV,-1.54607024211329,-1.05829072594615,-1.16034592117067,-0.0746417524787469,7.94858516767528,7.190621290285e-05,0.5363119763815747,PASS,
564,ANKRD29,dS2,-0.956866049911153,-1.07171065908881,-2.04396463791259,-0.245378317877104,7.27057484365254,4.51655595612257e-59,0.5363011308123407,PASS,
567,MARCKS,Prv-CCL19,-1.28130497827939,-1.06837838917944,-1.13493852518646,-0.0012410533048457,9.12398963710191,1.00374866556909e-22,0.5360560469994597,PASS,
568,PMEPA1,EC-tip,-2.08811704170706,-1.18050255168382,-0.913287370391265,-0.203422332002499,7.77354680179377,5.13342603165545e-109,0.5360240674889064,PASS,
569,ID1,Mɸ4-infiltrated,-2.7739410193835,-3.2743623741693,-3.38289966092794,-2.25230692450909,7.48043583012053,3.03942865282363e-161,0.5360225029147825,PASS,
571,CYTOR,Prv-CCL19,-0.826980355305645,-2.00093165836338,-2.29290994712721,-0.794171973671369,8.73791043183665,4.8779495504622e-50,0.535921261312438,PASS,
573,F13A1,dS2,-0.692896225592324,-1.23272128239965,-1.42622334077293,-0.0365807307148578,7.09202082186952,1.6779159853168e-72,0.5358827612993351,PASS,
575,RNF144A,Prv-CCL19,-1.21646877821431,-1.48117558910346,-1.59186296262998,-0.383132100384437,8.2620269066881,1.23355058866573e-19,0.5358257903577709,PASS,
576,BHLHE40,Mɸ4-infiltrated,-2.01150640651317,-1.23814879965034,-1.05852130549497,-0.275917962451012,8.0388769431278,2.7923504814618e-32,0.5356970295423279,PASS,
577,CYSLTR2,Prv-CCL19,-1.8725909306446,-1.75207172357796,-1.78309151965583,-0.775069541291279,8.25690963957539,2.6618294600475e-25,0.5356814171304701,PASS,
578,CD55,Prv-CCL19,-0.815837117432076,-1.9647860095058,-2.31081369401632,-0.783520960440267,8.44772667630568,3.0698114599617e-57,0.5356621218572958,PASS,
579,TIMMDC1,EC-aPCV,-1.46810711483101,-1.60127116726751,-1.58190495721876,-0.516544136908748,8.14927329145369,1.29890352961459e-06,0.5356157547556084,PASS,
583,TMSB10,Prv-CCL19,-0.519552407183035,-1.30789168199549,-1.54554704647061,-0.0797839566775184,10.9857143473131,1.80413363861893e-78,0.5355276928085103,PASS,
584,F5,Prv-CCL19,-1.76911206174654,-1.61300080592311,-1.57113310334982,-0.602324820722868,8.24835358007048,2.09962991969771e-19,0.5355149330126929,PASS,
587,NDN,EC-tip,-2.49126864633036,-0.816234017334782,-0.974858992434744,-0.151575333242279,7.39861148925693,2.01501772211896e-144,0.5353155870030398,PASS,
589,BMP4,EC-PCV,-1.38602916481585,-1.09237687983992,-1.09853812087235,-0.0530784938100752,8.17842538463931,2.2524731970654e-05,0.5350521933913959,PASS,
591,EGLN3,EC-tip,-2.05668953868532,-1.43178656572568,-0.853556816511647,-0.330126919547612,7.27840929199082,4.5267068529245e-81,0.5349356774676713,PASS,
592,LPL,Prv-CCL19,-1.09987309383747,-1.50021909775189,-1.67029235243787,-0.407617429823319,8.2530761730257,4.22659446490176e-23,0.5349098493254641,PASS,
594,RNF24,Prv-CCL19,-1.14702944460982,-1.15065999945509,-1.21330876112964,-0.0657495945408581,8.28949653222565,2.29900452194147e-14,0.5348326518676713,PASS,
595,FENDRR,EC-tip,-1.40658312805164,-1.029821556789,-1.08126366431806,-0.023342382483386,7.20127978887046,3.76818909294937e-48,0.534818140390274,PASS,
596,GEM,Prv-CCL19,-0.933475206551208,-1.70229579091962,-2.09479623317131,-0.622931931958628,8.77892554206915,9.95992167104815e-37,0.5347107328936175,PASS,
597,HPGDS,cDC2,-1.81528818985437,-1.018059056345,-1.48171406102528,-0.2826550929988,7.29012111320043,5.2341333080728e-09,0.5346994069159484,PASS,
599,MMP7,EC-PCV,-2.66512546878654,-2.51628559776039,-2.59272630433532,-1.64487736772934,7.93615221909418,5.085759204679429e-30,0.5346415240475647,PASS,
600,BCAT1,EC-tip,-1.71095731214279,-1.52560238300864,-1.83841332703291,-0.653584968398436,7.24488607713739,5.02859940831936e-57,0.5346392649252844,PASS,
611,TGFB1,Prv-CCL19,-1.68106087321442,-1.73374058912489,-1.89132007094704,-0.781021353413001,8.47930647864713,1.8592750801561e-40,0.5340939822674775,PASS,
613,MARCKSL1,Mɸ4-infiltrated,-3.63794168382424,-2.76948973431424,-3.52606214639747,-2.291889180068,8.51294965170952,8.74276073707658e-149,0.5340773869604255,PASS,
617,SCG5,Prv-CCL19,-1.05246665911343,-1.83080112322424,-1.9078645720537,-0.669244769539335,8.26324425618724,4.15498480447436e-30,0.5339581187617152,PASS,
618,TSPAN2,EC-PCV,-1.23530528117131,-1.16126756799042,-0.910409796459123,-0.0038987680819022,8.00842963199057,0.0004195662574171,0.5338491840474447,PASS,
621,MGP,Prv-CCL19,-0.762246897325452,-1.33953133801669,-1.60657444891578,-0.229535275845117,11.1651021663758,7.32772442287935e-43,0.5336779835439027,PASS,
622,SMOC2,dS2,-0.826100360915337,-0.946585083030516,-1.83242587421906,-0.120457346300082,7.7758047311285,4.50481483111185e-69,0.5336238221118942,PASS,
623,CTNNAL1,EC-PCV,-0.887975471488302,-1.55888050634311,-1.77490438850398,-0.442857696113828,8.79865656415505,3.52100557726823e-31,0.5336049060604294,PASS,
624,MFSD2A,EC-aPCV,-0.514505016983359,-2.41661210432893,-1.74106157900375,-0.763135688130477,7.93523188936358,7.311728798858239e-42,0.5335649730467057,PASS,
625,MDK,EC-tip,-1.48761421845445,-1.30580416639467,-1.39843785733516,-0.340273562736169,8.54568111101947,3.32781005531715e-94,0.5335371567919609,PASS,
627,SHF,EC-tip,-1.27420722661386,-0.929921416266734,-1.75721754870488,-0.213266671820015,7.35962551836376,3.22231123426007e-45,0.5334694181479994,PASS,
629,SLPI,Treg,-1.53873634357122,-1.31300728159474,-1.20480650641939,-0.29127380100795,8.3788293135899,6.53229051805356e-13,0.5333189631324791,PASS,
631,ARG2,Treg,-1.91288613867967,-1.28187457156656,-1.10803695882472,-0.34132344440513,8.41334944325253,2.1691825372825e-13,0.5332670728756154,PASS,
632,EXTL2,EC-PCV,-1.29690281213517,-1.21482838653838,-1.03376342092412,-0.109927939744667,7.95685802498038,0.0006756201134303,0.5332581728515736,PASS,
633,ID3,B cell,-2.01519569930472,-1.16720071729793,-0.959879784892172,-0.253955685420733,8.7998937561038,1.24478680909427e-36,0.5332163320975972,PASS,
635,DEGS1,EC-PCV,-0.692638079106479,-1.28011342404991,-1.31642776751636,-0.081481210247511,8.16156896165674,2.44920714972637e-10,0.5331918370728438,PASS,
640,HLA-DQB2,cDC2,-3.01367345505542,-1.667585759321,-1.02022662217442,-0.797122728781246,7.78835056575513,4.731503999591999e-13,0.5330614821287218,PASS,
643,WFDC2,B cell,-1.65577601549212,-1.47538674760148,-1.0575803486045,-0.361976882737179,8.35086619757895,2.75855092142264e-30,0.532932197143519,PASS,
645,EHD1,Mɸ4-infiltrated,-2.89375187599388,-1.82988531718883,-2.31085577343402,-1.30155749572244,7.6440859986014,1.389767578363e-65,0.5328616509578351,PASS,
647,MMRN1,EC-tip,-2.87522184656351,-0.670561792999055,-1.00891983482018,-0.243549110360567,8.56600199571964,3.47743443683258e-129,0.5326566084565078,PASS,
648,VCAM1,Mɸ1-LYVE1,-2.01223052971391,-0.414167538527916,-1.68574411426991,-0.126505119723977,7.27431623620405,8.31620791290536e-69,0.5326258188307501,PASS,
649,CDC42EP1,EC-aPCV,-0.72010735475684,-1.31216955548287,-1.23456634545512,-0.0896528161944794,7.94748185274154,9.435059724706e-05,0.5325774264234366,PASS,
653,TEAD2,Prv-CCL19,-1.13517015706297,-1.10457528642891,-1.16977695137368,-0.0763249928205707,8.32354612070887,2.70265735487598e-13,0.532364275720661,PASS,
654,DOCK6,Prv-CCL19,-1.25551046265046,-1.23465575948427,-1.17248286933999,-0.180199143249219,8.25884616543135,3.62905433496201e-13,0.5323603675553419,PASS,
659,KRT18,cDC2,-2.59753350688638,-1.06961844503863,-2.14956223538305,-0.802596965932444,7.02276103535322,3.63272062010509e-16,0.5321092839831273,PASS,
660,FGF13,EC-tip,-2.14038029376375,-1.47796683795861,-1.87732859073102,-0.801159459534756,7.25674076737188,1.15967909994e-76,0.5320754963373083,PASS,
662,NDNF,dS2,-1.33666263190698,-1.26298065290642,-1.39601219409465,-0.308073289351255,7.10086142755179,1.19956242790024e-46,0.5319453762547176,PASS,
663,P3H1,Prv-CCL19,-1.4662322615624,-1.29958239158398,-1.53720551311573,-0.413949635780291,8.30587207918762,3.47152909028364e-20,0.531920168157292,PASS,
668,EMILIN2,Prv-CCL19,-0.682443904102816,-1.38536376420955,-1.55412640283316,-0.251602705805687,8.30789010067459,5.07515978049648e-22,0.5318002847091434,PASS,
670,WFDC2,Treg,-1.97945917509207,-1.49627120746539,-1.3534827200983,-0.589598353388795,8.40469182137208,1.45227324880276e-11,0.531736219027276,PASS,
671,IFITM1,dS2,-1.43677528455065,-1.60049468566725,-2.16022756998136,-0.784353651451279,7.36646280151428,7.04428374131232e-53,0.5316884895794604,PASS,
672,IRS1,Prv-CCL19,-0.803729237938426,-1.61195129308743,-1.39759879222362,-0.349043961040298,8.29294917754262,2.46427498491772e-17,0.5316828309370291,PASS,
673,ABHD6,cDC2,-1.18911130237764,-0.981705956456295,-1.14687042132724,-0.0325074265092944,6.88733633412663,5.94950913982623e-08,0.5316693719313468,PASS,
676,CLSTN3,EC-PCV,-1.8643132091818,-1.87097984677035,-1.55422069672324,-0.823843967733726,8.11465474393847,3.40944777545035e-13,0.53154248286916,PASS,
678,SLC12A2,EC-PCV,-0.587382047688204,-1.33635882275574,-1.26846136159803,-0.103032391411068,8.00152684168477,2.66436256086727e-07,0.5314164982152655,PASS,
679,DNAJC15,dS2,-0.568752356190131,-1.36693837121103,-1.77976838735766,-0.299735428921483,7.32421978251157,1.9753861814541e-72,0.5313952906703778,PASS,
681,CDH24,EC-PCV,-0.678178394889471,-1.57579741572707,-1.70023431840505,-0.411407864252734,8.03174284682838,1.18269328843418e-12,0.5313280064791601,PASS,
684,DTL,EC-PCV,-1.23893082789721,-1.53755210987155,-1.67132195077966,-0.537563181569341,7.93809918801883,3.03976340142971e-09,0.5311883702445829,PASS,
685,ST3GAL2,Prv-CCL19,-1.4609763160354,-0.889953905866639,-1.07983779650962,-0.0447530359950648,8.27175780646469,2.16509853246815e-12,0.531166686254601,PASS,
687,RBP5,EC-tip,-2.41349742176773,-1.06635175494148,-1.47029992805598,-0.533050253217703,7.83086845486699,1.38051051107022e-140,0.5311492932820348,PASS,
690,LZTS1,Prv-CCL19,-0.864149244605932,-1.03371273411692,-1.27768263725823,-0.0319473031131896,8.28425750191085,2.67824062776548e-13,0.5310512144053976,PASS,
692,MMP7,EC-tip,-2.29249048049671,-1.81871244030654,-1.62326991393736,-0.940878844709282,7.22434037529876,2.38017620945165e-84,0.5310007718487368,PASS,
693,COTL1,Prv-CCL19,-0.655216758282784,-1.11532992339885,-1.63318631799865,-0.148167857846618,8.31684744765742,1.31813050210001e-23,0.5309689078876146,PASS,
695,CEBPA,Mɸ1-LYVE1,-1.08916743111341,-1.06199546172545,-0.984891189901589,-0.0053196143248243,7.74371949342981,3.76974443629651e-27,0.5308851497369477,PASS,
697,ARRDC3,EC-tip,-1.55048266525316,-0.99306226885559,-0.953544661483133,-0.0860107109511697,8.34986064206404,1.58866555163449e-74,0.5307848244792869,PASS,
698,CYP3A5,EC-PCV,-1.13325553966472,-1.58810328021537,-1.45237585598339,-0.464717686186359,7.945810998534,3.10647892659907e-08,0.5307816230396005,PASS,
699,EVA1B,Prv-CCL19,-1.34988756940047,-1.40907949065156,-1.38374122488188,-0.40713966547656,8.77094880887187,6.69639994751953e-29,0.5307589517362912,PASS,
700,CLU,dS2,-0.195740674317802,-1.28582219635423,-1.754027505596,-0.156648183640566,7.31000401061657,1.62096090634115e-71,0.5307330768554633,PASS,
706,HAMP,Mɸ1-LYVE1,-4.06626574491068,-2.2364770202137,-1.92160797114723,-1.67571808524017,8.13140818931219,7.28062533075497e-99,0.5305711891735824,PASS,
707,IKBIP,Prv-CCL19,-1.45925519214637,-1.01937028142549,-1.48617634369828,-0.275410195765675,8.41147804949177,3.42942305891248e-23,0.5305160542595806,PASS,
712,FSTL3,Treg,-1.47499589325905,-1.37278610187322,-1.42463191400511,-0.447659058169401,8.36097053776288,9.3752646002736e-15,0.5301971182178455,PASS,
713,LIMD2,Prv-CCL19,-1.27072132120837,-1.07138165037887,-1.54959865387477,-0.282033639943008,8.26971166488531,6.27868700863619e-19,0.5301514255124964,PASS,
716,FFAR2,cDC2,-2.09992520375836,-2.0441730222211,-1.93999303792902,-1.12836356822347,6.81363243079234,9.645113540216451e-25,0.5299656701383296,PASS,
717,PRKACB,EC-aPCV,-1.34263744079005,-1.66990116336328,-1.88752953983256,-0.730549244743871,7.86954051768054,7.82896301360842e-07,0.5299546362233977,PASS,
718,IFI6,EC-PCV,-0.55098359754556,-2.12834633525538,-1.94231337715689,-0.76719913972337,8.47559767649228,3.00983634809286e-32,0.5298418755631703,PASS,
720,CXXC5,Prv-CCL19,-1.90242140570903,-0.878365180081792,-0.79661099262938,-0.0851316217336788,8.51149558213038,7.74305225812312e-14,0.5297324247250192,PASS,
721,RASD1,EC-aPCV,-0.268525533951962,-1.4086313012387,-1.42181652168357,-0.144316188792738,7.83306394617955,5.47534312818704e-11,0.5296952176678957,PASS,
722,LOXL1,Prv-CCL19,-2.02004650975348,-1.10781459170285,-1.09376863479248,-0.347096842646731,8.37791247511182,2.78523521665285e-17,0.5296391619767212,PASS,
723,TSHZ2,Prv-CCL19,-0.31905270755883,-2.07531859600974,-2.31967741361021,-0.810921210043461,8.37419451054799,3.1836786113876e-55,0.52962853465163,PASS,
724,MMRN1,EC-aPCV,-2.38292435036418,-1.41217992539856,-1.23058742982438,-0.64676106638179,8.37916246829869,1.1047596512363e-08,0.5295888923898299,PASS,
732,RAMP2,EC-aPCV,-1.65770684956527,-0.847585360965387,-0.983447111422218,-0.0843799641180826,9.69167957852314,1.06328862062472e-18,0.5291815939078504,PASS,
733,ALCAM,EC-PCV,-2.10275181986489,-2.03078690636392,-2.04611374551189,-1.17075886538319,7.99246454585659,7.55189770207228e-15,0.5291716515284032,PASS,
734,LAYN,EC-aPCV,-0.488900745008076,-1.5535109483518,-1.45078005648296,-0.302602110132482,8.02685384835197,1.532147537547e-13,0.5291442357593095,PASS,
738,MEST,Prv-CCL19,-1.83954776145957,-1.57775830749027,-1.4756995684973,-0.686401133800111,8.28926963681331,1.29989727079497e-17,0.529080698872882,PASS,
740,EMP3,EC-PCV,-0.165858456851002,-1.98747525781702,-2.05515653629452,-0.645500672357232,8.03070827621244,2.1114690533993e-31,0.5290506359889601,PASS,
742,AC025164.1,EC-PCV,-0.83478330668675,-1.65803001228022,-1.39705781736199,-0.43472053658203,7.96862345157396,6.69929376294483e-08,0.5289806097911981,PASS,
744,MAG,EC-PCV,-0.947180515711819,-1.06310905723805,-1.02958519410553,-0.0278047466610016,7.92302889649788,2.98171750584354e-05,0.5289129273376348,PASS,
745,ATP1B2,dS2,-1.19774749256536,-0.838815035618345,-1.18499415704357,-0.0349236215796911,7.17738976306388,3.13441478311964e-40,0.5289116763001979,PASS,
746,MYADM,Mɸ4-infiltrated,-1.31392223364068,-0.88613095811629,-1.19992202744349,-0.0974048331251802,8.23125357341186,7.859148629234219e-30,0.5288887043450868,PASS,
748,PLK1,Mɸ1-LYVE1,-1.34843440190678,-0.987387044920267,-1.11524991043716,-0.129979873771341,7.19204057204601,2.48873221647407e-50,0.528854141355398,PASS,
749,TMEM98,Prv-CCL19,-0.504199463501921,-1.2784716649246,-1.19391980600025,-0.0790354414887042,8.5311207865954,1.27964512376818e-23,0.5288429702962113,PASS,
750,NXN,Prv-CCL19,-1.20828506819858,-1.7066357226897,-1.56576275260589,-0.622269356507741,8.28426436065521,1.12267341251324e-19,0.5287966947554533,PASS,
751,HMGA1,Mɸ4-infiltrated,-1.68750841564539,-1.57504827353668,-2.02446865244526,-0.841127458087397,8.18007442519751,5.61622986332038e-75,0.5287543158160416,PASS,
752,DIO2,cDC2,-1.17673199495887,-1.10743734073452,-0.955821075597208,-0.0913028538307121,6.77516484360284,6.32981203196963e-13,0.5287155160359346,PASS,
753,NFKBIE,cDC2,-1.83680637135831,-0.924958247528076,-1.09025320323476,-0.22165761968918,7.1541295391063,1.36759309126902e-10,0.5287120444612107,PASS,
755,ADAM10,Prv-CCL19,-0.886347572224998,-1.33079857254065,-1.30310930904359,-0.254774340224491,8.36710063760725,1.24245134709897e-16,0.5286600958958674,PASS,
756,MEIS3,Prv-CCL19,-1.07925265833777,-1.06128867867096,-1.15196783707262,-0.113320816499495,8.34547860823258,6.25106152934186e-12,0.5286534967477523,PASS,
758,MMP24,EC-PCV,-1.93179809520687,-1.52137708127854,-1.61116059656378,-0.737449632318014,7.94546438939882,1.14796274563322e-08,0.5286144447394642,PASS,
761,CKB,cDC2,-2.69967483948527,-0.893353701414967,-1.1352200623161,-0.447879250150305,7.16637195512983,8.41556159274349e-08,0.5285274756316655,PASS,
763,DUSP6,Mɸ4-infiltrated,-1.04391122277279,-1.25506185480818,-1.5313482776635,-0.343234999399568,8.77177770422184,5.63109113857948e-39,0.5284936166574378,PASS,
769,PGM2L1,Prv-CCL19,-0.904921134513352,-1.49135681771091,-1.0976148856176,-0.275613861580375,8.26116812607292,6.925481247727301e-16,0.5283119836099816,PASS,
770,MIR497HG,dS2,-0.772361731252441,-1.11095822203825,-1.09778587179615,-0.0432394630638456,7.20067370249836,1.590733860502e-59,0.5283035620977692,PASS,
774,RNF130,EC-PCV,-0.999042944534961,-1.10746426799291,-1.17402373171273,-0.13386025327216,8.26374726984122,1.51707677975467e-07,0.5281779815121331,PASS,
778,COL8A1,Prv-CCL19,-1.16431015069032,-1.12743912840615,-1.35687306523972,-0.260595493157359,8.28762340662743,4.86373020172775e-14,0.5278831010272064,PASS,
781,SYNJ2,Prv-CCL19,-0.566321060765001,-1.58365907922557,-1.2488643824561,-0.29406568641721,8.25946358938083,7.35326399670676e-20,0.5278414457922176,PASS,
782,DYRK2,Prv-CCL19,-1.38437594160054,-1.655865972645,-1.57405469779432,-0.663882299310105,8.33080213649245,1.6657717041084e-22,0.5278258271179698,PASS,
784,CTNNAL1,EC-aPCV,-0.988785247339015,-1.38516515594828,-1.61569324729147,-0.440327983901769,8.63069364763115,2.45847187632066e-14,0.5276914739579942,PASS,
785,FLNA,Mɸ4-infiltrated,-1.91766251236103,-1.60731937397851,-1.91736966325837,-0.898894532427492,9.24890172700971,1.31240836821421e-100,0.5276091479794222,PASS,
786,DACH1,Prv-CCL19,-1.03798202844464,-1.03798202844464,-1.03798202844464,-0.0725278576552831,8.22472099903541,1.55608647959328e-16,0.5275715682365083,PASS,
788,RAB13,Prv-CCL19,-1.13037624664169,-1.41644356567491,-1.25109376574751,-0.368940302993873,8.83896352341217,1.03487584950062e-23,0.5275257291247649,PASS,
789,ISG15,EC-PCV,-0.675970160715039,-1.6173461397006,-1.62945882333089,-0.483271536084521,8.3235178084179,1.84680783741225e-14,0.5274216123159409,PASS,
790,TMEM167A,Prv-CCL19,-1.05878901823237,-1.03308479386736,-1.21712281101997,-0.143496392037911,8.42109806177465,5.45313590266833e-16,0.5274142462076385,PASS,
791,P2RY13,cDC2,-1.47464931836823,-0.65280871291302,-1.15891147931924,-0.037406483939193,8.12873943782443,2.21405898254864e-13,0.5273440145952102,PASS,
795,MRPS6,EC-PCV,-1.61014738881858,-1.91587672518211,-2.02338641188907,-1.01299697866448,8.09589521124075,9.794394395964081e-19,0.5272625060615185,PASS,
796,ICAM1,cDC2,-1.81985056108569,-0.894001933111472,-0.799859627080808,-0.127206867106516,7.12347554076425,2.9518122627119e-07,0.5272620851812819,PASS,
797,ARHGDIB,EC-PCV,-0.9209779135056,-1.09049410773264,-1.1695079436118,-0.122726789857289,8.27619289483025,2.33738838707687e-07,0.5272347337902356,PASS,
798,FAM110A,cDC2,-1.68727847475096,-0.890007035196836,-1.17591521870435,-0.226142744758351,7.04759792044121,9.4433016173739e-08,0.5272297603606976,PASS,
800,FAM129B,Mɸ4-infiltrated,-1.37245509132149,-1.60907037600114,-1.21184709293435,-0.523341775778915,8.03608976674825,1.61788149271369e-40,0.5271533618650694,PASS,
801,NRXN2,Prv-CCL19,-0.627451853884834,-1.26027918594193,-1.2038591385189,-0.145164322063466,8.24626306779632,1.10288398306686e-15,0.5271116369708594,PASS,
802,ECM1,dS2,-1.64256297229133,-0.7657168164162,-1.50837716739652,-0.271422241126868,8.92630974017546,1.12836330990329e-52,0.5270598696390392,PASS,
805,TOR4A,EC-PCV,-0.808576567422738,-1.29410649078459,-1.25925392715431,-0.234255536545362,7.93048361914081,3.32770937112e-07,0.5269811293209181,PASS,
807,CADM4,Prv-CCL19,-0.979935265583302,-1.50431400150793,-1.46549240725775,-0.459663582377148,8.24770744321809,3.44131356387533e-19,0.5269635447299503,PASS,
808,CASC15,EC-tip,-3.15786405498117,-1.01888652815417,-0.782750845298567,-0.531705257292535,7.77394204515139,1.42263890844835e-167,0.526962887024751,PASS,
809,WNT5A,Prv-CCL19,-0.0540916765783544,-1.20797368709355,-1.42705415304788,-0.0428170223715403,8.25674996860384,4.87879234893762e-27,0.5269522543385454,PASS,
811,EDN1,EC-PCV,-1.15556377741385,-1.34417365857424,-1.66720957433742,-0.496885171874599,8.74905790830667,7.51710584288926e-10,0.5269167888886364,PASS,
815,NPDC1,dS2,-1.25823345211767,-0.89119706128591,-0.868223485964472,-0.0148213786604733,7.47579383568447,6.424309393417541e-60,0.5266525768824848,PASS,
820,ABRACL,EC-PCV,-1.11766369475109,-1.28476067541106,-1.27117298639269,-0.326819511262109,8.06632871135798,1.97991009650003e-05,0.5264852696575364,PASS,
822,HOXA11-AS,Prv-CCL19,-1.51443237572837,-1.35189787067648,-1.19632082590596,-0.439725360360965,8.2455873912966,3.37509421967509e-16,0.5264435609579406,PASS,
823,OSBPL1A,EC-tip,-0.998835473025151,-1.05179177305111,-1.51164423319133,-0.262060063642932,8.76840401438701,2.19697294161756e-64,0.5264373890561075,PASS,
824,PLK2,EC-aPCV,-0.141713824972552,-1.60984307306175,-1.25195703491181,-0.221173533569331,8.28090248229129,3.01847437961317e-25,0.5264322240905569,PASS,
826,ECE1,Mɸ4-infiltrated,-2.89203573689425,-2.73601566060163,-2.86605346162312,-1.99602127565916,7.59134605616323,2.09466570718681e-124,0.52638503189702,PASS,
827,TNC,Prv-CCL19,-2.89333065385121,-0.701698297969042,-0.813819658753799,-0.327559890036156,8.96558849563573,4.6927045036296e-15,0.5263372849168306,PASS,
829,TIMP1,Prv-CCL19,-1.32010353144396,-2.42389759811488,-2.75933623022406,-1.43824752786432,9.95395137200627,3.49342930850658e-101,0.5262904225005758,PASS,
831,TNFSF10,EC-tip,-1.45508221611514,-0.958920945985113,-1.52857553575514,-0.344965821849261,8.92378169548481,1.75646364021194e-77,0.5262623833525559,PASS,
835,DNM1,Prv-CCL19,-1.08680523809601,-1.21791432892248,-1.17238375404708,-0.256345276652118,8.23685623288914,2.09420718919863e-15,0.5261653808459578,PASS,
842,CDC42EP5,Prv-CCL19,-1.51352401917456,-1.39784755874547,-1.55822341017507,-0.596891560650496,8.44687917268556,7.811539148055711e-25,0.5259996423441605,PASS,
845,STXBP6,EC-tip,-1.30655281024407,-1.20708352743012,-1.76511980416032,-0.519413772630622,7.58455335974905,9.675330564698439e-41,0.5259714516055614,PASS,
846,AGPAT5,Prv-CCL19,-1.3487474560117,-1.42333945489313,-1.47289783970249,-0.53826571350224,8.2891153462922,1.86228565998302e-17,0.5259489221918193,PASS,
849,XBP1,Prv-CCL19,-0.887909825497932,-1.01368354800254,-1.05558035874604,-0.0633389046045891,8.55459908891238,1.64501574461968e-14,0.5258726977499474,PASS,
853,RBP5,EC-aPCV,-1.47963255806958,-1.55996389349588,-1.60863904535085,-0.6887887102257,8.05500592852234,0.000303105455377,0.525836909865352,PASS,
855,ZNF703,dS2,-1.01773317676301,-0.759779642200757,-1.37385941742578,-0.0812060485738322,7.46390899164557,9.30610447328988e-47,0.5258332277871115,PASS,
856,PHLDA1,Mɸ4-infiltrated,-2.25571660280366,-1.42247012156442,-2.72751992168712,-1.19071434812239,7.95115935775647,3.03843824903193e-61,0.5258317379747678,PASS,
857,NEK6,cDC2,-1.15234429472053,-0.797160631210504,-1.09910696801621,-0.0398932929163035,7.00762810260249,4.76795710473617e-08,0.5257943247721253,PASS,
858,CLDN3,EC-tip,-1.66041445069667,-1.26485573370195,-1.49902396979122,-0.55240994777027,7.19134988542052,6.97397576104443e-48,0.5257624311981429,PASS,
862,MDK,EC-aPCV,-1.03217908615623,-1.34671107047851,-1.36068024833268,-0.382399697844962,8.33160868574425,1.88513880264134e-05,0.5257070415787795,PASS,
863,ARF4,Prv-CCL19,-0.843013692139279,-1.31262206515774,-1.54668170707256,-0.379810911268832,8.68290173323892,1.2557908447195e-29,0.5257070083231552,PASS,
866,DTL,EC-tip,-1.18129696252047,-1.1644097072411,-1.3293975210297,-0.321093636769239,7.33931705502594,1.22080274524435e-35,0.5256011979856607,PASS,
868,NDRG2,dS2,-0.226028321138615,-1.12841621858002,-1.58573088431452,-0.136165137001143,7.32684398998748,4.519295642237719e-55,0.5255733720887357,PASS,
871,PDIA6,Prv-CCL19,-0.781119177491053,-1.09812103932726,-1.13123481053248,-0.112623992627663,8.83813440903507,1.06643112826774e-21,0.5255155304869029,PASS,
877,CRMP1,Prv-CCL19,-0.973933970901536,-0.866753844710751,-1.16080657974325,-0.063347952972854,8.23696984752873,3.41008935011197e-14,0.5251951896847606,PASS,
878,SMARCC1,Prv-CCL19,-0.27500964742991,-1.13561020684885,-1.18504552462243,-0.021446545604087,8.37853698221848,1.58549113542729e-16,0.5251485635650507,PASS,
880,LCN2,dS2,-1.06024307999426,-1.17796853602359,-1.14802937914752,-0.242380594062642,7.0535774096562,4.6738088549587e-53,0.5251096775286535,PASS,
883,RPS26,dS2,-1.70917459960946,-1.07625840594711,-1.13933124509826,-0.359011889309698,9.81106605711838,5.84627801049744e-117,0.5250449361894708,PASS,
884,CD24,EC-tip,-1.5283452689115,-0.86629845420501,-0.782377832081437,-0.0802724787895157,7.21103468312456,1.37446161677318e-49,0.524976237937178,PASS,
885,EVA1A,EC-PCV,-1.08372021746132,-0.932442401861291,-0.957482790798691,-0.0592097252390849,7.92536741451828,0.0002701951029837,0.5249684605562958,PASS,
886,F2R,Prv-CCL19,-0.999358493976236,-1.44031835415232,-2.04857192133178,-0.670833844689405,8.38572534307807,2.97202084556638e-33,0.5249426340440604,PASS,
888,RAMP1,Prv-CCL19,-0.432832394926783,-1.54415793225875,-1.9203306848057,-0.529414995617857,8.39651785094566,3.75005866483914e-36,0.5249306797369095,PASS,
891,CBLN4,Prv-CCL19,-1.06639668795592,-1.15385347377282,-1.15385347377282,-0.239980961101114,8.22613319658947,2.12818329149575e-16,0.5248161059190066,PASS,
892,LIMS1,Prv-CCL19,-1.13036278763645,-1.50846499427,-1.73031410633374,-0.634691049752026,8.61279160312483,3.99235354126467e-32,0.5247218719224649,PASS,
894,ETV1,Prv-CCL19,-0.987733167236369,-0.951465072243766,-1.02239278018283,-0.0748811060964917,8.2298976977104,1.35648124103616e-12,0.5245857592876597,PASS,
895,PODXL,EC-PCV,-0.704740298382474,-1.29620537027431,-1.05894863143599,-0.187201390569838,8.29895453467955,9.9211168600498e-08,0.5245777549803267,PASS,
896,HIST2H2AC,dS2,-1.01556058328643,-0.862210260225078,-1.00887296590813,-0.0320683185322674,7.27682069435143,2.14929251046033e-44,0.5245753660914828,PASS,
899,SPHK1,Mɸ4-infiltrated,-1.71555918790084,-2.03394595145155,-2.24832951454954,-1.21348811134736,7.66799476887361,9.70197940113191e-70,0.5245368491360842,PASS,
900,HS3ST1,Mɸ1-LYVE1,-2.17008932462563,-1.72515961263821,-1.07273438996991,-0.784276791018625,7.31712449308936,6.914303913578219e-40,0.5245068190619738,PASS,
901,MLXIP,Prv-CCL19,-1.18067778476064,-1.592769855651,-1.44586581451691,-0.59603336702394,8.45069521938315,2.68413490547602e-23,0.5245033568520902,PASS,
902,ADAM8,Mɸ4-infiltrated,-1.74846225155908,-1.81463131499169,-0.578316327292039,-0.551641670022611,7.98568383186655,1.40434801667236e-37,0.5243960682199219,PASS,
903,CDK6,Prv-CCL19,-1.38838746786537,-1.13803318861297,-1.23316959330907,-0.353905219323207,8.31880259371069,5.8970060078787e-13,0.5243383515846012,PASS,
906,FZD10,Prv-CCL19,-1.60441004454193,-1.25071057332948,-1.26136174815817,-0.477598733212162,8.25297632467899,1.08302996807444e-13,0.5242455819334498,PASS,
907,HLA-DQA2,Mɸ1-LYVE1,-4.00043515083453,-2.24278022319693,-4.24476559550736,-2.47287597401328,7.90439059716492,1.0939430614033e-93,0.5241676458819031,PASS,
908,NLRP1,Prv-CCL19,-0.701049570333123,-0.972837448800814,-1.1522763743296,-0.0643580061356275,8.35068455552213,3.26394242146011e-12,0.5241629997724953,PASS,
911,AC108463.3,Prv-CCL19,-1.03642529371722,-1.0926600476019,-1.28681456348338,-0.262291098816265,8.24402937841624,2.08226386804457e-15,0.5241126072039015,PASS,
912,UBE2E3,Prv-CCL19,-0.990012160064775,-1.26622526290366,-1.31744715952374,-0.348195014821684,8.50468662784682,1.21420722864994e-20,0.5240899340266998,PASS,
914,UGCG,EC-tip,-1.31113764637572,-1.08541646791189,-1.38406460030803,-0.365553677851458,8.48838693095231,3.86673087775808e-58,0.5240486287245006,PASS,
915,QPCT,Prv-CCL19,-1.24052593861877,-1.15418806668175,-1.13510650126863,-0.295467559948523,8.23169068443951,2.03630457856029e-14,0.5240348361203914,PASS,
917,P4HB,Prv-CCL19,-1.66542737818808,-1.22051984866481,-1.52293622449222,-0.572886816633607,8.72604564443717,3.897926218421e-30,0.523993608116176,PASS,
918,FYB1,EC-tip,-1.85444374050261,-0.444357352167216,-1.52784631352629,-0.232538150051849,7.31023008893906,4.87752986557953e-74,0.5239618585933725,PASS,
919,SNAI1,cDC2,-1.64620164036781,-1.29033045914451,-1.60710544583782,-0.632026477027705,6.81080359763629,3.87555923792226e-10,0.5239478978734124,PASS,
926,MIR4435-2HG,Prv-CCL19,-0.769143233895316,-1.85065630819222,-2.14469934371886,-0.865878441182241,8.48888169544787,5.64472048802944e-43,0.523632505412188,PASS,
927,CAPG,cDC2,-1.53017522744065,-0.56725875493159,-1.20491134019195,-0.107955835838878,8.47919751302304,2.34447350087953e-12,0.5235622701387986,PASS,
928,ALG3,EC-aPCV,-0.767411381322718,-1.22633158872834,-1.37998686374739,-0.302003120907618,7.92691455191238,0.0001389553389929,0.5235596809153285,PASS,
930,CCL22,cDC2,-1.382129210826,-1.63442418841148,-1.01294252681621,-0.537092994995864,7.16655078238812,7.639062237387961e-09,0.523552640276156,PASS,
931,GCNT2,EC-aPCV,-0.278952145270759,-1.39555570544332,-1.44812114247346,-0.281079950151483,7.86933033640599,8.49611807765763e-13,0.5234995225428248,PASS,
937,RGCC,EC-tip,-1.46246056263597,-0.815357296823036,-0.896359029583655,-0.113102273415786,9.62990735558893,1.52094398237127e-56,0.5233535628602336,PASS,
939,TGFB2,EC-PCV,-1.40363282327527,-1.4406507540659,-1.49130651885948,-0.616330151491678,7.94116084284424,2.71281064057853e-07,0.5233073525939698,PASS,
940,ACVRL1,EC-PCV,-1.55856317167631,-1.07716497688072,-1.13621863678313,-0.356071255713318,8.32270157098699,4.3893130361322e-07,0.5232250548649474,PASS,
942,PCSK5,dS2,-0.542797319501939,-0.775099135638925,-1.33728668243663,-0.0092637718667136,7.32138583827398,3.89203236130993e-37,0.5231270716950075,PASS,
943,SLC39A7,Prv-CCL19,-1.61047036290186,-1.12760331167707,-1.01601502968617,-0.355097141048138,8.40152863978969,3.55510755502838e-14,0.5231136411060137,PASS,
944,IFIT1,dS2,-0.679161124858286,-0.891091871598162,-1.08321497585929,-0.0174661963110234,7.16818637394532,7.03433132197193e-37,0.523053338387806,PASS,
946,FBLIM1,EC-tip,-2.10715865749065,-1.1248498536139,-0.758166067104275,-0.394581545537447,7.44668296369229,3.24949415642212e-96,0.5228988058001728,PASS,
949,BST2,EC-aPCV,-0.400207528721326,-1.7082994040939,-1.86279854655923,-0.620014562760719,9.05828840246098,6.489507546576799e-57,0.5228834002597377,PASS,
950,RUNX3,Mɸ1-LYVE1,-1.89224825821422,-1.15696483212885,-0.540350140889882,-0.282591690231282,7.35876760988999,2.34035899180804e-54,0.522769220642499,PASS,
952,GUCY1A1,cDC2,-1.97635504657921,-0.566987091759049,-0.817875966060181,-0.105116284804889,6.89796901185124,9.59954881457143e-06,0.5227449955299138,PASS,
956,MT-ND6,EC-aPCV,-1.34211774435047,-0.966352218073398,-0.937212868579288,-0.187654271873935,9.0334149611239,8.79582861884915e-06,0.5226409505414643,PASS,
958,IP6K2,Prv-CCL19,-0.820837476035034,-1.04603485744247,-1.05867298011532,-0.135187182057868,8.42936109726172,3.43971326672913e-12,0.5225706545696376,PASS,
961,NT5DC2,Prv-CCL19,-1.43615909727486,-0.76671008771288,-0.979533345612397,-0.129561970053203,8.58306037107822,3.76966833183497e-13,0.5224899770395834,PASS,
962,CAMK2N1,dS2,-0.786832368767237,-0.889074508320864,-0.921492508984914,-0.0011227178874884,7.69507028400537,3.55207580511984e-57,0.5224859606240593,PASS,
963,RBP1,EC-PCV,-1.92012112280903,-2.04583396549281,-2.2452022602389,-1.29937113055006,8.19377744441537,1.13209631016243e-27,0.5224847987192923,PASS,
968,CD24,Treg,-1.43360612857606,-1.05364315426826,-0.512081548786841,-0.113022435274289,8.39945163206221,9.10335822934699e-09,0.5223157857330682,PASS,
969,MFAP2,EC-tip,-2.06193786411235,-1.31511388654053,-1.18354521083242,-0.63459754689986,7.31519378972001,3.56289890236682e-77,0.522314405254934,PASS,
973,COL6A2,Prv-CCL19,-1.81670554182346,-0.998833275680568,-0.983414435338467,-0.349335815593977,10.1635224103286,1.92941061280623e-34,0.5222666745362821,PASS,
974,DPEP1,EC-tip,-1.57052071467065,-0.912073988569448,-2.82843858788023,-0.862335985171682,7.80936019444451,7.41166820091348e-52,0.5222611028230966,PASS,
975,CADM1,Mɸ1-LYVE1,-2.50289764995907,-1.34293413340977,-0.64147959472291,-0.572706524464334,7.45623326032276,3.37816857909828e-75,0.5222542567244371,PASS,
976,PDLIM4,EC-PCV,-1.47431912787749,-1.23501056298389,-1.62121109554071,-0.597011157219298,8.13523408936084,9.546819753506669e-12,0.5222506713073045,PASS,
978,STRA6,EC-PCV,-1.54377644866451,-1.48997894957037,-1.52461922120473,-0.706366183719659,7.92130437133077,2.89674481422015e-12,0.522247030100074,PASS,
979,MTRNR2L8,EC-aPCV,-1.73791578664925,-0.837307262558642,-0.515225150390612,-0.0862497320884363,9.63291410388968,6.547426503935559e-30,0.522208602879229,PASS,
980,CALU,EC-PCV,-0.957147901442593,-0.810653693849577,-1.0999547580656,-0.0752946271426764,8.19048414551733,5.15885964414811e-06,0.5221935927616397,PASS,
982,PLEK2,cDC2,-1.8887376821775,-0.743624604376137,-0.976456835995074,-0.240956769293231,6.93001689594909,2.1122304526854e-06,0.5221109859967752,PASS,
984,EFNB3,EC-tip,-1.25190520051788,-1.05265427908317,-1.2506507540281,-0.327448748665555,7.17985842995021,1.07892661789408e-31,0.5220784762736728,PASS,
985,AQP9,Mɸ4-infiltrated,-1.15983182169224,-1.45883372878748,-1.0860979324656,-0.449650055353672,8.23081083123089,6.63135616651712e-28,0.521961027437635,PASS,
987,PLAU,Mɸ1-LYVE1,-2.34197704536649,-0.566710742020409,-0.408511808463583,-0.0720818280123416,7.70726760410797,1.47388662559136e-81,0.5219141503646664,PASS,
988,JPT1,Prv-CCL19,-0.354928142811211,-1.07125424250301,-1.18229913148642,-0.0816717741373835,8.30418381746578,2.02465209652065e-13,0.521911331841259,PASS,
989,TMEM98,EC-PCV,-2.07643156778108,-1.11055759183786,-1.53293136334585,-0.664543412079178,7.9947543301193,1.82056762563849e-08,0.5218724222147137,PASS,
995,FKBP11,Prv-CCL19,-1.04979199782675,-1.25487312700644,-1.02740603645846,-0.303554305969708,8.29127879911197,2.35806986548717e-11,0.5218283374589324,PASS,
1000,CLEC14A,EC-PCV,-0.833116922536376,-1.15010177172793,-1.14191188819842,-0.240053960511626,9.499094844311,5.03723374366326e-22,0.5215778292204313,PASS,
1002,TDO2,Prv-CCL19,-1.76726814595159,-1.68242233356547,-1.68453148186266,-0.920472205782447,8.2394779385894,1.1247546708345e-23,0.521540543369558,PASS,
1004,FAM69C,Prv-CCL19,-1.57605761179673,-1.45339108646313,-1.52560850162708,-0.710895815896913,8.23562947426349,3.8769191696847e-20,0.5214705477227372,PASS,
1010,SSR2,Prv-CCL19,-0.827437465218831,-1.05138254140039,-1.13007456295046,-0.190627919471429,9.09765546522334,1.01144015593136e-24,0.5213369732946801,PASS,
1014,TMEM158,Mɸ4-infiltrated,-2.80819674341321,-2.3102125729499,-3.60195784412911,-2.0766350818473,7.64077403831312,3.68890204874057e-108,0.5212096075640605,PASS,
1015,TGFB2,EC-tip,-1.6638016644981,-1.1476678944882,-0.83280789413497,-0.354239931901098,7.2472912497357,4.16141787137088e-60,0.5211705754127909,PASS,
1018,DHRS3,Prv-CCL19,-2.65763764671089,-1.29426778558178,-1.41551496376413,-0.869767795386037,8.46864548247889,1.17469209272004e-26,0.5211434951541131,PASS,
1019,HLA-DRB5,Mɸ1-LYVE1,-4.43419775561353,-0.723368824122496,-0.286614872341094,-0.629618617272701,10.3257809302255,8.080952867102219e-251,0.5211329331274613,PASS,
1020,ZNF704,EC-aPCV,-0.597573375975516,-1.24889036307306,-1.32670321129258,-0.299757729610616,7.91849673223754,1.56555577779569e-05,0.5211319333177098,PASS,
1022,NRXN2,EC-tip,-1.39819394061468,-0.830122429617027,-1.35858584916972,-0.311134628574474,7.2119272065898,6.84727909213555e-37,0.5211063651257591,PASS,
1025,BEX4,EC-tip,-0.713868144470971,-1.07412538836329,-1.23203913680649,-0.21379965446959,8.00740216478421,7.570452976979621e-37,0.521026649947829,PASS,
1026,ROR2,EC-PCV,-0.731374100154333,-1.02076034816411,-1.04569383779586,-0.128366507201912,7.9215829318252,2.36968085353554e-06,0.5210053149325334,PASS,
1029,AC025164.1,EC-aPCV,-0.282838747587115,-1.37298634957004,-1.24004544506302,-0.252795451664689,7.87382996445565,1.99278881204353e-07,0.5209255805403179,PASS,
1030,MAZ,Prv-CCL19,-1.5761643747459,-1.30644975509687,-1.37385168874721,-0.598890133800204,8.53889619757241,5.18325205524914e-23,0.520909972063331,PASS,
1031,PTPN7,EC-PCV,-0.917175155436966,-0.941740589297932,-0.871676310346694,-0.0795531024903246,7.92849452883796,0.0003893887594939,0.5209071520253239,PASS,
1034,CYP26B1,EC-tip,-4.13920268243338,-2.66716096136438,-3.54707561469502,-2.52509151348497,7.52954691857369,4.91372654842531e-253,0.5208341980994708,PASS,
1035,TIMP1,EC-aPCV,-1.53923390336224,-1.26437275173083,-1.37880369217868,-0.572513462267209,8.93340434607006,1.55440479821985e-10,0.5208189857483184,PASS,
1037,SRD5A3,Prv-CCL19,-1.24935690557273,-1.37994694825069,-1.4344146253332,-0.574237026494847,8.27427891763459,6.55324892369152e-16,0.5208075548894017,PASS,
1038,TMEM273,Mɸ4-infiltrated,-1.67123001007201,-1.33788346184878,-1.93229121763602,-0.826166726785877,7.58753059800762,4.306993478040879e-43,0.5207857886737653,PASS,
1040,HLF,EC-aPCV,-0.50818663094844,-1.70959466055974,-1.4638177561482,-0.555646568835869,8.03083297615394,1.8650560294505e-16,0.5206791119057848,PASS,
1045,PLK3,Mɸ4-infiltrated,-1.90540558276678,-1.85778060735548,-1.83604043451479,-1.10618078882063,7.83764223393099,3.23072927399302e-60,0.5203796301255758,PASS,
1046,TM4SF1,EC-PCV,-0.715024207492944,-1.04282516570137,-1.22176727440897,-0.208845352376512,9.76273507700262,2.47174563985129e-11,0.5203730751757775,PASS,
1051,ACTN1,Mɸ4-infiltrated,-1.30827632903646,-1.01469305090469,-0.809650623686488,-0.211751512328087,8.49331298300875,1.40846584724448e-29,0.5201309572861169,PASS,
1053,TMEM51,Mɸ1-LYVE1,-1.62961563605191,-0.847268745641451,-0.29105812738162,-0.0331161456664733,7.59021712363908,7.89686890186588e-59,0.5200442702772626,PASS,
1056,BCAT1,EC-PCV,-3.00071050421537,-2.45806750962976,-2.53065770259004,-1.8746580892865,8.0830559188337,3.8663735986534e-36,0.5197797794115389,PASS,
1061,LITAF,EC-PCV,-2.40673884757692,-0.817983158782891,-0.904907397167652,-0.432593468670585,8.1958241871757,1.10322778730258e-07,0.5196523187646764,PASS,
1063,GNS,EC-PCV,-1.25983112828731,-0.845570919706381,-0.6507021391736,-0.0730429009502783,8.44970831455159,0.0001172360122086,0.5195801157173238,PASS,
1067,TNNT1,Mɸ4-infiltrated,-0.945177854929767,-1.52418566141558,-1.34818678845886,-0.561398161171027,7.32335714483887,7.77398740774468e-24,0.5195257486938447,PASS,
1068,LINC01268,EC-PCV,-0.173656394507889,-1.08042747698887,-1.08708402871109,-0.059077654321594,7.99099269734368,3.55710575140905e-05,0.5194844941821414,PASS,
1069,TLE1,EC-tip,-1.1864486124608,-1.05921194054466,-1.47508306493803,-0.441346036414471,7.81293121462507,5.81432222494512e-38,0.5194813462148634,PASS,
1072,LAPTM4B,EC-tip,-1.72658435002573,-0.445264588985228,-0.794540081173413,-0.0453612831822909,8.5956570657589,1.15866823511529e-131,0.5194498095873028,PASS,
1073,MCRIP1,EC-PCV,-0.678569858394197,-1.04689082718583,-1.25199178938927,-0.232891610097703,8.19483691101789,2.73655403228246e-08,0.51935728149934,PASS,
1074,RUNX3,cDC2,-1.8641410754389,-0.12202129995577,-1.39331098613218,-0.125370742874056,8.43773553601257,2.58856442970634e-15,0.5193297687792955,PASS,
1087,IRAK2,Mɸ4-infiltrated,-1.22644420891544,-1.20668112922448,-1.56016391317714,-0.561012240622529,7.32230929417052,6.151218257351211e-23,0.5189632000014633,PASS,
1089,SERPINF1,Prv-CCL19,-0.218925311597807,-0.886830302123184,-1.22635374216469,-0.0355601312231221,8.7151235551764,2.83680973745708e-15,0.5189247026516951,PASS,
1090,PROCR,Mɸ1-LYVE1,-2.40379226583068,-1.69440736542174,-1.61844640919962,-1.10240375660948,7.23387213179133,5.96741402936379e-35,0.5189025879689926,PASS,
1091,HOXA9,Prv-CCL19,-1.50816895781477,-1.17742655662546,-1.15833680006417,-0.485449149299682,8.2491923810012,2.16726380675571e-11,0.5188554822983587,PASS,
1094,CTBP2,Prv-CCL19,-0.452524248787136,-1.02936869384299,-0.989270081572511,-0.0885752317860994,8.40771786516584,1.82404377600218e-12,0.5187984057532485,PASS,
1095,PPA1,Mɸ1-LYVE1,-2.04599746116654,-0.777750850251008,-0.817878474146646,-0.311807244150444,7.54740892856423,1.36784001793883e-64,0.5187809106670056,PASS,
1096,ILF2,Prv-CCL19,-0.471282086604101,-1.19396110409646,-1.16815334439494,-0.234839031062594,8.53773021057234,4.88973838004687e-20,0.5187754056838846,PASS,
1098,SYNJ2,Mɸ4-infiltrated,-1.97658420148347,-1.76346920181123,-1.50756158094427,-0.998089098744048,7.47334526278711,8.069469359063429e-42,0.5187201192649846,PASS,
1104,RNF24,EC-tip,-1.26111257564542,-0.665931541970005,-1.01817403142616,-0.132725546548813,7.26131326906993,6.698021513331559e-33,0.5185570126788275,PASS,
1105,SMTN,Prv-CCL19,-1.41035067768171,-1.32910149536254,-1.40662503538208,-0.62282519542802,8.43372549767456,1.06008919893335e-19,0.518528421747341,PASS,
1108,CLEC14A,EC-aPCV,-0.816994693146885,-1.01617787770175,-1.12078172564039,-0.22716144612451,9.30321461217277,1.73671389756803e-10,0.5184895397501044,PASS,
1110,CEMIP,dS2,-1.63696889222802,-1.57763943866243,-1.5255637013376,-0.837752016556523,7.05161952598727,6.37067482485272e-38,0.5184530834904892,PASS,
1111,MBOAT2,EC-tip,-1.09131807937952,-0.820664393895797,-0.821287302338512,-0.101119419175434,7.38832591327192,6.592447750579859e-33,0.5184418411424557,PASS,
1113,C9orf16,Prv-CCL19,-1.1509615904628,-1.16571878836298,-1.4563257021925,-0.499005878424643,8.56641744783784,3.12068811959834e-22,0.5183673458838272,PASS,
1114,MMP7,Treg,-1.37512752449465,-0.835725399801904,-0.719048344867245,-0.148259532187,8.39415455796421,2.47162199089302e-05,0.5183220491474696,PASS,
1118,RASSF8,dS2,-1.04869103700436,-0.914875286431505,-1.01569936162408,-0.207803017921253,7.66635769202617,3.11753925506611e-48,0.5181820338660121,PASS,
1120,PPA1,EC-PCV,-1.09711041532857,-1.12004737859012,-1.13484170102209,-0.360513944269338,8.53838069096482,4.19544633707038e-08,0.5181398618121945,PASS,
1121,CTSK,Prv-CCL19,-0.778590521564283,-1.17723851560101,-1.28216620761378,-0.35683023267467,8.50960183311975,2.04712117570944e-16,0.5181351583146224,PASS,
1122,CCND1,cDC2,-1.24584567270391,-0.47150912184308,-1.45786952484256,-0.190608308361328,7.34055044176152,1.54075249910968e-06,0.5181260579739353,PASS,
1127,TMEM165,Prv-CCL19,-1.55308149709267,-1.66435931704856,-1.67829906023141,-0.91533454981169,8.6771475321603,3.4735742530041e-33,0.518016858293477,PASS,
1128,CD44,Mɸ4-infiltrated,-2.15665473988537,-1.1459903095828,-1.12713956005225,-0.635806806845427,10.1966446431269,1.37884944051325e-74,0.5180167707817641,PASS,
1130,CD44,cDC2,-1.4365001616706,-1.08620248169229,-0.530127969463573,-0.229796004977159,8.13459136267543,3.49198371340929e-15,0.5179214972122076,PASS,
1133,PMEPA1,cDC2,-2.05498295454605,-1.43062490183973,-1.8401083334913,-0.98457810167928,6.86641725399899,8.42774932966625e-12,0.5177710836543638,PASS,
1134,TRIB2,Treg,-1.24120295612727,-1.18112509470609,-1.12096619030826,-0.429425546682159,8.51054817751953,2.5509971093196e-08,0.517736978858608,PASS,
1135,EXOC3L2,EC-tip,-1.96752688388084,-0.854334706870882,-0.250412936617154,-0.158418179354634,7.59123553778119,2.33095698334866e-95,0.5177284512188073,PASS,
1137,PPIF,Mɸ4-infiltrated,-3.60012120792916,-3.2875708402503,-4.35891306690858,-2.9547802121038,8.48692805254576,8.525441667038991e-219,0.5176818219718061,PASS,
1138,PLP2,Mɸ4-infiltrated,-0.793199518953024,-1.19998829926646,-0.890677236702317,-0.249298157565618,7.93336291090752,6.68654830811879e-24,0.5176809767541887,PASS,
1140,SEC61B,Prv-CCL19,-0.765549004433183,-0.818835665147214,-0.922152025977555,-0.0681074261498305,9.09013096326574,2.25630314632784e-18,0.5176734566832527,PASS,
1142,TP53I3,Prv-CCL19,-1.40897405329242,-1.1654736830794,-1.32355749529553,-0.532952972562244,8.31140646516328,1.50265263891114e-12,0.5176457609496635,PASS,
1146,C15orf48,Mɸ1-LYVE1,-2.4941663555402,-1.00593366788505,-0.540813716553757,-0.462767972554132,7.31711054533169,6.97855706268167e-96,0.5175785789475322,PASS,
1147,HIC1,Mɸ1-LYVE1,-1.83758780424796,-1.17811987934553,-1.01965820409431,-0.545630000634709,7.23003529179008,1.08755849495301e-27,0.5175605581852492,PASS,
1148,CCDC74A,Prv-CCL19,-1.06192886015624,-1.10898066307998,-1.31572132092569,-0.418230876641808,8.28231453314,1.33999351418991e-12,0.5175545757988765,PASS,
1149,CYP26B1,EC-aPCV,-1.26365841406829,-1.37043690569709,-1.37375841545673,-0.614438620943508,7.82797347795635,1.69112958085252e-05,0.5174685216876573,PASS,
1152,SMAD7,Mɸ4-infiltrated,-2.56026207683161,-2.58030907710381,-1.55811423120062,-1.55023951421734,7.74604357216595,1.70112126059687e-79,0.5173893785942657,PASS,
1154,EFEMP2,Prv-CCL19,-0.745377449885475,-0.836927209149327,-1.05249811578176,-0.122514212793169,8.64293487209415,1.16022862360589e-13,0.5173627606716991,PASS,
1158,PPP1CA,Prv-CCL19,-0.911475905107141,-1.08945692057637,-1.12564803955146,-0.312862259173474,8.38080098212796,1.49945806033881e-12,0.5172891755346107,PASS,
1161,TOX,EC-PCV,-0.383344730075173,-0.934827429743793,-0.904909007915192,-0.0303479209504802,7.9192391391943,2.8904941789951e-07,0.5172395642492895,PASS,
1163,MIS18BP1,Prv-CCL19,-0.0556753868465473,-0.903901643122886,-1.39492852479813,-0.0956751331292703,8.32226223755504,4.16316509139471e-18,0.5172286383172134,PASS,
1168,SRPX2,Prv-CCL19,-1.38973427028216,-1.4420036886558,-1.4900714771098,-0.724212575002475,8.23894528159033,7.675133457213761e-19,0.5171130955960835,PASS,
1169,CFL1,Prv-CCL19,-0.83244579525362,-0.819117810404614,-0.908191695576108,-0.0929973749614935,9.59853878388528,5.92919649737846e-22,0.5171055702318259,PASS,
1170,TMEM158,dS2,-2.03440787424601,-1.0142361590236,-0.850647352467633,-0.46787715655371,8.1407540165576,6.833708771430361e-47,0.5170998986042274,PASS,
1172,LAG3,Treg,-1.48479874883926,-1.103481070338,-1.31799622173666,-0.531977220756275,8.48792134141527,4.24915100322458e-06,0.5170227202661664,PASS,
1173,SH2B2,cDC2,-1.61266737271802,-0.906827360696921,-0.69754527757378,-0.262617281843194,6.90769647739179,2.19042085539433e-05,0.5170102467185521,PASS,
1175,GPR84,Mɸ1-LYVE1,-2.13056771540015,-1.28933995847491,-1.05137084370985,-0.691259708359543,7.26024750569638,3.60699649300581e-42,0.5169850062490955,PASS,
1178,KCNJ8,Prv-CCL19,-2.14106078085911,-0.611159265924439,-0.882312063551203,-0.31348703623081,8.87264570061857,4.46073093239059e-17,0.5169406908926258,PASS,
1179,KRT18,EC-PCV,-0.517280552726169,-1.43642210059749,-1.32691812288501,-0.455186341532414,8.06056227253432,3.03669113515439e-08,0.5168208356461611,PASS,
1180,PYCR1,Prv-CCL19,-1.11413609017167,-1.28655882710923,-1.27940375526652,-0.518302371362252,8.23023243816085,1.48542304735352e-16,0.5168142001441431,PASS,
1181,IRAK1,Mɸ4-infiltrated,-0.63840098789917,-1.08173055348484,-1.19236493493877,-0.272492506088992,7.91386079535743,1.11715813826956e-27,0.5167885116342177,PASS,
1182,CD22,cDC2,-0.746188923845142,-1.24798182979748,-1.30111701696312,-0.415563620194325,6.80129341276004,5.73676280089634e-08,0.5167798976696794,PASS,
1183,CSRP2,dS2,-2.05552610913079,-2.26750163869531,-2.54927759662927,-1.61226352262481,7.2331890159245,8.108458631142339e-56,0.5167661283977841,PASS,
1184,PPIF,cDC2,-1.53727090898494,-0.478197307835568,-1.15580555982487,-0.195107648501345,7.31791891128603,2.85808906831747e-07,0.5167506691087654,PASS,
1185,CALR,Prv-CCL19,-1.22398173966286,-0.848733961886336,-0.936385505454432,-0.223493702953485,9.15752787412059,9.63737987141454e-16,0.5167342715569376,PASS,
1187,PPIB,Prv-CCL19,-0.637511284172907,-0.702009500695848,-0.921720971470923,-0.0002266460635224,9.49986251004149,4.39894231260349e-23,0.5166865883339489,PASS,
1188,TAX1BP3,Prv-CCL19,-0.993494345461403,-0.841374920566451,-1.06292031194654,-0.205800355655758,8.46071135305136,1.0100027740418e-11,0.5166661906500206,PASS,
1190,EFEMP2,EC-PCV,-0.60703738941869,-1.43524541652097,-1.61229428052016,-0.574866451496446,7.94365360948962,5.97833528825682e-11,0.5166249587429697,PASS,
1191,TUBB6,Mɸ4-infiltrated,-0.908018039793237,-0.893895981570602,-1.15420227676359,-0.241222943454087,7.57308370149522,1.27465489240685e-20,0.5166101390654632,PASS,
1194,SMAD1,EC-tip,-1.17629189798398,-0.720280737803852,-0.810327269443252,-0.111445563309711,8.59726635570722,3.29434439184971e-81,0.5165297249190846,PASS,
1196,CDK1,cDC2,-2.8309172315508,-0.651541934465019,-2.1817397189574,-0.933669229186127,7.01874127793744,3.61107609737216e-13,0.5164795249859339,PASS,
1197,CD82,cDC2,-1.34793079169933,-1.12031270738605,-1.1801176593492,-0.470857314803464,6.817686397175,9.27076440414142e-06,0.516477955815594,PASS,
1199,TIMP1,EC-PCV,-0.902284897617689,-0.813745627260796,-1.16085756832471,-0.207137776802813,9.07421250164053,6.49332048278741e-16,0.5164283158534857,PASS,
1205,H3F3A,Prv-CCL19,-0.973936653168541,-0.994592376082359,-1.05778635703041,-0.281229143133407,10.3394232535094,1.77420285939803e-51,0.5162624225365599,PASS,
1206,SSR4,Prv-CCL19,-0.947626523851937,-0.702624407836187,-0.886912005633169,-0.077336781756346,9.19042834047734,6.12589980213505e-18,0.5162412334986497,PASS,
1208,RUNX1,Prv-CCL19,-0.5035197761294,-1.0523501785244,-1.20621408356605,-0.240478028408944,8.26991104987351,1.06254784854277e-12,0.516222289446242,PASS,
1215,IGFBP7,EC-PCV,-0.0282043214425918,-1.1689091006177,-1.27946961319509,-0.203432857219048,11.849150945843,1.47860197293141e-78,0.5160362758970047,PASS,
1218,HLA-DQA2,Mɸ4-infiltrated,-1.36854423680124,-1.264872641999,-3.56586703121917,-1.31561407779733,7.93993092144988,1.1442279714534e-84,0.515963531957309,PASS,
1219,C9orf16,EC-PCV,-0.696591573556232,-0.756593475564319,-0.862857708851796,-0.0383338127092344,8.61103695169964,1.12548543093479e-05,0.5159520439245593,PASS,
1220,PLK3,Treg,-1.31743679639207,-1.10533654828968,-1.0582780838124,-0.426515465984355,8.51798089550855,2.60601477957358e-07,0.5159265433009309,PASS,
1221,KCND2,Prv-CCL19,-1.08531345923754,-1.00050282413996,-1.08531345923754,-0.328441408631301,8.22434961154265,9.552253859004451e-14,0.5158962118868643,PASS,
1222,SEPT6,Prv-CCL19,-1.31640985443847,-1.18408253400942,-1.29578088546704,-0.542778371280436,8.30767709528748,8.18845719389655e-14,0.5158790153970727,PASS,
1223,SGIP1,Prv-CCL19,-2.08045403945983,-0.805509840476177,-0.834867470950442,-0.398805116386426,8.46808465101251,7.93034652222346e-14,0.5158284974826256,PASS,
1224,H2AFJ,EC-aPCV,-0.145120072433782,-1.0766089702052,-1.06841742629718,-0.123727457039157,8.03864187913616,2.75431583055419e-08,0.515816747852797,PASS,
1227,FOXP2,EC-aPCV,-0.960265101736868,-0.960265101736868,-0.882670492629075,-0.21468048901799,7.82908652570366,7.15146185885153e-05,0.5157006236153647,PASS,
1230,TMEM176B,Mɸ1-LYVE1,-2.64524105569472,-1.04222673159239,-0.903070651228229,-0.673455014149339,8.83365138549565,4.42476311301988e-108,0.515655702138617,PASS,
1232,ANGPTL2,EC-tip,-1.98849012516822,-0.923505106454172,-0.211798207989211,-0.22954427353219,7.56554614101011,2.30011940890171e-81,0.515585401901995,PASS,
1233,SERPING1,EC-tip,-1.29569863549799,-1.43767502990518,-1.44565612202133,-0.711445682139142,8.1306583148265,9.23661298792208e-52,0.5155852253374877,PASS,
1235,SPOCK1,EC-tip,-1.29365073101338,-1.35655595519352,-1.59353494075705,-0.721475018314022,7.46745106593027,5.11474267596392e-32,0.5155572886838196,PASS,
1239,MTMR11,EC-aPCV,-0.547108829514199,-0.859671112352848,-0.876600668392309,-0.0659338498052484,7.83064222740992,2.24988084463684e-05,0.5154459204447849,PASS,
1242,MTRNR2L12,dS2,-0.319911958993775,-1.06821404658935,-0.991149303711736,-0.147884568369742,10.040573502969,7.78556831234389e-125,0.5153785118560554,PASS,
1243,CEACAM1,cDC2,-1.84498164695805,-1.0056552007117,-0.705675196628225,-0.403584259405818,6.87425710871677,9.53377156011859e-06,0.515337761213936,PASS,
1244,TSC22D4,Prv-CCL19,-0.856600358301122,-1.5212459474199,-1.49055576252736,-0.662184849075551,8.39838162431582,3.06140827758812e-21,0.5152900218978715,PASS,
1245,LXN,EC-tip,-1.88402257183598,-0.94983303389894,-0.852261072454493,-0.436070739586295,7.71559606117773,2.53676319873397e-75,0.5152890570180365,PASS,
1247,NDRG1,Mɸ4-infiltrated,-1.94582660629769,-1.39645149174364,-0.19494775139445,-0.44512636118512,8.3449419223885,7.057321522948499e-31,0.5152326374589559,PASS,
1253,PLA2G2D,Mɸ1-LYVE1,-1.83212146786115,-1.09369390689178,-1.06498033030468,-0.568744425377091,7.21126794527039,2.96503995378431e-33,0.5149067004933229,PASS,
1256,PTK7,EC-PCV,-0.879047147509313,-1.14824461973102,-1.11279324549945,-0.379541561238915,7.94134414918503,0.000415235747057,0.5147299292788634,PASS,
1257,CR2,B cell,-1.40458395347558,-0.800590123285258,-0.4544096408489,-0.126770251561797,8.41362405028838,6.93937059446026e-16,0.5147236973613468,PASS,
1262,ARPC1B,Prv-CCL19,-1.05963553769037,-0.882602833130972,-1.09105119431377,-0.293274577003609,8.4924352569103,1.1362131953363e-11,0.5146332788648896,PASS,
1264,HLA-DOA,Mɸ1-LYVE1,-1.418259799224,-0.608409540738376,-0.600713882769486,-0.0896263042698442,7.93646927835981,2.96416006431794e-33,0.5145996872017681,PASS,
1265,APOE,cDC2,-0.227650391631443,-1.3465246846165,-0.240918057054605,-0.023757515110368,6.94700206752013,3.45362860956689e-16,0.5145925597746719,PASS,
1268,CD14,Mɸ1-LYVE1,-2.04251026897075,-0.612703961510718,-0.853593769992112,-0.329155505811199,10.964547810765,1.88397749565628e-123,0.5145593216589944,PASS,
1269,DYNLT1,Prv-CCL19,-0.135172670320743,-0.981938077029057,-0.89490851604218,-0.0459275662437331,8.68110365466763,5.22300888196826e-17,0.514553929559674,PASS,
1273,C15orf48,cDC2,-2.9479737057179,-1.38255680916302,-1.58026228111806,-1.14360109329541,8.68179510804392,2.89729860754214e-10,0.5144809907525407,PASS,
1274,AUTS2,EC-tip,-1.23444464330961,-0.647033398787738,-0.819240237946723,-0.139229813118577,7.40437827623638,3.43153241450204e-37,0.5144131544998687,PASS,
1275,CD81,Mɸ1-LYVE1,-1.10020391644585,-0.814180808262032,-0.695945586653185,-0.145125821001152,9.6636105560449,6.417173814767129e-50,0.5144029701880009,PASS,
1278,RUNX3,Mɸ4-infiltrated,-2.48818994633003,-1.74734322618917,-1.49325629481453,-1.1780504520896,7.97198949144644,9.15212262061799e-40,0.5143191112589405,PASS,
1281,TSC22D1,cDC2,-0.858644430854765,-1.25133840523253,-1.48675663423508,-0.553782196132721,6.89289572185486,3.66669240539694e-11,0.5142688973118212,PASS,
1285,C1S,cDC2,-0.105086336244721,-1.21015749828988,-1.15442766361951,-0.241207630605017,6.80421108429702,5.983729594914129e-11,0.5141268864858457,PASS,
1286,IGSF6,Mɸ1-LYVE1,-0.487053525225064,-1.01946940409929,-1.4829373829721,-0.354460275511092,9.15762524291712,7.59590645601985e-43,0.5141119514971854,PASS,
1289,SNX7,Mɸ1-LYVE1,-1.53943593184138,-0.858985781168196,-0.862300160674889,-0.336159292937516,7.23332422514147,2.26985079345694e-23,0.5140763874891572,PASS,
1291,IL4I1,Mɸ1-LYVE1,-3.13440079252774,-1.23052215439715,-0.493881168693567,-0.772605997069221,7.59243679869779,3.08187007780185e-122,0.5140438858473274,PASS,
1292,NFKBIE,Mɸ1-LYVE1,-2.14873644094589,-0.944018455880388,-1.34366077601654,-0.681705638801782,7.34096333428837,1.24925215543464e-47,0.5140201993670112,PASS,
1296,CSMD1,EC-tip,-1.47103729727639,-1.18495791794368,-1.46092923076976,-0.670164533563631,7.17344131587193,2.63495212506024e-39,0.513943686611906,PASS,
1297,CCRL2,Mɸ4-infiltrated,-1.48889640108113,-1.1555864933024,-1.34543113035417,-0.623531089856218,7.51953590217111,2.43721028904201e-22,0.5139382960386525,PASS,
1298,TCF4,Prv-CCL19,-1.15426765411549,-0.83446958903364,-1.06075880561379,-0.298297917153142,8.95307089162833,2.03863558741522e-14,0.5139218227222029,PASS,
1299,BACE2,EC-PCV,-0.927565749391198,-1.59903079588038,-1.60956395439233,-0.779147778223689,8.25934860891476,1.3204785124735e-14,0.5138789352659404,PASS,
1300,C2orf88,cDC2,-0.984710692731787,-0.884375492896067,-0.576814721133557,-0.122049521864701,6.77200444714327,9.22940473589996e-09,0.5138601471808875,PASS,
1301,FSCN1,cDC2,-2.13372626570878,-1.31525509238987,-1.43204844224518,-0.882467889325394,6.98229987058063,1.00106041465515e-08,0.5138599117435162,PASS,
1303,EPB41L3,EC-tip,-2.79738713741548,-0.714148834348915,-0.58795284643581,-0.485643036358783,7.72817412464872,3.5001254667361e-120,0.5138332212690112,PASS,
1305,LEPROTL1,EC-PCV,-0.719408279946891,-0.944581662929866,-1.14410807197642,-0.272312677487086,8.09819834228811,0.0002612533837732,0.5138169799362947,PASS,
1306,MMP7,dS2,-2.75758806501345,-2.47477322783496,-1.82507940041439,-1.68398898981086,7.08346579339291,4.44880184887489e-54,0.5137369041294734,PASS,
1310,TRIB2,Prv-CCL19,-0.157945398904012,-1.181926039504,-1.54059258570088,-0.380226891580205,8.28501770564919,2.00613893736e-19,0.5134711851181777,PASS,
1314,DEFB1,EC-PCV,-1.18884781510753,-1.18884781510753,-1.1761821887823,-0.520700077996389,7.91750919851923,3.17186784167301e-08,0.513421023836744,PASS,
1319,UCP2,cDC2,-1.76856697855595,-0.930485644030457,-0.850119266388554,-0.435956157269656,8.64972862830856,6.7489066394916e-18,0.513347730783651,PASS,
1321,STRA6,Prv-CCL19,-1.54174908550774,-1.37950127733886,-1.43805497927148,-0.781804067540501,8.23588097038763,9.71339043724104e-18,0.5132902103713805,PASS,
1326,CTSH,Treg,-0.806498108245516,-0.89178754677392,-1.38668390296888,-0.362469113798646,8.46575433490682,4.9421974031793e-07,0.5130916784982782,PASS,
1329,BID,Mɸ4-infiltrated,-1.3073666102587,-0.858728578561925,-1.40587289578389,-0.476941708329649,8.05380370229833,6.048151350156139e-36,0.5130276822150533,PASS,
1339,BEX5,EC-tip,-1.70027163084613,-1.12669290607344,-1.64351802630528,-0.778040892435932,7.34336721327789,7.64657410941445e-54,0.5127490679954356,PASS,
1340,EBI3,Mɸ1-LYVE1,-2.06787580620553,-1.3284020253244,-1.51271529608743,-0.917255976197975,7.36156573405379,1.15050629363087e-27,0.5127485346825349,PASS,
1346,NR2F2,cDC2,-0.0956640227490931,-0.95786669144665,-1.19377032891755,-0.163209777092837,6.82348354159578,1.80679842936067e-08,0.512686163471777,PASS,
1349,QPCT,EC-PCV,-0.310051542997108,-0.992565540863127,-0.911480955041018,-0.142262384645863,7.9250876799533,4.07458935095824e-05,0.5126215027902505,PASS,
1350,RGL1,EC-aPCV,-0.249078615918003,-1.35798887710853,-1.24846374553824,-0.4078451415052,7.88371932831621,9.729675535652721e-09,0.5125904294340003,PASS,
1351,CP,cDC2,-0.817098110868332,-1.03694926855638,-1.28235922985736,-0.409463191993491,6.79461932864055,2.33573045810426e-09,0.5125734697708323,PASS,
1354,PRDX4,Prv-CCL19,-0.44685272891313,-0.73043429759426,-0.945391796294046,-0.0671660103494839,8.67150043188622,1.67740829201734e-11,0.5124729733030232,PASS,
1356,ESAM,EC-PCV,-0.99931407417148,-1.30700781253019,-1.21292983783421,-0.559440122923562,8.67593048149379,1.48958833215907e-11,0.5124495090687279,PASS,
1358,BTG1,EC-aPCV,-0.0229610847835111,-1.25024454994914,-1.2061175508521,-0.291452312872754,9.54679566354391,5.47498799241255e-32,0.5124178323039333,PASS,
1363,RCN3,Prv-CCL19,-0.993947180322763,-1.40021572899515,-1.45847135205353,-0.682537425912919,8.42303168620645,3.19507737367127e-21,0.5123116255285373,PASS,
1365,IFNGR2,Prv-CCL19,-0.980499360046668,-1.51599080601303,-1.5619640609247,-0.766176525754811,8.35820691250732,1.28088267142312e-19,0.5122806190450044,PASS,
1366,HSPA8,Mɸ4-infiltrated,-0.894113354769882,-0.537689882339686,-1.00649182037609,-0.111470000320499,9.2029150558724,5.05808389241138e-32,0.5122448517642072,PASS,
1368,VWA1,EC-aPCV,-1.39662133502453,-0.609925930650446,-0.843847879949749,-0.216668549371579,8.6483697165087,1.403075143202e-07,0.5121795395016601,PASS,
1369,HLA-DQA1,Mɸ1-LYVE1,-2.77333402556094,-0.994315391583895,-1.09464540561612,-0.8060477226134,9.85883269199627,3.58926311475134e-109,0.512165089647774,PASS,
1371,TNFRSF1A,Treg,-1.670022537741,-1.05446078806332,-1.19414794926027,-0.604535014184635,8.43030113668363,9.56989497612393e-05,0.5121213029288955,PASS,
1373,GABRP,B cell,-0.922270421640633,-0.842227821377345,-0.922270421640633,-0.237489975039907,8.30681073312531,2.17746368907775e-14,0.5120818351822325,PASS,
1378,COL6A1,Prv-CCL19,-1.69506678758197,-1.06053866336625,-0.968696405678882,-0.545252213640383,9.8560119481906,2.18455819632622e-27,0.511882142029282,PASS,
1381,FBLN1,cDC2,-0.948495049429174,-1.02291840100106,-0.893828827066245,-0.32912078773071,6.82748421151402,2.48415069368955e-06,0.5115789895808838,PASS,
1382,ADAM8,cDC2,-0.954197926925419,-0.765400023539246,-0.462232355483214,-0.0702975608051123,7.58334600234069,2.46866495351932e-07,0.511578310040321,PASS,
1384,EPB41L4A-AS1,dS2,-0.533038873343095,-0.694906424525423,-0.890728061149774,-0.0760470851904049,7.87851630746962,3.64873334766956e-45,0.511461479366724,PASS,
1388,PCBD1,EC-tip,-1.12504402145311,-0.438685086351317,-0.813974929894947,-0.0770942124390221,7.52251222609381,3.499542249027e-39,0.5114008021135089,PASS,
1391,DNAJC5B,cDC2,-2.7267491450895,-1.00784337532147,-1.26088622101441,-0.868362979696031,6.94786376280286,1.57995936168206e-09,0.5113619404220761,PASS,
1394,CXCR3,Treg,-1.43764723795356,-0.70399483490239,-0.446879450408856,-0.159687060606491,8.52102936832427,0.000228630594772,0.5113185064467003,PASS,
1398,MYDGF,Prv-CCL19,-0.794261346813274,-0.970304134779826,-1.02070772589467,-0.314436242910312,8.708054150798,1.97684380102842e-13,0.5112623485713748,PASS,
1402,ZBTB7A,Mɸ4-infiltrated,-1.54017280471827,-1.1077601549376,-1.09012159672055,-0.582218125138166,8.24865650630916,5.67319917150698e-33,0.5111653937585713,PASS,
1404,TIMM13,Prv-CCL19,-0.556051208730185,-1.05149967777003,-1.0794031444568,-0.31518889908619,8.56391911457549,2.64896681882658e-13,0.5111485880473973,PASS,
1405,CLEC14A,Prv-CCL19,-2.58120372132349,-2.69618453302995,-2.58975656016125,-2.01269993639473,8.26559466891428,6.70812675772355e-54,0.5111280373943017,PASS,
1413,HOPX,EC-tip,-2.63420967384365,-0.597715970714097,-0.832521770920672,-0.529207258588013,7.3618000415336,4.70580309609506e-106,0.5108793943237026,PASS,
1414,EVL,EC-PCV,-1.12203505254697,-1.22215736680883,-0.935066395268249,-0.490216252406963,8.36196742702862,4.21246475871598e-06,0.510873711326937,PASS,
1416,TMED9,Prv-CCL19,-0.957192827412941,-0.849697080351989,-1.07339970152847,-0.323677109204553,8.56009246954805,1.2501091431369e-11,0.5108297854809862,PASS,
1417,CD40,cDC2,-2.49300307769757,-0.776330470575575,-1.40790296970419,-0.763217942701561,7.35141024355745,1.96843787740966e-09,0.5108145881803198,PASS,
1423,RARRES1,cDC2,-1.46587746766858,-1.01924662426504,-1.07402688022886,-0.526630960158247,6.79315592814875,5.75764902053919e-06,0.5107280599114102,PASS,
1424,CTSB,Prv-CCL19,-0.897650746767968,-1.29904153800189,-1.44162369780259,-0.635871534119388,8.55136405181059,4.23182540521042e-20,0.5107227377522926,PASS,
1429,BST2,EC-PCV,-0.0982039676286591,-1.35198158171884,-1.49100545627728,-0.483387986276251,9.22149057008664,5.830898773572e-37,0.5106456192140343,PASS,
1434,AGR2,cDC2,-1.06739873524998,-0.958774196865692,-0.861263067669796,-0.338403741152051,6.76768929051045,4.12900946110011e-06,0.5105433846264085,PASS,
1435,ANPEP,Mɸ4-infiltrated,-2.03700642559051,-1.99634253696629,-1.71051153419428,-1.31081830619693,8.9870438568946,6.46423342118377e-82,0.5105185162401815,PASS,
1440,FOSB,Mɸ4-infiltrated,-1.58195078600847,-1.24319884940593,-2.39556098077701,-1.07936363557314,8.39000568884611,8.448960647042631e-47,0.510386563182768,PASS,
1443,RUNX3,B cell,-0.974755826998736,-0.831642901073866,-0.817339279270612,-0.248336687634372,8.5082078410529,1.69859050390814e-11,0.5102897227116734,PASS,
1446,DLX5,Prv-CCL19,-1.34635291267556,-1.19712838489933,-1.60381824142062,-0.757354822265607,8.25523299744728,3.03945289337354e-16,0.510200951518653,PASS,
1450,ZMIZ1,Mɸ4-infiltrated,-1.56123566979446,-1.52953654508574,-1.26764639283707,-0.854680716953699,8.0011049849797,1.72319983652373e-39,0.510135027657489,PASS,
1451,HAPLN3,cDC2,-1.34347222906608,-0.818123119319305,-0.31902122173698,-0.173778829755874,6.86021543716997,1.3123677403166e-05,0.5101310291481364,PASS,
1454,OCIAD2,Prv-CCL19,-0.578631424096719,-1.15430532413424,-1.07533419837456,-0.388728734042712,8.23608666605318,4.838058973002639e-12,0.5100416066903292,PASS,
1455,IGFBP7,dS2,-1.01982815286101,-1.23952068029311,-1.01267499843509,-0.514172929373046,10.5798650674435,2.92917270785246e-72,0.5100378049545674,PASS,
1456,FAM43A,EC-aPCV,-0.882842446493888,-1.440377943415,-1.02921642754854,-0.578732441981929,8.27396188601796,1.41459193935463e-09,0.5100134186121545,PASS,
1457,THBS2,Prv-CCL19,-0.111686876185446,-1.39841504919762,-1.89313156176066,-0.6472958717409,8.32725903235479,6.258661080284239e-30,0.509991649378613,PASS,
1466,STEAP4,cDC2,-0.659434943717633,-1.04892518639462,-0.420234968986444,-0.153557352725194,6.81704054921713,1.35079798185139e-05,0.5098631549215686,PASS,
1467,CXCR6,Treg,-0.92917100257269,-0.679640005807582,-0.388360034787685,-0.038093166762476,8.93177729816362,0.0009277617262495,0.5098582828438535,PASS,
1469,PHLDA1,Prv-CCL19,-0.578446399548526,-0.724417707811971,-2.29045412180397,-0.580689097879422,8.55623408567181,1.41726570142095e-33,0.5097656876720508,PASS,
1471,DTX1,Prv-CCL19,-1.29258800015403,-1.38955282951061,-1.30556472577508,-0.747554435542265,8.2293727062226,7.434709409841101e-16,0.5096529133702852,PASS,
1474,IRF1,Treg,-0.744415619744552,-0.837986565965863,-0.706636857315819,-0.17439997566162,8.86125270578519,1.63714114311288e-05,0.5096040252321842,PASS,
1480,ALDH1A1,dS2,-0.813269277613531,-1.01016131239615,-1.49313935643612,-0.522438368198182,8.36939061547912,3.67898006380285e-51,0.5094864948594464,PASS,
1481,TMEM176A,Mɸ1-LYVE1,-2.39874266085368,-1.04369113791035,-0.804008517778474,-0.695726572912017,8.1917055275175,2.85363667158211e-79,0.509478484647501,PASS,
1482,ITGA2,EC-PCV,-1.70117707672342,-0.322114145379982,-0.262992085749287,-0.0271783028276882,8.13919848912752,0.0009011607557678,0.5094190144257739,PASS,
1487,IER3,Prv-CCL19,-2.63351926980826,-3.36542409162525,-2.94998110559064,-2.44875224785856,8.49681416973784,3.18455788316878e-102,0.509320978075593,PASS,
1488,MMP7,Mɸ1-LYVE1,-1.57457337792843,-1.22071049945802,-0.441338154462708,-0.469468231584469,7.21981571556313,2.01013081304704e-30,0.5093183227699944,PASS,
1491,STX1A,Mɸ4-infiltrated,-1.97847793564663,-1.86226755976174,-1.77396537419181,-1.27510860716533,7.31278867201309,5.56832953780419e-38,0.5092836211101708,PASS,
1495,TRIB3,Mɸ4-infiltrated,-1.5513952463353,-1.58328151268166,-1.58363131299232,-0.991228211665996,7.29556968917115,3.23904237930319e-25,0.5092140840939618,PASS,
1497,EGR3,Mɸ4-infiltrated,-1.12862856085305,-0.561843349372992,-1.74970528499769,-0.479077024428151,7.36854323615308,1.1904709639976e-26,0.5091873938898888,PASS,
1499,ITGA5,Mɸ4-infiltrated,-1.56536132048175,-1.69543506654943,-1.59055986203557,-1.04822511370587,8.19293029031319,3.30487029421748e-51,0.50914806642091,PASS,
1501,EIF4A1,Prv-CCL19,-0.18127628900037,-1.00448426552285,-1.02772243910846,-0.227072260721825,8.82862576333843,8.04230615825765e-17,0.5091308711137373,PASS,
1502,GAS6,EC-PCV,-0.911037429857786,-1.10384512151855,-1.22955325498586,-0.512017757071317,8.50703621812566,2.71733300007645e-07,0.5091301441138462,PASS,
1504,PAFAH1B3,EC-tip,-1.045063954514,-0.414575379132193,-0.827107441863948,-0.101548601337614,7.4612279846399,8.629012700918201e-32,0.509063052090118,PASS,
1505,MRC2,cDC2,-2.1062872974727,-0.260350036690654,-1.23709912087231,-0.413526357036779,6.97230188704754,4.330206433691731e-09,0.5090432290147426,PASS,
1510,ICAM2,EC-aPCV,-0.484221897445326,-1.13104929123694,-1.09760580622529,-0.383141564710158,8.32033695231708,1.84211182334153e-05,0.5089842044105041,PASS,
1512,SERTAD1,Mɸ4-infiltrated,-2.0064442558499,-1.74249135391958,-2.30605682937294,-1.39787120657024,7.64163891326556,1.2152121701497e-73,0.5089490278608283,PASS,
1513,CERK,Mɸ4-infiltrated,-1.31744875040606,-1.37848297230225,-0.893648759303333,-0.630969332005696,7.57913610962493,8.62533431896402e-21,0.5089370259385005,PASS,
1519,EPSTI1,Prv-CCL19,-0.670768203366873,-1.31848584543771,-1.34809918704876,-0.594795189748949,8.25819841360103,3.96729509139654e-17,0.5088475210923995,PASS,
1520,PIM2,Treg,-1.27367506414582,-0.78561167282883,-0.935310819102919,-0.366306726434425,8.72621367677821,0.0001745335890582,0.5088073814226886,PASS,
1521,IL33,EC-tip,-1.34242758255864,-0.665757615303431,-0.702390389786281,-0.25485269819326,8.21376744140256,7.41166820091348e-52,0.5087571800220104,PASS,
1525,PNP,cDC2,-1.10651628966831,-1.42921743521444,-0.919420385686767,-0.616293622811905,7.09054685256786,4.230592921334869e-11,0.5087009572733998,PASS,
1527,TNFRSF10D,Mɸ4-infiltrated,-1.55392746283576,-1.44684137591559,-1.29246341432846,-0.849179894344843,7.39714606439702,9.93929597253267e-23,0.5086031034729566,PASS,
1528,TRBC1,Treg,-0.949305462600948,-0.765806174092447,-0.102936752479802,-0.0191260883595785,10.5322358259818,5.01531183379149e-06,0.5085832550987219,PASS,
1532,ID1,cDC2,-2.19954587749104,-1.74414879139192,-2.03967768309259,-1.36725479777239,6.85291992420379,2.11311571413616e-17,0.5085325067949731,PASS,
1534,HLA-DMB,Mɸ1-LYVE1,-0.983584871952453,-0.516598169283497,-0.525067850160485,-0.0493668203454599,9.35033508652992,3.11917046839777e-46,0.5085161832524278,PASS,
1535,ALDH1A1,EC-aPCV,-1.75736879933872,-2.97259331906536,-3.06204244051654,-2.12065340980724,7.84182850604181,3.24934445110225e-29,0.5084935406485211,PASS,
1537,WARS,Mɸ4-infiltrated,-1.76380642696312,-0.641773577340215,-1.04241121545707,-0.457820440662669,8.19688389177257,2.83989041109513e-22,0.5084381167923566,PASS,
1543,CD6,Treg,-0.887977069156007,-0.722146079556856,-0.826906972089324,-0.220126148266234,8.64757546715516,0.0004034585364174,0.5083540195474715,PASS,
1545,PNP,Mɸ4-infiltrated,-1.65596142813125,-2.3706272677157,-2.52410052928226,-1.67075351732956,8.11884197885667,2.20046857240255e-111,0.5083451275794794,PASS,
1547,FTH1,Mɸ4-infiltrated,-1.22093358833402,-0.757000002305078,-1.00333454816797,-0.372221742444985,14.079379174895,7.917528963265201e-47,0.5083004691503532,PASS,
1552,PROCR,EC-tip,-1.61050450333054,-0.855498877902492,-0.789152724089506,-0.443139086787477,7.79582426458819,2.15998353444747e-63,0.508224917120142,PASS,
1553,CLSTN3,EC-tip,-1.48934764316879,-0.567814474596475,-0.671632195392643,-0.246136902388409,7.58438102916767,4.05472323494979e-56,0.5082233215792779,PASS,
1554,TMED9,EC-PCV,-0.560022918984304,-1.07131262411214,-1.014590812886,-0.363438056176417,8.34350396239213,8.77272209548985e-06,0.5081938963838584,PASS,
1555,RPL4,Prv-CCL19,-0.499576058974405,-0.866409157859163,-0.752710008151781,-0.173090118206245,9.68181593254507,7.00462787296403e-15,0.5081835823148283,PASS,
1556,IL21R,Mɸ1-LYVE1,-1.29667206391369,-0.732058515688568,-0.212447973375793,-0.130891723438629,7.22408671870897,4.64821017119635e-32,0.5081573063247035,PASS,
1566,AC005280.2,Mɸ4-infiltrated,-1.48980599428837,-1.83327643071751,-1.89027044824821,-1.20356417503261,7.43567339598469,3.36277924694794e-46,0.5079773428807344,PASS,
1567,SEC61G,Prv-CCL19,-1.02333886110843,-1.07138741447029,-0.959236572365011,-0.460662216568276,8.94854939234327,5.85028313367227e-16,0.5079717482784496,PASS,
1575,PSME2,Mɸ1-LYVE1,-1.89226053723053,-0.231569620106332,-0.692535354586956,-0.20200816976402,8.18565027377347,1.85927059835926e-101,0.5078475602303699,PASS,
1576,TINAGL1,Mɸ4-infiltrated,-2.07983018855806,-1.59621473115485,-1.66968967629013,-1.16919500909094,7.32198377560196,9.504935055318149e-36,0.5078364506528408,PASS,
1578,SRSF9,Prv-CCL19,-0.356587537262088,-0.81759871347845,-0.810232698945966,-0.144416003370172,8.81027979308037,1.71909410416488e-11,0.5077288441100006,PASS,
1580,HOMER3,Mɸ4-infiltrated,-0.982414536006261,-1.14602416007617,-1.15633143443239,-0.551474707196542,7.73325077401597,1.52665566020781e-21,0.5077150531908443,PASS,
1581,GBP4,Mɸ1-LYVE1,-1.88876164444027,-0.261098994578515,-0.568955670090972,-0.178932273757894,7.5153157734065,7.15077736946574e-64,0.507690016995741,PASS,
1583,LPAR6,EC-tip,-1.44810390375816,-0.290547304526355,-0.390258021198528,-0.0319414820269613,8.42612792439305,3.62020735324978e-96,0.5076778317669669,PASS,
1584,HMOX1,EC-aPCV,-0.276625775436947,-1.4474777126167,-1.36625290059847,-0.586204947308256,7.86105398655408,2.73695676821886e-10,0.5076756486868315,PASS,
1586,EMP2,EC-aPCV,-0.257914461189149,-0.695691774320221,-0.704144279468674,-0.033981946615385,8.75784978700988,0.0001756402718729,0.507623928234884,PASS,
1591,MCOLN3,Prv-CCL19,-1.38075438291932,-1.33618481634167,-1.38075438291932,-0.804510310977247,8.22615721555104,3.84500586985813e-17,0.5075275379780843,PASS,
1597,CNPY2,EC-tip,-0.695460681121114,-0.640292030791429,-0.584629325262616,-0.0798304276844213,8.18484894885824,6.50032311144496e-33,0.5074264060330006,PASS,
1599,ARHGDIB,EC-tip,-1.43035166291642,-0.380890695745192,-0.32018325688843,-0.0529653958638879,8.1162078282914,2.44908713850454e-84,0.507399285956267,PASS,
1600,PRSS12,Prv-CCL19,-1.20436479422879,-1.32794042109474,-1.32794042109474,-0.745092786227293,8.22539850253649,2.72216803137271e-20,0.5073991696448376,PASS,
1602,SLC7A5,Mɸ4-infiltrated,-1.20459498964678,-1.32875137997747,-1.86501897348161,-0.913667204059615,7.5794048843893,4.246498907097959e-34,0.5073255400866501,PASS,
1603,FOSL1,Mɸ4-infiltrated,-1.43671941504558,-1.39921527266728,-1.86171692777392,-0.998797460695815,7.31888717889981,2.48990597161117e-29,0.5073130661112848,PASS,
1607,PLOD2,Prv-CCL19,-0.0293902687736554,-1.10191022598414,-1.05851728771093,-0.283276057283118,8.30294061140997,5.95533577091993e-12,0.507246710581181,PASS,
1609,CHST7,EC-tip,-1.58123684432719,-0.994649508464024,-1.01085488765074,-0.58911001653325,7.51933756923868,5.08127449773338e-53,0.5071516218651556,PASS,
1612,IER2,Mɸ4-infiltrated,-1.28361291349744,-1.468635405775,-1.67227067393944,-0.939112463490595,8.48450721237449,3.02907316392896e-52,0.5070803648149663,PASS,
1613,TGFB1,EC-tip,-1.53184794222365,-0.852784613418284,-0.619378830048628,-0.392393352954087,7.98593668377494,1.03876303125794e-74,0.507068293668069,PASS,
1615,HOXA9,EC-tip,-1.32772898299406,-0.514225188540116,-0.219094606838818,-0.0656982357834463,7.19361296657696,1.55232767856712e-42,0.5070229191988771,PASS,
1618,MYO10,Mɸ4-infiltrated,-1.62527615476196,-1.43303216933996,-1.77758919241249,-1.03674384051033,7.31745394141755,2.24723012508643e-30,0.5070122271390616,PASS,
1619,NOX4,EC-PCV,-0.477382124663055,-0.746024126346742,-0.785795154675867,-0.148244386127896,7.91789012917994,0.0003367173324677,0.5070120032639008,PASS,
1620,IRF1,B cell,-1.00171021799594,-0.459663306301615,-0.624213649025921,-0.0920648633656525,8.73132469466487,6.495653835595011e-09,0.507003773652744,PASS,
1621,IL1B,Mɸ1-LYVE1,-2.16603081497545,-1.0953894145385,-0.659928189668742,-0.664419386956921,7.35508118434996,1.51683235526656e-39,0.5069794843328709,PASS,
1622,SURF4,Prv-CCL19,-0.832994225321191,-1.17035099969922,-1.36579668084012,-0.606224875919302,8.43194280658343,8.62282452326396e-16,0.5069714275042588,PASS,
1627,FAM43A,Treg,-1.02985309169594,-0.605482334730383,-0.831089230121594,-0.231519454701158,8.37775438332672,0.0015682036044888,0.5069286406983237,PASS,
1628,OCIAD2,EC-tip,-1.56993603790605,-0.781084044362515,-0.999096995360973,-0.491156813224956,7.83451270340228,5.645271680230359e-72,0.5069027873851912,PASS,
1629,ID3,cDC2,-1.444389777599,-1.38767462094079,-0.571748868131215,-0.601515148777307,6.95442061513707,2.05268372642847e-10,0.506861594810302,PASS,
1632,FHOD1,Mɸ4-infiltrated,-1.10549739373899,-1.30918926606324,-1.14490200832609,-0.666104613649529,7.59870799086581,1.26428800397049e-22,0.5068471879144868,PASS,
1634,LINC00461,EC-aPCV,-0.259686124946965,-1.12499318498173,-1.1154786096368,-0.374848125818164,7.82936488499621,4.35062925882342e-19,0.5068234353675098,PASS,
1637,ZBTB43,Mɸ4-infiltrated,-1.13598025207463,-1.48016617164575,-1.36024732674193,-0.818054667110449,7.56519398924123,1.71789265072801e-27,0.5067713024340134,PASS,
1640,AKR1A1,Mɸ1-LYVE1,-1.08211680737706,-0.771006096462183,-0.769519879066862,-0.303110430334179,8.35859810561473,1.46004767042912e-28,0.5067464502852427,PASS,
1641,BEX3,EC-aPCV,-0.0882998672012762,-0.918447912450064,-0.997036746738289,-0.205714886124589,8.28267234709624,2.91607744273706e-10,0.5067362696294098,PASS,
1643,MAP1B,EC-aPCV,-1.06418439908478,-1.75365572654263,-1.74897089112073,-1.04433371634051,7.87913989737098,6.88429011787772e-06,0.5067182589749214,PASS,
1644,MAP2K3,Mɸ4-infiltrated,-1.70597586438557,-1.85725588521574,-2.34531858815353,-1.42379952741673,7.74680071369188,5.3076009994004e-76,0.506671461620107,PASS,
1645,NTPCR,EC-tip,-1.14866282340508,-0.877478541631638,-0.807443033200495,-0.380248665264857,7.48584933911592,8.52406781079416e-33,0.5066675246393086,PASS,
1646,UNC5B,Prv-CCL19,-1.3992936825285,-1.34458431189526,-1.45456174301882,-0.850189706072257,8.2339830114817,2.95755503275773e-19,0.5066642245151846,PASS,
1647,CASP1,Mɸ1-LYVE1,-1.19553165620938,-0.449715605886828,-0.582929492445298,-0.128254486372603,7.81500732320416,2.26299651159578e-29,0.5066368901260105,PASS,
1652,NKG7,cDC2,-2.95762542792282,-1.59286074821664,-1.16882008326989,-1.23410297612581,7.0204218648211,3.16043462896226e-13,0.5066111286044254,PASS,
1653,KCNK13,Mɸ1-LYVE1,-1.5059791113493,-0.628462584632546,-0.80360303981459,-0.352201624369819,7.22837261785453,1.59876911062401e-25,0.506591624312506,PASS,
1654,ALPK3,EC-tip,-1.32179868333962,-0.499236876145366,-0.275958104877916,-0.084980806758239,7.27878267643901,1.99071597725537e-37,0.5065861963321874,PASS,
1657,IL21R,Treg,-1.61951328804485,-0.39939753190102,-0.101804223043972,-0.0562328018435936,8.47846547759112,0.0003894556514908,0.506525367627253,PASS,
1658,FOXP1,Prv-CCL19,-0.262982839059807,-1.29956086660534,-1.06701230367289,-0.445770824456256,8.73888139948451,2.53714423534759e-17,0.506471038455743,PASS,
1660,CD24,EC-aPCV,-2.80235975111059,-2.38548258719689,-2.32346344823436,-1.90554580415536,7.86055655624137,1.40868236849302e-06,0.5064030785964104,PASS,
1662,ELOVL2,Prv-CCL19,-0.75257520147408,-0.75257520147408,-0.75257520147408,-0.219745335278703,8.21653650462692,1.40157966977349e-11,0.506354621445027,PASS,
1663,PNP,Treg,-0.987191764818545,-0.920854910721106,-0.84312249052787,-0.379178345140355,8.40074782210356,0.0031423819688538,0.5063490005150106,PASS,
1664,EFNB3,Prv-CCL19,-1.18845408345558,-1.08599064341632,-1.18845408345558,-0.609347239676026,8.22412211452307,8.052080970147941e-14,0.5062794831277572,PASS,
1665,CD79A,Treg,-1.5853286086089,-0.887302768282724,-1.51268599186515,-0.71411148240751,8.43167692828033,2.63369083210743e-07,0.506253896822109,PASS,
1667,IGKC,B cell,-1.22616564073796,-0.661446146607741,-0.854545172015743,-0.325664456798476,12.1645215952543,9.57737564435524e-08,0.5061742362224785,PASS,
1674,RGS5,cDC2,-0.333171462433933,-0.805249685307645,-0.72166117051087,-0.143552732793309,6.77215938162939,5.982720169547e-06,0.5059340299248087,PASS,
1675,FAM129B,cDC2,-0.751172762299743,-0.947721328300734,-0.0359290084368969,-0.0917759603921825,6.92107040837095,1.81340268363089e-07,0.5059236619656476,PASS,
1680,UBE2C,cDC2,-3.09304622197327,-0.355232123025803,-2.64268510476275,-1.17838792618975,7.05810145922082,3.67057570014362e-18,0.5058660490769176,PASS,
1687,RHOG,Treg,-1.72828807122964,-0.889858535463963,-0.924329453501402,-0.575496212458397,8.73908375409057,2.51101929811062e-06,0.5057377378879713,PASS,
1688,CKMT2,EC-aPCV,-0.158239676895933,-1.02298384121283,-0.78508715164813,-0.22400152990938,7.8597140095946,4.06512399169076e-06,0.5057300927213093,PASS,
1691,CBX6,cDC2,-1.3800602373061,-0.818799086156909,-0.444905440491864,-0.31364101010634,7.59391161898743,5.46595055283907e-08,0.5057224741639974,PASS,
1693,VASP,cDC2,-1.29710635073492,-0.517149099568178,-0.639021453677105,-0.219484782422346,8.54865437039661,8.91966896190196e-09,0.5057168412188723,PASS,
1694,SHC2,EC-tip,-1.55551942139344,-0.682582576126681,-0.65195681820122,-0.358540135180748,7.36396178068808,7.67774911868716e-51,0.5056985428202694,PASS,
1695,MFNG,EC-tip,-1.08651021541262,-0.658109570829249,-0.480415954742167,-0.185326269196337,7.62113373457648,3.28748172635964e-34,0.505654081144454,PASS,
1698,ATP13A3,Mɸ4-infiltrated,-0.925698410711327,-1.50764060238768,-1.63999356513665,-0.889333535810629,8.54258877116078,1.0497484088433e-53,0.505476690490874,PASS,
1700,CALHM6,Mɸ1-LYVE1,-1.29041171597616,-0.51515046715674,-0.509393881837478,-0.181830767116213,7.62506077177159,9.31759953608194e-28,0.5054673871742901,PASS,
1703,OLFML2A,Prv-CCL19,-0.155163629017418,-0.941572011390493,-0.988867518534274,-0.255993902173355,8.23060367996556,2.19975268662007e-14,0.5054484366101573,PASS,
1709,CYTOR,cDC2,-1.0475389333603,-0.700077683078662,-1.18471728121371,-0.418570720411488,7.59915139487468,1.63823750488104e-06,0.505422088711525,PASS,
1710,GRN,EC-tip,-1.04611915365197,-0.556240120218408,-0.422651891870381,-0.117471467401713,8.60351058912514,4.7357382742956e-66,0.5054015722720947,PASS,
1715,CREB3L1,Prv-CCL19,-0.706069015480989,-1.27501626709298,-1.13911404440027,-0.583376077945368,8.2381246599291,1.76647952759065e-11,0.5053010257817258,PASS,
1716,NHS,EC-tip,-1.17098075346283,-0.362443058535324,-0.311747007079837,-0.0276550137458524,7.27883600131078,3.78105339129979e-31,0.5052846195394076,PASS,
1719,TNFRSF4,Treg,-2.28198835249255,-0.910694909151328,-0.923487472827894,-0.721414274365104,10.0082249280416,6.42769605278117e-06,0.5052642108009087,PASS,
1721,TMED3,cDC2,-0.7368656938041,-0.920342880959432,-0.530223832579772,-0.245087292918616,7.20330681047356,2.45831888618172e-06,0.5052325706602995,PASS,
1730,CTNNAL1,EC-tip,-1.01042266394469,-0.361071537744149,-0.852305580135695,-0.162150799202245,8.72355751210036,5.21233821979196e-40,0.5050742772500822,PASS,
1731,CARD19,Mɸ4-infiltrated,-0.966814035515939,-1.21482718242394,-1.25876411699753,-0.658530899744475,7.72084812691728,3.70931438946895e-26,0.5050724634497963,PASS,
1732,NOP10,Treg,-0.897652563354941,-0.36033855830039,-0.488128231270985,-0.0225737954516836,9.00888887762991,0.000370307694493,0.5050632409159017,PASS,
1734,MSX1,cDC2,-1.08872567795158,-0.984291350198899,-0.989731132913923,-0.502029890694955,6.76501342962147,6.00425846564658e-08,0.505037617066501,PASS,
1736,SYT1,EC-tip,-1.98610636154989,-0.647786523234231,-2.03223424304348,-0.882972024367598,7.25094788824142,5.68410506989202e-68,0.5049290315493324,PASS,
1738,LINC01541,EC-PCV,-1.454816031759,-1.25551076189735,-1.16228667165677,-0.763815682281794,7.9342705124729,0.0004687718258877,0.5048682225441568,PASS,
1742,MGP,EC-aPCV,-0.642243252335639,-2.72568666291885,-2.76080540175547,-1.7121786467299,9.2342847120306,3.75863391831954e-72,0.5047418963709404,PASS,
1743,SDF2L1,Mɸ1-LYVE1,-1.65249360576238,-0.221199694251915,-0.214139489993483,-0.0587903608862731,7.68158845189116,4.41540615746998e-59,0.5047156778257494,PASS,
1745,MT1F,EC-PCV,-0.68333681268967,-0.973926136345183,-1.0547383122259,-0.429549295882874,7.92274675493377,1.28459607735039e-05,0.5046937266391637,PASS,
1747,FKBP1A,Prv-CCL19,-0.863317234658235,-1.01076052683359,-1.07378143417158,-0.494097956845464,8.7671538907722,3.98611073262551e-14,0.5046737777512245,PASS,
1750,HEPH,EC-PCV,-0.756646193171962,-0.941743653174387,-1.08475519351435,-0.443005120643253,7.92062807249349,8.94624810957652e-08,0.5046199356264143,PASS,
1752,ABI3,Mɸ1-LYVE1,-2.2610654804948,-0.635661182650126,-0.721024751903454,-0.543587320338155,7.7169922732172,1.77759233525392e-92,0.504613732637413,PASS,
1753,CLEC3B,EC-PCV,-2.52584706115688,-0.282437499923552,-0.377814015616728,-0.342027108360904,8.2778158607922,1.29382274643005e-08,0.5045743171338686,PASS,
1754,SERTAD1,Treg,-0.927999819819584,-0.841170648077009,-0.939078514919301,-0.394470987208529,8.40751594695974,0.0081111528423196,0.5045588031252437,PASS,
1761,CSRP1,EC-PCV,-0.968784314404712,-0.944122418952092,-0.986793363362063,-0.466581994842032,8.40203982420075,0.000440545177391,0.5044446045253828,PASS,
1762,HM13,Mɸ4-infiltrated,-0.932186421900406,-1.15972556326771,-1.10925997101258,-0.592494917906805,8.29917728391036,2.60272794475052e-35,0.5043818406618762,PASS,
1764,DHRS3,EC-tip,-1.69102293527561,-0.717447945228342,-0.633703759507175,-0.426572790413897,7.86948347203462,1.68086995563348e-65,0.5043402962082771,PASS,
1765,CTSC,cDC2,-0.837694484859321,-1.0071170142953,-0.989906760873893,-0.467100676589959,8.49972231928512,5.86855513469357e-15,0.5043351671942093,PASS,
1766,HIST1H4C,B cell,-0.866095704310274,-0.551318293477061,-0.870168627873124,-0.234504981722787,9.22801165916011,1.07089588028316e-11,0.504328687551097,PASS,
1767,ARF4,EC-PCV,-0.245670256611205,-0.61781561377475,-0.876614090452392,-0.122094177583878,8.23091397691519,0.0001691642655526,0.5042972795772515,PASS,
1772,GAPDH,Mɸ1-LYVE1,-1.81324164856595,-0.681784419025436,-0.188587779047916,-0.305371618887133,10.0101000746942,1.5409650586815e-165,0.5041512190595603,PASS,
1773,DYNLL1,Treg,-0.921734214623052,-0.540548214100034,-0.668164893853112,-0.184083768459458,9.3214384094706,5.26119772215159e-05,0.5041490248880662,PASS,
1776,PTMS,EC-aPCV,-0.664231762679223,-0.62647905041389,-0.72909765794821,-0.182578763105038,9.43056878427441,0.0003221428208579,0.5040822487707347,PASS,
1777,TUBA1A,EC-tip,-0.932514571473972,-0.725762461191411,-0.512809514181001,-0.222604747406555,8.55766419872463,6.05135960796944e-33,0.5040695711580232,PASS,
1780,PLD4,cDC2,-1.44498044856857,-0.459453524022237,-0.598824180453216,-0.250619731005549,8.31354208853476,3.32362956659691e-07,0.5040239573348115,PASS,
1784,SLC16A4,EC-tip,-1.22409639626043,-0.280039918662274,-0.440301542952834,-0.0717496669946876,7.25766236785532,3.55587302923984e-31,0.5039794835446877,PASS,
1787,CXCR5,Treg,-1.01293975718525,-1.00836318169717,-1.09291675557587,-0.548417527992816,8.35326703313348,0.0003965507447947,0.5038827483377842,PASS,
1788,CHRM3-AS2,Treg,-0.144433697269113,-0.468665271442097,-1.01124404625208,-0.0836703099635338,8.40867671629944,0.0006357980528197,0.5038309533528627,PASS,
1789,ADAMDEC1,Mɸ1-LYVE1,-2.28826665671245,-0.854481212765848,-0.872004408349226,-0.708011270036909,7.40666232127827,3.97690043639163e-51,0.5038092764807947,PASS,
1791,TPST2,EC-tip,-1.30078019148666,-0.795006991834819,-0.613887497949123,-0.375378952967829,7.98464606569053,1.16903192278043e-48,0.503789070167976,PASS,
1792,IL4I1,Treg,-1.23080677127673,-0.647492108570662,-1.06303712195243,-0.432129108621073,8.43491127855842,0.0041390805686335,0.5037729051496256,PASS,
1794,EML4,cDC2,-1.54252119183209,-0.867632542516993,-0.647458477652387,-0.474335017297583,7.33473093972177,1.14266556365426e-05,0.5037529635909006,PASS,
1795,LAPTM4A,EC-tip,-0.702691885925491,-0.710657662494419,-0.798272127745696,-0.257929818601802,9.26136783110348,9.42445967296724e-64,0.5037039651748723,PASS,
1799,APOC1,Prv-CCL19,-2.63166457048266,-3.64562118516426,-3.84950306495536,-2.90682065615159,8.44391497237555,2.47298576240592e-135,0.5036321327426464,PASS,
1800,EBI3,Treg,-1.27291948227896,-0.53857894181264,-0.181899706843406,-0.125760547457646,8.42446066706158,0.0004758175058388,0.5036290768842211,PASS,
1803,ROR2,EC-aPCV,-0.50100981041652,-0.910568371370232,-0.910568371370232,-0.336927154113112,7.82735708773744,6.085308103456331e-09,0.503559829726232,PASS,
1806,KLHDC8A,EC-PCV,-0.250340616367823,-0.827512272657814,-0.862031575171541,-0.228848665070952,7.91830498941212,4.14175931322106e-08,0.5034791559094375,PASS,
1812,HSPA8,cDC2,-0.907441831258145,-0.897067200029763,-0.609214148968435,-0.337323439050352,9.21837221266822,1.43094662927113e-16,0.5033238319313537,PASS,
1813,MYO1F,Treg,-1.4174257406588,-0.267700870634081,-0.234186274323531,-0.0618890142736161,8.66669557187279,0.0062918654111602,0.5033230461357339,PASS,
1816,CAMK1D,EC-tip,-1.52441179200626,-0.594269418034574,-0.32152570308807,-0.25851142053562,7.3885085247151,3.19562135669209e-53,0.5032886641998536,PASS,
1818,IER2,Treg,-0.140434477983006,-0.744673712854563,-0.765910014012442,-0.141617760625921,8.89327248659381,4.32249358180173e-05,0.5032724017241397,PASS,
1819,ACTG1,Mɸ1-LYVE1,-1.07819298470608,-0.328785361923192,-0.412073634126397,-0.0668198233887808,10.1513610005029,1.44597067746671e-72,0.5032501907105695,PASS,
1822,LAMB1,EC-PCV,-1.76658763123841,-0.333054174484896,-0.23232945405531,-0.173645033910523,8.31297489406956,0.0002733447500492,0.5031861781889347,PASS,
1828,S100A6,Mɸ4-infiltrated,-1.04950953796465,-0.388571061285665,-0.440479208645438,-0.100092441738688,11.7332541880419,7.605843742749479e-22,0.5030304568996179,PASS,
1836,TAPBP,Treg,-0.937682454346566,-0.594602860454838,-0.243834588621968,-0.106407689684045,9.0117529371912,0.0002183890180308,0.5029628253552771,PASS,
1838,ANGPT2,EC-aPCV,-0.0150086747497409,-1.29983115664404,-1.31165377513455,-0.531469759954601,8.19605875799822,4.09274092359633e-14,0.5028813590501781,PASS,
1839,ITGAX,Mɸ4-infiltrated,-1.99557237108108,-1.77839112404664,-1.86838308580529,-1.36516250497458,8.72042491110854,9.92309698472211e-94,0.5028653589376759,PASS,
1840,LITAF,EC-tip,-2.32645248181661,-0.587205010848948,-0.517741929178891,-0.508060157431433,7.40536497116012,1.77142115055646e-108,0.5028632579239101,PASS,
1843,MARCKSL1,EC-tip,-1.11515998232658,-0.752560040061206,-0.667270589085656,-0.349551330919165,9.39378651077308,3.40027746409765e-82,0.5028077674446465,PASS,
1844,H2AFX,cDC2,-1.64561361930709,-0.281789852420972,-1.37652635056809,-0.480533889767436,7.13567026684793,4.80214094357819e-07,0.5028076924089283,PASS,
1859,LST1,cDC2,-0.403143946789095,-0.655345163604411,-0.775901483241869,-0.181174798573431,9.83291401535869,2.87261656448768e-17,0.5025542450340631,PASS,
1861,VASP,Mɸ4-infiltrated,-1.54194027206515,-1.04069893419711,-1.33901905092253,-0.78351108686051,8.91610949297899,4.83301413418675e-65,0.5025341074989658,PASS,
1863,APOBEC3C,Treg,-1.21457364956063,-0.252161726771581,-0.159282967352957,-0.0038794890774468,8.77919632267859,0.0063958991423991,0.5024863343832382,PASS,
1868,ACTB,Mɸ4-infiltrated,-0.405829496380691,-0.338987055731381,-0.639293824639237,-0.0072261057148949,12.6238487134528,9.2305444042782e-36,0.5022731744686115,PASS,
1872,RGS16,Treg,-0.975990056639441,-0.945336979767012,-1.01275291632798,-0.518583386368534,8.36533503142399,0.0056191903164055,0.502223371214272,PASS,
1873,LSM4,Mɸ1-LYVE1,-1.0241429814912,-0.271575146828706,-0.535545868952507,-0.0898545176186096,7.70455677082433,1.9239401408169e-25,0.5021931756748108,PASS,
1874,HSPA5,EC-tip,-0.994901072206182,-0.616410498200962,-0.385769914284811,-0.189950589128265,8.90871933180733,3.17405262519859e-42,0.5021385882880935,PASS,
1878,PTHLH,Prv-CCL19,-1.11455769636938,-1.21810817165581,-1.21810817165581,-0.734631550905533,8.22252559459165,3.88905783206762e-15,0.5020686825723402,PASS,
1879,MT-CO3,Mɸ4-infiltrated,-1.04225706847841,-0.622217985693725,-0.182298382589232,-0.143298129678481,13.7067764018214,5.813239242266869e-55,0.5020501246557572,PASS,
1882,PDCD5,B cell,-0.405355160487013,-0.805981422054777,-0.770456814698735,-0.257284403393035,8.53850859184717,1.75104493927591e-07,0.5020112662414453,PASS,
1883,CD81,Treg,-0.889484138867335,-0.696074145873656,-0.55062590055329,-0.253518092091021,8.90575098100262,0.0043440361747553,0.5020068471192622,PASS,
1885,IRF7,Treg,-0.334932741555106,-0.77490808286928,-0.641341311791636,-0.188609304642426,8.43112474638435,0.0089840010438321,0.5019966133016702,PASS,
1889,TMEM59,EC-PCV,-0.450284124561571,-0.793611757678218,-1.0032527838887,-0.335017190541823,9.13584671017383,1.9273721925174e-15,0.5019022779693858,PASS,
1891,CD38,Treg,-1.37220310216448,-0.368000211123397,-0.553746923057481,-0.223651053328214,8.45053430517882,0.0062959793566503,0.5018970975114679,PASS,
1898,GSN,cDC2,-0.951556945185271,-0.443636162743938,-0.537669037613283,-0.156743128748893,9.24760366959378,3.83247306520769e-06,0.501842834330365,PASS,
1904,CCR7,cDC2,-1.97746974503293,-1.53272009109284,-0.861951572462218,-0.96645447421233,6.81479391583533,2.45011135618548e-12,0.50173895558149,PASS,
1906,LEPROTL1,EC-tip,-1.07580847057469,-0.531332307620405,-0.62092484873726,-0.251552851730581,7.59959910352585,5.18163981469054e-32,0.5017087230795859,PASS,
1907,ICOS,Treg,-1.72218310521581,-0.361778145437239,-0.0480374303754035,-0.1513674330027,8.96206812618739,3.80335660350373e-05,0.501707212836292,PASS,
1911,COL6A2,EC-tip,-1.38244967033499,-0.254644018059938,-0.270117998362412,-0.0954196309512969,8.35290847076779,1.05151374535224e-80,0.5016567085710284,PASS,
1912,EMILIN1,Prv-CCL19,-0.785053683975285,-1.82207560298364,-1.94846086347828,-1.1501868783491,8.48651428762997,3.0732798263885e-37,0.5016431499999046,PASS,
1916,SYN2,EC-tip,-1.51148534967342,-1.20900124988257,-1.33709888566903,-0.865933988469932,7.18377818929456,4.21151781606834e-34,0.5015618285502694,PASS,
1917,ABI3BP,EC-aPCV,-0.108606170689193,-0.862162707650888,-0.845815457041794,-0.246435107068947,7.83394910379305,4.43336653674275e-05,0.5015334196055642,PASS,
1919,MANF,Mɸ1-LYVE1,-1.29176667308433,-0.294743188439257,-0.364439965759672,-0.123592197680778,7.67757765921275,3.93091411436941e-32,0.5015282522486411,PASS,
1920,NAGK,Mɸ1-LYVE1,-1.07771161445638,-0.364574567167093,-0.381902374156654,-0.111152102166869,8.30717732126833,1.20453778625193e-42,0.501497347481345,PASS,
1928,SPOCK1,Prv-CCL19,-1.04631176146203,-0.960670968141789,-1.02028125545364,-0.55946964333295,8.22194161344453,1.01263340565899e-11,0.5013696499084912,PASS,
1929,ABCA8,dS2,-2.23918136681972,-2.65853695702919,-1.93886445340308,-1.84483345697671,7.24897506223742,3.02170420357315e-71,0.5013690119259666,PASS,
1930,CLCN3,EC-aPCV,-0.0163740288502533,-0.558704556427469,-0.712749739228156,-0.0562495331462824,8.09229415894304,0.0002014030408981,0.501367616106112,PASS,
1931,LIMS1,Mɸ4-infiltrated,-0.924987615421003,-1.02995000066051,-1.17152413524189,-0.607870878225058,9.28820409529165,1.24916640177635e-47,0.5013567861028624,PASS,
1934,CLDND1,cDC2,-0.99702304345836,-0.907415570858537,-1.14650196822322,-0.564184945892392,7.18315692741428,1.50576286978111e-05,0.501314662423134,PASS,
1935,TMEM59,EC-aPCV,-0.420537292732046,-0.57444561890433,-0.688392972215735,-0.149370675661975,9.06213865171197,0.000105507385202,0.5013084795532157,PASS,
1936,LARP6,EC-tip,-1.52783405434454,-0.69721536611051,-0.875487617300044,-0.512083076238879,7.30601142904407,3.29314125276085e-39,0.5012994178790213,PASS,
1945,MTUS1,Treg,-0.769128656824415,-0.700780619948361,-0.769128656824415,-0.310721637979763,8.33833901460052,0.001170344552693,0.5011914078648594,PASS,
1947,LITAF,cDC2,-0.983688114580198,-0.604235676141537,-0.654994035594575,-0.283216886051373,8.92292585740687,2.85617770517098e-06,0.5011876209571066,PASS,
1948,MAP2K2,Prv-CCL19,-1.01839579645013,-0.893893830304123,-1.14295713572396,-0.564599405061316,8.70072251434581,1.88178433647017e-14,0.5011789758113625,PASS,
1949,PLEC,Mɸ4-infiltrated,-0.850243120936997,-1.2448397389038,-0.972919116660036,-0.627629729733276,8.17857475099773,1.36451745259235e-25,0.501174584001106,PASS,
1953,S1PR3,Mɸ4-infiltrated,-1.93478877270996,-1.54888371380425,-1.55510578731679,-1.18348435813486,7.32310338040628,2.65388804741529e-27,0.5010700186546804,PASS,
1954,CHCHD10,dS2,-1.15029508517972,-0.223309438542705,-0.209475819182535,-0.0239345668782302,8.64723952733337,2.11756503265461e-36,0.5010405130126879,PASS,
1955,CTSC,EC-aPCV,-2.4344391324861,-0.151226408113353,-0.314446680952064,-0.316548081878596,9.54625023981126,1.36582949046353e-32,0.501032045613607,PASS,
1964,SMOX,cDC2,-1.39356164275991,-0.123743677612767,-1.09223804207524,-0.305927116779497,6.92905771217256,9.14198402744753e-06,0.5008664172207467,PASS,
1968,IL26,Treg,-0.631840415233294,-0.73513826784734,-0.734718142718662,-0.292733406584772,8.3401480963966,0.0002808269473238,0.5007568645852766,PASS,
1969,ID4,cDC2,-1.23902736513314,-1.79592341005804,-1.50029521918794,-1.12105679063784,6.79783195554521,1.09410445838196e-19,0.5007456418244921,PASS,
1970,TMEM54,EC-PCV,-0.516175293607064,-1.25603332903257,-1.11041181386577,-0.605891432323606,8.02616460926843,0.0003535888672924,0.5007329557414274,PASS,
1972,PLLP,EC-aPCV,-0.57172209578455,-1.38411976850562,-1.2518748773174,-0.717222636499731,7.86561415344826,0.00013394155008,0.5006970125152199,PASS,
1974,SEMA7A,B cell,-0.797130707812495,-1.31483527002285,-1.19309590549222,-0.721572532734942,8.3396154054782,2.49892732824813e-11,0.5006487217968417,PASS,
1977,CD82,Treg,-1.41063195009097,-0.834558930896331,-0.711086964150964,-0.507998498717454,8.61929473699761,0.0036570161204615,0.5006362696822905,PASS,
1979,LCN2,Treg,-1.14780336373329,-1.07598710662229,-1.05334095816758,-0.656466184224298,8.34293069747201,8.23160725152614e-05,0.500604771718887,PASS,
1981,NUDT14,EC-tip,-1.6946603413518,-0.428203578291631,-0.605820853011259,-0.365706585415926,7.68477511282863,9.260161560684609e-77,0.5005818994940832,PASS,
1982,FURIN,Treg,-1.71597831475187,-1.62701854409223,-1.31795898890538,-1.10401917947247,8.47209525721136,7.25192988454404e-08,0.5005730355884672,PASS,
1984,MAP4K2,EC-aPCV,-0.803020980251944,-1.38403621764077,-1.3940437466345,-0.81474988416453,7.83884042296265,9.86547318052006e-05,0.5005635410700235,PASS,
1985,IER5L,Prv-CCL19,-1.62398857472128,-1.20821391989237,-0.89719922271744,-0.775806296159774,8.78002993178679,4.692403124143529e-12,0.5005492906668054,PASS,
1987,KBTBD3,Treg,-1.66407083089298,-1.01297810827827,-0.837753378811557,-0.682916288406992,8.39343134987162,0.0013821688304564,0.5005249790595709,PASS,
1989,LIMD2,Treg,-0.901112685374231,-0.552806672331295,-0.700981058485889,-0.269834244776242,9.16093124427596,0.0032661941904314,0.5005024666200405,PASS,
1991,PSD,Prv-CCL19,-0.775035165812895,-1.17826198608823,-1.17826198608823,-0.65640489100847,8.22434580756195,1.64943162388303e-16,0.5004538571202486,PASS,
1996,MDK,cDC2,-0.834734715864508,-1.27248902741862,-0.976972115311725,-0.651287308081218,6.81349763765456,1.74139134626245e-08,0.5003965731507104,PASS,
1998,CPE,dS2,-1.93797878579246,-0.093041813309986,-1.73208732750777,-0.61848354200425,7.25993421908676,1.01228263123167e-47,0.5003520243111855,PASS,
1999,NPW,Prv-CCL19,-1.28929840598462,-1.28929840598462,-1.26136138425392,-0.848039807937274,8.22357181124321,2.66470257645214e-17,0.5003350116172829,PASS,
2001,HLA-DQB1,Mɸ1-LYVE1,-2.42192474871684,-1.2375003465244,-1.23712203298013,-1.07535803849953,10.1178221017202,2.01244870346248e-93,0.5003083005948411,PASS,
2007,CBX6,Mɸ1-LYVE1,-1.75040027124965,-1.10066843429135,-0.941606500110603,-0.776091118395569,7.51491209987726,1.37358968996697e-28,0.5002693396983159,PASS,
2011,PKM,cDC2,-1.14589523468156,-0.424935151105075,-0.283094264578061,-0.150542662443698,8.8529874507932,1.14820899952945e-07,0.5002096565505381,PASS,
2012,MT-CO1,EC-aPCV,-0.57321522381466,-0.851704273324851,-0.693448874989384,-0.328479714072222,13.6600142599439,5.55427547024731e-27,0.500208138016756,PASS,
2013,PLEKHO2,Mɸ4-infiltrated,-0.800824773756972,-1.22452271366401,-0.929441893901859,-0.612445188313874,7.97078877849904,6.96583159747122e-22,0.5001828391177353,PASS,
2015,ACTG1,Mɸ4-infiltrated,-1.18144960139293,-1.11581822862877,-1.53613261618127,-0.83388106470491,10.8158833278438,4.34969438238168e-110,0.5001667112491679,PASS,
2016,TPBG,EC-tip,-2.27936959789519,-0.738964161672853,-0.684341117721876,-0.664241046459241,7.46446188154246,1.12956577538548e-99,0.5001616820454275,PASS,
2023,SMS,Prv-CCL19,-0.192353351316579,-1.44310300382553,-1.27016488461455,-0.673135361973923,8.47353001311705,6.80075304685593e-22,0.5000794051280184,PASS,
2025,PPIF,Treg,-0.763792963576603,-0.915271129793536,-0.529088588895494,-0.352817514436278,8.38478965530774,0.0036570161204615,0.500056164717758,PASS,
2027,HOXA10,EC-tip,-1.65809671375409,-0.321726294186945,-0.132993103222953,-0.181119052497551,7.22369491781982,1.23691339940324e-59,0.5000095225411127,PASS,
2028,SLC25A6,Prv-CCL19,-0.143200301193439,-0.586721742279496,-0.730176917936977,-0.131834707546414,9.34623643429375,2.45615954323909e-11,0.5000052820527291,PASS,
2029,SLC44A4,EC-PCV,-0.988048369565022,-1.49810446165455,-1.58021058215576,-0.971151451463565,7.93791161556677,4.4429460771657e-08,0.500002157095864,PASS,
2031,SYMPK,EC-tip,-1.19667026728504,-0.57854232730572,-0.439329831916928,-0.279653520313682,7.60778686927573,1.56684865952076e-38,0.49999674900838764,PASS,
2033,GDF10,EC-PCV,-1.70358607312484,-1.70358607312484,-1.70358607312484,-1.26024616778586,7.91991447395009,5.5321077659488e-18,0.4998976402313817,PASS,
2037,RBM38,Treg,-1.205533928648,-0.928030072726372,-0.821675841608832,-0.549171134098499,8.55204599435657,0.0008601956716047,0.49988379662087645,PASS,
2038,CYGB,Prv-CCL19,-1.73323794674665,-1.04749988235381,-1.39807740120309,-0.892608940274271,8.39205610822544,3.16401896266461e-17,0.49988291145857733,PASS,
2040,CLDN15,EC-tip,-1.2237346196015,-0.421060216651828,-0.311387338531854,-0.182458467786025,7.45388160618882,4.70483575929539e-33,0.4998538032281137,PASS,
2042,FAM43B,EC-tip,-1.49262208901961,-0.636429057432923,-0.65563927010751,-0.440122626616821,7.20406316338593,6.32494632730237e-38,0.4998032467593409,PASS,
2044,MAPKAPK2,Mɸ4-infiltrated,-0.803358301311766,-1.36526259053023,-1.29488419410712,-0.790119695667796,7.78710501042439,5.90368424101536e-31,0.4997929686463208,PASS,
2047,EBF4,EC-PCV,-0.163626458480618,-0.805331907427473,-0.826724000786074,-0.265704245973195,7.92032288206925,1.37492090299078e-05,0.4997132331235923,PASS,
2050,PGM2L1,Treg,-0.388420818963589,-0.299364859870395,-0.896834117564149,-0.120218204754997,8.56922063270491,0.0041799237086747,0.49967602502425384,PASS,
2054,SPHK1,Prv-CCL19,-0.285365933513187,-1.18993750801399,-1.32684380697982,-0.610200681506869,8.24673969554131,2.00077212980927e-16,0.4996200553684912,PASS,
2055,PCDHB2,EC-tip,-1.4977238623109,-1.25541852470774,-0.8971774237614,-0.784222605678887,7.20443956471174,5.91312742708552e-32,0.4995844708905181,PASS,
2058,RBM38,B cell,-1.11462843313317,-0.861717446029167,-0.62308569975428,-0.44757090045361,8.4712204033188,4.16162832518392e-08,0.4995177512773538,PASS,
2059,BCAM,EC-aPCV,-1.01161657031268,-0.342642916214012,-0.440311298482943,-0.146519172020478,9.6903580853975,2.9681263458792e-10,0.49951259086056304,PASS,
2060,AKR1A1,EC-tip,-0.989468374250706,-0.377187361220676,-0.433726727976962,-0.15473254111926,7.79822806364139,9.67981588606098e-36,0.4994977242952363,PASS,
2063,HLA-DPA1,Mɸ1-LYVE1,-1.84612626962016,-1.01979347666218,-0.936149604883492,-0.775065490480491,11.8500993510247,9.10721775187795e-62,0.4994676118846227,PASS,
2066,SSBP4,EC-PCV,-0.397009439791679,-0.893203585572649,-1.04630488284907,-0.427454146745745,8.23947216619015,2.04621221978822e-05,0.4994260515144363,PASS,
2067,MMP7,EC-aPCV,-2.9738610588233,-2.61708682605747,-2.87049341435136,-2.29766149418737,7.84247102785354,1.61362579266397e-15,0.4993730051167004,PASS,
2069,GSTM4,Treg,-0.313457653708645,-0.638404880077084,-0.203023726754471,-0.0490259928308938,8.36450656987847,0.0059410367977946,0.49935223027648,PASS,
2070,MRPL51,EC-PCV,-0.0653629724668118,-0.723266106459755,-0.78624511030478,-0.203633340549233,8.43704381310247,7.27250285160228e-06,0.4993488198080949,PASS,
2071,IL18,Mɸ1-LYVE1,-0.0829017791459467,-0.655058627719345,-0.972385818155774,-0.233806213377932,8.20940526470092,2.21712291154114e-26,0.4993481618927135,PASS,
2072,PIM1,Treg,-0.241753378892788,-0.749397579161593,-0.858063265718083,-0.277559909066012,8.65089662219268,0.0006948767697591,0.4992715857590584,PASS,
2078,RXRA,Mɸ4-infiltrated,-1.32725459502413,-1.09297213800873,-0.565700908086296,-0.585803337626922,8.12707955245407,8.88922065424881e-22,0.4990893610083533,PASS,
2080,PDIA4,EC-tip,-0.997754791041348,-0.405377692192582,-0.244632001702813,-0.121542883278962,7.85583612399352,3.90314197368836e-38,0.4990648669992677,PASS,
2083,LAT2,B cell,-0.99990060692125,-0.670446491310392,-0.304756548264863,-0.254200680672031,8.65759482815542,5.35731986730758e-08,0.4990350630835131,PASS,
2084,LMNA,cDC2,-1.47982709015623,-1.6725313580498,-0.837225123753323,-0.951289422934741,7.42315764939228,7.08949969504058e-09,0.4990152260483868,PASS,
2088,SARAF,EC-tip,-0.732415075111189,-0.681924200151931,-0.545260614858443,-0.271587781216003,8.33085083440485,3.2260101673142e-31,0.49898385597272793,PASS,
2090,FAM89B,cDC2,-1.19409581471093,-0.467691952234895,-0.750456571031838,-0.345057127704702,8.0985889679406,1.48619565399735e-05,0.49895950326041305,PASS,
2091,TMEM14C,EC-aPCV,-0.126562939246486,-0.519823259383888,-0.677934629338712,-0.106489631360855,8.5973006003127,3.54467163793203e-06,0.4989380918372185,PASS,
2093,PTP4A2,cDC2,-1.00893982620964,-0.185386850905306,-0.318012685620965,-0.0544660108416333,8.54409745911719,2.41884695478067e-05,0.4989329484868077,PASS,
2096,BHLHE40,cDC2,-0.296366799982765,-1.19362116942632,-0.44008863915632,-0.363342250981744,7.30981019666391,3.56353690951057e-09,0.49890648757956807,PASS,
2097,SYPL1,EC-PCV,-0.22449064142663,-0.652639260026061,-0.69539567470618,-0.191255380492709,8.67183901122827,0.0004852782192216,0.4989050107038117,PASS,
2101,NID1,Mɸ4-infiltrated,-1.36381362614496,-1.2953545716348,-1.4868778670973,-0.959814024786508,7.30073107510528,1.41695869335138e-20,0.4988254972432721,PASS,
2103,METTL9,EC-tip,-0.809146197020836,-0.398763879063389,-0.524438520792215,-0.164930148574236,8.24688644944092,2.76875869325793e-38,0.4988093406118446,PASS,
2110,TJP1,Treg,-0.404878161338622,-0.346984047058499,-0.347556905609042,-0.0005591323642587,8.33618116285735,0.0018779138997227,0.4987641724487719,PASS,
2111,TNFRSF12A,Mɸ4-infiltrated,-1.04562510417762,-1.66926305298043,-1.86503872183708,-1.16246899741165,7.43288907064628,7.325306071402029e-42,0.498760606795278,PASS,
2114,HLA-DOB,cDC2,-1.01373573499535,-1.18569053079946,-0.515343645882886,-0.546501707635308,7.03488906438779,7.8789244664344e-08,0.4987423479581279,PASS,
2116,PHLDB1,Mɸ4-infiltrated,-1.64850832452623,-1.59534717804091,-1.5535321709381,-1.17410894612592,7.34679097117428,6.49960815856691e-28,0.4987224321928666,PASS,
2120,GRINA,cDC2,-0.782026947546076,-0.716817994500808,-0.0403671054806284,-0.15451257370828,7.53992799467115,7.077071954883e-06,0.4986548869303728,PASS,
2123,GSTO1,Mɸ4-infiltrated,-1.05559695240209,-0.815852783892364,-1.32997674037956,-0.642009835484732,9.35280558304553,5.64729436544098e-62,0.49860991424536655,PASS,
2124,HTRA1,EC-tip,-2.01048835555367,-0.632157328166162,-0.42902041598624,-0.510407788895131,8.97262234365412,5.77132222068834e-137,0.49860193404914493,PASS,
2127,UBB,EC-aPCV,-0.21416504861843,-0.597714274337543,-0.640784039725819,-0.157441853914321,9.17874834805287,7.90571101600433e-06,0.49851256015698137,PASS,
2128,CD79A,B cell,-1.75138786300723,-0.525641197337348,-0.557950898767563,-0.447709473142675,10.1584942536584,3.37651217303037e-41,0.4984557236967717,PASS,
2131,SORBS2,EC-PCV,-0.402506884246795,-1.04550787505198,-1.13116438561432,-0.538615447434195,8.18512060256696,1.85393210561954e-05,0.4984022437793532,PASS,
2132,NARF,EC-tip,-1.07716575873068,-0.445308332953161,-0.498321518138994,-0.245993909500827,7.70487052179974,5.46615065943469e-32,0.4983833215328043,PASS,
2144,CD40,Mɸ1-LYVE1,-1.89645849692735,-0.608862160906344,-0.801274881861446,-0.592632176098227,7.46808747911295,8.89637794898571e-50,0.4982056443523,PASS,
2148,AIF1,Mɸ1-LYVE1,-0.796079170575993,-0.212267168825555,-0.378979768318132,-0.0527869450923124,10.5754595526835,1.32702871851444e-51,0.49817910409364863,PASS,
2152,MCAM,EC-PCV,-1.54022057237711,-0.858844101961823,-0.411876096868346,-0.505838448365131,8.51302552765059,5.92994149664447e-06,0.49811568646331766,PASS,
2153,CD79B,B cell,-1.26989923935954,-0.117114279589467,-0.293530868991583,-0.094462073868899,9.68477798319428,8.355086124482931e-20,0.4981093292643021,PASS,
2154,LTBP3,EC-tip,-1.13402209907264,-0.636077659344705,-0.0586446925268616,-0.215730902048491,7.74107381842896,9.32735381286013e-39,0.49810642541520167,PASS,
2163,TESC,Prv-CCL19,-0.596764660506022,-1.05720211933801,-1.10583934314454,-0.587658895995406,8.22510698926286,7.19668817784708e-12,0.4979605384205322,PASS,
2169,CCZ1,EC-tip,-1.23750834578996,-0.615695321713955,-0.572243856573961,-0.388136673503008,7.61828543130179,2.84900116846995e-39,0.49779150048324555,PASS,
2172,COTL1,cDC2,-0.920639018673291,-0.192883997028179,-0.463211665210522,-0.106591625418691,10.4585824446099,2.38326549172566e-07,0.4977450437806836,PASS,
2173,SLAMF7,Mɸ1-LYVE1,-1.62888414383353,-0.127315161092513,-0.919894123242135,-0.371613208584834,7.23227739723886,2.03692303186709e-52,0.497742906537194,PASS,
2174,PLPP2,EC-tip,-2.23689513140446,-1.10838670697346,-1.012987548782,-0.953076473035336,7.45064425789587,8.973807641945729e-94,0.49773039597650237,PASS,
2180,MT-CO2,dS2,-0.352285244137504,-0.413300268716242,-0.229532032996005,-0.0080518804539961,13.4911974300255,5.19799874945703e-100,0.4975965894157483,PASS,
2187,EMID1,Prv-CCL19,-1.05121188062753,-1.2394698719307,-1.18728563393821,-0.799546030455967,8.22444014363199,3.13270508033266e-15,0.4974681560702394,PASS,
2189,TALDO1,Mɸ4-infiltrated,-0.640209263345724,-0.493993654124138,-0.911517570553103,-0.310836255557215,8.70155605037916,4.186268243478801e-24,0.4974137331612111,PASS,
2191,ARPC3,Prv-CCL19,-0.700909456280726,-0.868139855861068,-0.845028112389727,-0.463905870580523,9.0754489530279,9.0046842465223e-12,0.49739385615028114,PASS,
2192,METTL9,EC-PCV,-1.36468162986285,-1.05177548420993,-1.07300806955626,-0.757247158390353,8.38745738398131,8.09290214177239e-06,0.49738754685117026,PASS,
2193,HLA-C,Treg,-1.04745692529681,-0.625930379454806,-0.578639350343138,-0.359907285292939,11.472059026304,2.47384833550016e-13,0.49738731923786944,PASS,
2195,PTPN6,B cell,-0.880125425294734,-0.303883239309666,-0.538448251400323,-0.174565513588634,9.04120269740565,9.71258594871823e-08,0.49737728497386013,PASS,
2197,LSP1,Treg,-1.05252221083853,-0.34662656297806,-0.257046405837059,-0.149102098575879,9.33718355969532,0.0039249160516718,0.49733943697216354,PASS,
2199,SYT2,cDC2,-1.92708845636241,-0.0521787380165324,-0.849582799274122,-0.394381309400978,6.97241595764973,2.9518122627119e-07,0.497301997392708,PASS,
2201,SPI1,cDC2,-1.26262554835306,-0.409634588667866,-0.415517699497262,-0.270347912913204,9.07718010356497,1.74545213808681e-11,0.4972784995713151,PASS,
2203,PLAUR,Mɸ4-infiltrated,-1.68579766618013,-0.934943608533049,-1.65977149960916,-0.954665194080275,9.28135449287012,6.000748167363649e-56,0.49726854303532864,PASS,
2205,IER3,cDC2,-0.985475086465643,-1.07840014393182,-0.299036636847484,-0.458934193065823,7.64479138404727,1.91293858904206e-06,0.4972307097438689,PASS,
2207,PSME2,cDC2,-1.500579816426,-0.297784842660645,-0.524994491691225,-0.309196261369091,8.93806063468001,4.88952229959198e-10,0.497227509045642,PASS,
2208,DDX39A,cDC2,-1.5604939025207,-0.0455402723245668,-0.758380354781131,-0.285755439441001,7.35986056938216,2.11183197600922e-07,0.49716399692307084,PASS,
2209,PRL,EC-tip,-1.27769510838309,-1.21968655237484,-0.667450061067545,-0.693750556865694,7.1547773173484,6.89994788850129e-34,0.497155239873082,PASS,
2212,GNS,EC-tip,-0.973774456668638,-0.697778580984606,-0.648132762747231,-0.401317666572683,8.10048823889854,3.73016076668326e-34,0.49703315620064586,PASS,
2215,CD40,B cell,-1.3223495491243,-0.629177104012705,-0.268390299531942,-0.339041005524924,8.83725039710668,1.29947587674722e-12,0.49699648128757573,PASS,
2216,CALR,EC-tip,-0.962835121874421,-0.224845305744479,-0.173521186039601,-0.0608807018764448,9.25489173372847,5.11443611208831e-65,0.4969829864868549,PASS,
2218,KDM6B,Mɸ4-infiltrated,-2.77357803187201,-1.79715572282501,-2.38115796282155,-1.7849268042779,8.1228436966341,9.71524431477623e-89,0.49693395938599605,PASS,
2220,INSIG1,Treg,-1.0185800649529,-1.06014615682483,-0.991689717900032,-0.668516540031587,8.40821182193998,0.0054364638227463,0.49688648892324633,PASS,
2222,BACH2,B cell,-1.10369590054505,-0.0987175005250141,-0.186173012813865,-0.045206619723907,8.55012223897855,1.37198951727906e-07,0.4968657661122506,PASS,
2223,BST2,EC-tip,-0.123668752322241,-1.38799521521095,-1.60073755363315,-0.789014535222892,9.46939110262486,1.17374558796501e-110,0.49685563522240006,PASS,
2225,TUSC3,EC-tip,-1.05570073766796,-0.108183742598776,-0.236368668225741,-0.053804620588953,7.44877913699521,1.14264855431671e-32,0.49683974828148436,PASS,
2226,PDLIM1,B cell,-1.30073460498952,-0.375051500663128,-0.513964187468712,-0.302129521841218,8.79063595790534,1.20584217496119e-12,0.4968316752843546,PASS,
2228,MT-CO3,EC-aPCV,-0.529462277890539,-0.514112946909653,-0.359839162787328,-0.145030884830259,13.7246497556584,3.43515492791194e-14,0.49681738531705655,PASS,
2229,KIAA0087,EC-tip,-1.3805783365205,-1.15788596563316,-1.13818920728386,-0.835084568207208,7.16066840900389,2.68397392008757e-31,0.49680200888353443,PASS,
2230,ITM2B,Mɸ1-LYVE1,-0.74147125415117,-0.314929745316501,-0.445613225404656,-0.134578716826841,11.0845024467917,2.83458399017996e-27,0.49674449065026194,PASS,
2231,RHOG,cDC2,-0.49495767670412,-0.473829757543265,-0.641554891421434,-0.204746397225412,8.23879328268313,1.54338511166167e-05,0.4967280425010581,PASS,
2234,MIF,Mɸ1-LYVE1,-1.0109900820247,-0.0629867600338014,-0.188753598868889,-0.0141579701368065,7.75361867529524,1.01948382329079e-32,0.4966946756059933,PASS,
2238,ZNF706,Treg,-0.948006475301051,-0.613832639085343,-0.537406149805029,-0.334455817678617,8.96717612943237,0.0068659724228809,0.4966854637009989,PASS,
2241,TUBB,EC-tip,-0.740692630992887,-0.57522276114132,-0.0660066584575108,-0.135728314176553,8.77290186589029,1.25743531720397e-34,0.4966239009185034,PASS,
2247,TTC39A,EC-tip,-1.77648087688861,-1.03663168376568,-1.29437022202277,-0.923319963862947,7.19420140709549,1.59993987756798e-48,0.49647251737617737,PASS,
2253,CD59,cDC2,-1.10036870466232,-0.33322963022425,-1.03329237669456,-0.401170715933828,7.5576058311941,1.64913810548548e-05,0.4963791178825767,PASS,
2254,GAPDH,Mɸ4-infiltrated,-0.927163759150497,-0.656270230172577,-0.168819524489014,-0.246390708423327,11.3505101466397,8.04845226071069e-27,0.49636939845612194,PASS,
2256,KIF23,cDC2,-1.41057586091975,-0.0644757373436819,-1.17174325729256,-0.397889831031325,6.83881952429027,5.55856622689869e-09,0.49635573652724285,PASS,
2257,MT-CO2,EC-aPCV,-0.819168769894033,-0.783182438425925,-0.739077381408983,-0.442930668489675,13.3382765045519,2.58683952638384e-13,0.49635084127015555,PASS,
2258,MYL12B,EC-PCV,-0.628720234318602,-0.685817560161951,-0.944183127940338,-0.419890890369825,9.76119268315538,1.82721694372914e-18,0.49634728164735936,PASS,
2261,RAB42,Mɸ1-LYVE1,-0.302761150772567,-1.58500517653414,-0.907873383055632,-0.717722224595534,7.48683997870764,3.23492651563863e-27,0.4963240490409126,PASS,
2266,CXXC5,Mɸ4-infiltrated,-1.41788318146881,-1.19560687267227,-0.172185209814363,-0.58631905809075,7.80461708882642,1.30316382541003e-22,0.4962250007150639,PASS,
2273,RRP7A,Mɸ1-LYVE1,-1.08413957620379,-0.321440234991057,-0.279920031618327,-0.177369483776722,7.47203395697705,3.16097339573494e-25,0.4961430883831832,PASS,
2278,REEP5,EC-PCV,-0.330226931494973,-0.798827588724521,-0.823274337943884,-0.370834690238589,8.45812539100807,0.0004943483102007,0.4961144285180253,PASS,
2280,DBI,EC-PCV,-0.0028391977773859,-0.516398519817518,-0.665585068633767,-0.134662291659203,8.42646975478725,0.0007819899624976,0.4960892566138477,PASS,
2281,MCEMP1,Mɸ4-infiltrated,-1.95108961949835,-1.18528108407388,-1.37591463694515,-1.05560507899451,8.22164424780339,3.67530979018742e-21,0.4960723512765425,PASS,
2289,PTMA,Prv-CCL19,-0.45457606275036,-0.763029135897161,-0.742255267477486,-0.361349804814693,11.5182832351675,4.36449235475769e-21,0.4960195079038205,PASS,
2291,PITPNA,Mɸ4-infiltrated,-1.72317739851506,-1.06828897888968,-1.42758187551,-0.971543244961328,7.93534240720941,4.61722307618547e-42,0.4960112402895293,PASS,
2292,GPX3,Treg,-0.699266501745772,-0.698091527303618,-0.814059681019328,-0.409445579274265,8.33896620451797,0.0095173782028418,0.49599133758688263,PASS,
2293,MT-CO3,B cell,-1.08960714176188,-0.315690177528858,-0.316986182257849,-0.190195698936184,13.9183388689164,3.0950192518667e-73,0.4959879125447639,PASS,
2295,MMP10,dS2,-2.66652984353896,-2.20212919840675,-2.14461582176623,-1.8762867849071,7.0653352180706,5.96826991784888e-38,0.49597147607011977,PASS,
2296,BHLHE41,Mɸ1-LYVE1,-1.5991350326518,-0.435541998438267,-0.213579799419414,-0.323945208820303,7.68010994133553,3.34701121499309e-39,0.49594080945572727,PASS,
2302,PTMS,EC-tip,-0.576594087141221,-0.222261294240203,-0.337393959937214,-0.0468653109654718,9.63516915381943,1.32439318145499e-42,0.4958574030323853,PASS,
2303,TMEM204,Prv-CCL19,-1.14566031250359,-1.34012940518756,-1.46992967733957,-0.973331295094521,8.29744403920928,6.85714427809685e-15,0.49584942712150326,PASS,
2304,CLDN10,EC-PCV,-1.10234307534414,-0.94344368407993,-1.06240392112067,-0.677058580311635,7.92110178688819,5.79662163288298e-05,0.49583971584309183,PASS,
2308,HOXB2,Treg,-0.260777644972887,-0.858691487130083,-1.14104135159797,-0.480280823237374,8.50422367558626,0.000178995759157,0.49576558676544585,PASS,
2311,SPCS2,EC-tip,-0.778203958673503,-0.219913193309486,-0.341194106802418,-0.093464704742291,8.36898853436865,2.4761797588785e-41,0.4957565554007817,PASS,
2315,MAPKAPK2,Prv-CCL19,-0.535456258653826,-1.2737124680614,-1.35145727962229,-0.77805547931554,8.32093171975237,1.63176120837195e-13,0.495709479323335,PASS,
2320,GPR85,EC-tip,-2.1084180614962,-1.78947678330699,-2.00067390370643,-1.53703304564856,7.24428226693427,1.13888135878677e-116,0.4956586086482124,PASS,
2322,H1F0,EC-aPCV,-0.543901054783567,-1.30745042125334,-1.11006995872644,-0.724587394148596,7.94014568233693,0.0002826879226115,0.4956481097196743,PASS,
2323,RPLP0,Prv-CCL19,-0.128463497812878,-0.585363491446507,-0.815402437099486,-0.243970877234879,10.3963655067836,1.09881463871688e-25,0.4956461264788652,PASS,
2328,ARRDC2,Treg,-1.4456011608689,-0.954264826005907,-1.10191204325961,-0.773953477099206,8.40209057510016,7.54385264841939e-05,0.4955611640807438,PASS,
2329,CFI,EC-tip,-1.65778079437685,-0.470771217877572,-0.41299761616185,-0.417161783954555,8.08631681107437,3.69462916125295e-99,0.49556112134302926,PASS,
2334,UGCG,Mɸ1-LYVE1,-1.19917370931375,-0.53381222566087,-0.227164775485971,-0.28914428211694,7.72404024546011,8.18383484700231e-24,0.49552392310666254,PASS,
2335,CIB1,cDC2,-0.917143604432822,-0.233949381443105,-0.520469721339947,-0.186849277035725,8.72229915238663,1.70811686070697e-06,0.4955224456588526,PASS,
2336,IL2RG,Treg,-0.860569042887072,-0.247118268882996,-0.0251756060321905,-0.0368508675081369,9.38852069898286,0.0091888117204471,0.495504006933561,PASS,
2337,SRP14,dS2,-0.425442912646762,-0.3288329968175,-0.32709595089826,-0.063437458591836,9.72935548334117,1.28900263332019e-45,0.4954816672916397,PASS,
2339,ATP6V1F,cDC2,-0.56392720478399,-0.0702460916816412,-0.666514719562989,-0.0849803966919484,8.45000804181488,2.30646259396665e-06,0.4954502415450374,PASS,
2341,TIMP1,EC-tip,-1.50290465552239,-0.749325356152897,-0.903927997626754,-0.644751920601936,9.24713862702558,5.40443145724992e-94,0.4954446840721866,PASS,
2345,HLA-DQA2,B cell,-1.80575831178228,-2.14577354514062,-2.41237732637379,-1.74649621897069,8.92325028187677,2.28488606608319e-49,0.4953800722351771,PASS,
2347,S100A12,Mɸ4-infiltrated,-3.04418446303491,-3.06133741103302,-3.63440389399594,-2.78148880529839,8.3364839624391,2.6473927515644e-159,0.4953564483368494,PASS,
2350,ADGRE2,Mɸ1-LYVE1,-1.57211129982098,-0.659292150887678,-0.143652945925946,-0.403556774790917,7.42602968665246,6.26641011458922e-46,0.49532936100994507,PASS,
2351,C9orf16,EC-tip,-0.733030334143935,-0.235477979023908,-0.131827848120525,-0.038708991154145,8.31486877591679,1.32031947717159e-36,0.49532861061059125,PASS,
2354,SNX7,cDC2,-2.3222386798826,-0.510413700570069,-1.11605067984241,-0.790797970090153,6.9297602604299,1.35307814583687e-07,0.4952888975082397,PASS,
2355,CCDC3,EC-tip,-2.42076477390344,-0.501124197106425,-0.352401599129004,-0.587069691199118,7.6705557977231,1.38163117741446e-89,0.49526147433528034,PASS,
2356,ACTN1,cDC2,-1.70197056121681,-0.441151875496278,-0.833716155261245,-0.543072011077163,7.92591882576118,1.69003264880897e-07,0.4952329353159136,PASS,
2358,LAMP5,Prv-CCL19,-1.88699548079276,-2.27313409086207,-2.08145823658659,-1.72365658750863,8.31264305635412,4.07082943821163e-33,0.49518511511074925,PASS,
2360,ATP5F1B,cDC2,-0.806699198823987,-0.384219694829693,-0.63831695674069,-0.266659911395965,8.33144428776625,1.28252710720698e-05,0.49517388449362565,PASS,
2362,CDKN2A,Treg,-1.52730443058843,-1.05628487848136,-0.298700228546278,-0.608272783599331,8.52296788701283,1.75904722704033e-07,0.495154894737858,PASS,
2369,BSG,EC-PCV,-0.384407760900077,-0.931475587882387,-0.915966283368637,-0.48553425042167,8.48892365225903,1.85969899785599e-05,0.49506742022721434,PASS,
2370,ENG,EC-tip,-1.52412326739216,-0.636378461636816,-0.674052175595407,-0.542218088551795,9.83373298686523,6.09164540243897e-135,0.49506347021327485,PASS,
2371,RELB,Treg,-1.79858110236329,-1.18813975015646,-1.2717584669057,-1.00854697544875,8.42757350111506,0.000193187507087,0.4950584448672467,PASS,
2372,CDS1,EC-PCV,-1.07936556724286,-1.13870503730624,-1.18964347169145,-0.805021031574066,7.91791145183341,2.66436256086727e-07,0.49504845089029387,PASS,
2374,AC005224.3,Mɸ4-infiltrated,-1.58451088676835,-1.14302063949169,-1.62635378105388,-1.04607047866208,7.39319545478824,6.65827032972116e-27,0.49504465265933606,PASS,
2375,RAB34,Mɸ1-LYVE1,-1.24346755275465,-0.836383648981932,-0.347175765946681,-0.469771448866279,7.50023080068526,5.9378401165831e-24,0.49503916671461995,PASS,
2376,DDIT4,EC-aPCV,-0.255388245560913,-0.611323400140033,-1.00871852367853,-0.350984504429078,8.51649774042422,4.81654982680246e-07,0.49503754186795773,PASS,
2379,ZNRF1,Treg,-0.131576771096097,-0.803158605489165,-0.482317774104361,-0.253706076234826,8.72205957903174,0.0021466544818126,0.49493071576839276,PASS,
2380,CD81,cDC2,-0.911120283044032,-0.0948385984362244,-0.635659529382525,-0.173385538949082,9.04094957920289,3.16600010096559e-06,0.49492839382348813,PASS,
2382,FAM84A,EC-PCV,-2.3356358602789,-2.15473141639075,-1.82559513761381,-1.70148429762571,7.95117883829119,4.673771760260251e-15,0.4949227438298111,PASS,
2384,LMCD1,EC-tip,-0.975536449730783,-0.169986634935281,-0.516175293578647,-0.18551477911881,8.80277586378416,3.33700984485e-44,0.4948639951385298,PASS,
2388,C12orf57,EC-PCV,-0.305637820717779,-0.810752577855059,-0.950066367479332,-0.432627121595845,8.46189224600328,1.7597543358371e-05,0.4948102024107165,PASS,
2392,DEFB1,cDC2,-1.55204070207444,-1.45531134050305,-1.24619565258918,-1.06341154033336,6.77059670420464,9.37986228188972e-09,0.49478074087876256,PASS,
2393,LITAF,Mɸ4-infiltrated,-1.71999823691361,-1.31278802790992,-1.61944987956781,-1.14966469138454,9.20871565835122,8.92612467748327e-60,0.49477952798116004,PASS,
2394,KCNJ2,EC-PCV,-1.02134570083902,-1.02134570083902,-0.990504979839205,-0.689712490336211,7.91651384249486,0.000127095255949,0.4947790390871213,PASS,
2395,DMKN,cDC2,-1.15223604013374,-1.21565058186421,-1.37045171035975,-0.910748729581289,6.76759700813875,1.37990287909598e-07,0.49477243854577624,PASS,
2397,AURKB,cDC2,-1.85412033545822,-0.417404740053713,-1.36160869917704,-0.728924387319675,6.85719402008091,9.256900140552421e-09,0.49476359343118353,PASS,
2398,SNX2,B cell,-0.967505273579502,-0.0326638435388409,-0.348571314244048,-0.0806727313196579,9.07230568219951,3.88221961528262e-11,0.4947592495128879,PASS,
2399,MT-ND4,EC-aPCV,-0.588754255057548,-0.379555979262654,-0.126268877582357,-0.0790445358159884,13.3300372298326,1.33135125036308e-42,0.49470561293973164,PASS,
2401,MT-CO1,EC-tip,-0.487664144880589,-0.267402242562344,-0.10942792899885,-0.0060614057220466,13.6397119546949,1.7213303070995e-59,0.49468781767960673,PASS,
2402,ACTB,cDC2,-1.03085834784597,-0.446988686291261,-0.514409599285239,-0.316039429743154,12.8090927722182,7.59617612833402e-14,0.49467808912674693,PASS,
2406,MT-ND4,B cell,-0.879466514649625,-0.175546809626736,-0.133039666572859,-0.0615367239418572,13.2228617597792,1.66481292186011e-52,0.49462496163047315,PASS,
2407,NDUFB9,Mɸ4-infiltrated,-0.280212726885851,-0.413718077224816,-1.15301416675937,-0.324412199110697,7.99909628215391,3.16031802220434e-23,0.4946096972836321,PASS,
2408,IDH2,cDC2,-0.774484642135907,-0.0053272329833207,-0.752323972370074,-0.147274642929127,7.98517031655357,1.49928189296342e-07,0.4945886763178504,PASS,
2410,GIMAP4,Treg,-0.382010023797069,-0.551564223336344,-1.3530915155782,-0.462533111823938,8.75451891861888,0.0001219607133623,0.4945809807088825,PASS,
2415,TPT1,Prv-CCL19,-0.0225896781168168,-0.390279976018683,-0.429264856125077,-0.0509313947639492,12.3392800659201,3.54432955806803e-18,0.49455302185571964,PASS,
2416,PARK7,EC-tip,-0.693900169844525,-0.245544037840229,-0.35270624910912,-0.115519374719471,8.71116166605318,1.49221437017395e-41,0.49451864443306304,PASS,
2418,RNASE1,EC-aPCV,-0.749834454678081,-0.528323048773106,-0.694105847974085,-0.343881133058123,9.61124567319862,2.48967233801476e-05,0.4944980149371339,PASS,
2425,TGM2,Mɸ4-infiltrated,-4.93965585621714,-2.18380085976743,-2.93349526178313,-2.63805683454513,9.5068758130989,1.92499285567474e-114,0.49440884252179373,PASS,
2426,FHL3,Prv-CCL19,-0.875002944649967,-1.50183055578175,-1.63545665058818,-1.05327641211591,8.41908769012799,5.657310308701451e-25,0.49440867634498836,PASS,
2429,CORO1A,B cell,-0.69010348592812,-0.608839225822979,-0.263802179462464,-0.242464488785405,9.64737267769712,4.28232053959915e-12,0.49439144422368947,PASS,
2432,ATP6V0B,Mɸ4-infiltrated,-0.335980962103373,-0.242689899938005,-0.814625242518038,-0.172734082448633,9.09226717291949,4.15617450354579e-29,0.49436683518212376,PASS,
2433,PSMB3,EC-PCV,-0.293962120765094,-0.814613442475328,-0.847148614727138,-0.41085677231806,8.42161810432943,0.000156692649274,0.4943451432430249,PASS,
2435,PFN1,EC-PCV,-0.145479067326526,-0.512545440080726,-0.695504158642114,-0.209703679722614,8.83576132423336,1.41610036972546e-05,0.49432736520183074,PASS,
2436,SOX17,cDC2,-1.34720606347222,-1.24347303625845,-1.24729079699508,-0.936798577131731,6.76640211157111,5.52845484055762e-11,0.494325483442875,PASS,
2438,ITM2B,Prv-CCL19,-0.283272051575474,-0.840993563530449,-0.876505709604632,-0.428920280260105,10.4342014032506,1.04518573003396e-28,0.4942972533470578,PASS,
2440,ITGA2,Treg,-0.720562430272103,-0.692842238826088,-0.604272454040905,-0.384124184988947,8.33591578693237,0.0051184192565759,0.49428614780523467,PASS,
2448,PIM3,Treg,-1.55430663318967,-0.798804683521972,-0.612226220414848,-0.614381656222479,8.59399799856441,0.0090005956871516,0.49421342731597384,PASS,
2449,MARCKSL1,EC-PCV,-0.686532239876244,-0.852074641007238,-1.03693857913678,-0.569462831967185,8.88338795867156,7.23823209392659e-06,0.4942054908550449,PASS,
2450,HES4,Treg,-1.52981647071104,-1.36992848383955,-1.40359400022913,-1.07779177451056,8.34754445866359,4.88303810572623e-06,0.49418783398018756,PASS,
2453,SLC25A39,cDC2,-1.54366850721213,-0.0645412768315409,-0.25903748535157,-0.206620092705355,7.47775659443859,7.96630016606393e-06,0.4941728804962639,PASS,
2454,H2AFY2,EC-PCV,-0.361211901613261,-0.678337875798822,-0.678337875798822,-0.323493695195146,7.91525134964614,0.0002173830649275,0.49417250506497534,PASS,
2456,NEBL,Mɸ4-infiltrated,-1.56563527515548,-1.76024562471214,-1.76024562471214,-1.35450154058435,7.27221069559361,1.05750326854992e-39,0.4941634750912234,PASS,
2462,DDAH2,EC-tip,-1.05411761253518,-0.441124458351884,-0.706143083505518,-0.385359053319723,7.99050376302651,2.71107828661215e-36,0.49410180561380396,PASS,
2468,MAPK12,EC-tip,-1.13142779800657,-0.327028592638637,-0.140038168207281,-0.193920056783963,7.44451527560307,3.8946952506057e-33,0.49402625045874327,PASS,
2472,SOCS3,Treg,-0.418708696810598,-0.755961785109399,-1.26015529235642,-0.539808978314856,8.50666226019677,0.0014517685898657,0.4939849958423935,PASS,
2474,S1PR4,Treg,-0.907524284443064,-0.886097166283133,-1.2757272969064,-0.705164329788838,8.72086881691923,0.0001176612925214,0.49397569917778317,PASS,
2478,EVL,EC-tip,-1.86452532399398,-0.447374463396339,-0.744170248206273,-0.579903807860351,8.0009448602436,5.38285510924233e-106,0.4939226698437826,PASS,
2479,FAM214B,Mɸ4-infiltrated,-1.72974642972219,-1.41399136444871,-1.03861634181417,-1.03861010416376,7.67433284753291,2.49151800050919e-28,0.49391292449578206,PASS,
2481,FKBP10,EC-PCV,-0.667636763622221,-1.00549489001098,-1.19942758217297,-0.682145912208946,8.07759089077033,0.000377800737382,0.4938802010606759,PASS,
2483,SPCS2,dS2,-0.58667429437973,-0.545253104093761,-0.121385904752547,-0.164049603369331,8.83003496977101,1.5640212259883e-44,0.49384888069982347,PASS,
2493,AIF1,cDC2,-0.94903683638452,-0.320535995809305,-0.650620808562896,-0.307061421989003,10.5312359465008,3.52375715885374e-12,0.49357538908270226,PASS,
2497,PTPN6,Mɸ1-LYVE1,-0.899858486853685,-0.241347022027067,-0.179954325903789,-0.130170842739507,7.99141234645546,5.37235829864626e-26,0.4935268881297198,PASS,
2503,MT-CO2,EC-PCV,-0.677220862912524,-0.533580176776244,-0.418245900309134,-0.271549287383468,13.3565937257558,7.453823935572739e-16,0.4934688634361872,PASS,
2504,RARRES3,Mɸ1-LYVE1,-1.39944294565313,-0.467330602881929,-0.921852649629351,-0.545900384542854,7.56131366426296,2.34971075375966e-25,0.4934626463624558,PASS,
2505,RPL13A,B cell,-1.07246025768895,-0.153041296270343,-0.275522299923793,-0.160083467494837,12.1126910999985,1.67815637099167e-71,0.4934560271576727,PASS,
2507,S100A11,Mɸ4-infiltrated,-0.274015637670515,-0.216834305541878,-0.548197096736521,-0.0921455937952445,11.5335727119578,3.09842027598316e-25,0.49342587776369323,PASS,
2508,EEF1A1,Prv-CCL19,-0.407800696472728,-0.638926730851864,-0.668413586133151,-0.32982989211514,12.6589735055046,4.20781288298581e-27,0.49339573855912827,PASS,
2509,MT-ATP6,EC-aPCV,-0.198235425536822,-0.577930094048797,-0.422002056464378,-0.189197336408183,13.8453645509469,8.45422783834556e-22,0.4933849303356622,PASS,
2512,DYNLL1,cDC2,-0.267989171765549,-0.419051830248867,-0.650389313428761,-0.204471864626426,9.05965211644226,3.91421485804119e-06,0.4933656024619292,PASS,
2521,SH3BGRL3,Mɸ4-infiltrated,-0.211054688134529,-0.290252736048277,-0.565548215428581,-0.116811291850014,11.069559723214,1.14936264412081e-22,0.4932803387298865,PASS,
2522,ITGA5,cDC2,-0.337340359876764,-1.11053942835386,-0.219568667095599,-0.383604665316835,7.00229444319571,2.62674819227363e-09,0.49328014551571214,PASS,
2524,PRDX3,EC-aPCV,-0.297753818465095,-0.874180352672436,-0.934084671185497,-0.48208713749864,8.18277888017553,0.0002435858619875,0.49326444903594063,PASS,
2525,NINJ1,Mɸ4-infiltrated,-1.54597814446265,-1.13950925336829,-1.09253020236192,-0.910047191892863,8.20819586035603,8.36558429638047e-29,0.4932350972376507,PASS,
2527,ABI3,cDC2,-1.00507610344365,-0.506394359369746,-1.1372249919093,-0.542384797582443,7.9377525862266,8.14841689723083e-08,0.4932296453290847,PASS,
2528,RPL36AL,dS2,-0.240328088055386,-0.561096611770175,-0.6229183014413,-0.252127800767619,9.31527680669304,6.217290672764089e-42,0.49321991404647864,PASS,
2530,ACTG1,EC-PCV,-0.563252710197637,-0.616793128615692,-0.617993336078087,-0.343508066806648,10.8486769164989,2.17192029152431e-07,0.4932106402290889,PASS,
2536,HOXB8,EC-tip,-1.20302963970713,-0.132578552850359,-0.274164636318112,-0.186479636209562,7.17754576319456,4.532200253948e-36,0.49313015231469376,PASS,
2540,DTX3,EC-aPCV,-0.369493689415777,-1.14626775307157,-1.14983273612922,-0.675714712097034,7.83099371983597,7.08173811230252e-10,0.49308637804025646,PASS,
2548,LINC01857,B cell,-1.3627887080609,-0.0795431742636364,-0.113592889949763,-0.157351890378224,8.69590472797373,1.65484063322186e-10,0.4929605092410621,PASS,
2549,TNFRSF13C,B cell,-0.973597200078897,-0.190830905203815,-0.168828860176048,-0.135515405626642,9.15550299457373,1.97895435350608e-08,0.49290209284708114,PASS,
2553,SPCS2,Mɸ1-LYVE1,-0.852892367948322,-0.202334774768712,-0.121852675442777,-0.101749489700799,8.20323388287557,1.01222244839232e-30,0.4928592928443619,PASS,
2555,ACTR3,cDC2,-0.792714796222209,-0.0477267590899187,-0.421155897806648,-0.11136509608293,9.23381425676714,4.01941930620939e-08,0.49282228550202944,PASS,
2558,PRELID1,Mɸ4-infiltrated,-0.391162810786607,-0.425333396300405,-0.90033158017806,-0.31746099769878,8.7951764419042,3.4108750472435e-22,0.492753355105354,PASS,
2560,RPL13A,Mɸ1-LYVE1,-0.450112335596927,-0.0221217035725465,-0.331319669993751,-0.0036307061777782,10.49757095968,4.97724982041058e-24,0.49273681290292887,PASS,
2561,PLA2G16,Mɸ1-LYVE1,-1.77091074583477,-0.620780459287347,-0.801400725412976,-0.669289187820988,7.5295630012622,2.0406650707363e-37,0.4927259830323501,PASS,
2564,MT-ND6,EC-PCV,-1.03623998590887,-0.644227793974117,-0.472072024487811,-0.426534769394217,9.06594935741513,0.0008957407493835,0.49264102786849295,PASS,
2565,LGALS1,EC-aPCV,-0.22886428536758,-0.529704641076364,-0.832099108193258,-0.308207439001424,8.19147115624691,4.23850456531483e-05,0.4926398524691397,PASS,
2570,TNFRSF25,Treg,-1.44962154233849,-1.01038240131581,-0.975246482644628,-0.813397035219067,8.74985837109535,0.0012668667325709,0.49252832793683,PASS,
2572,PRDX1,EC-tip,-0.793951697663451,-0.639040916474722,-0.660888545395349,-0.42904415460931,9.36050336475182,1.28292639021847e-50,0.4924744155967991,PASS,
2578,FHIT,EC-aPCV,-0.683441767765801,-1.06856387173463,-1.2782365804109,-0.760461855003182,7.85504143878537,6.33671141648194e-05,0.492392374332637,PASS,
2585,MFSD2A,EC-PCV,-0.306042233880388,-1.69920136941165,-1.4910004421258,-1.00411031765914,7.95439175448677,1.37367355282796e-12,0.4922775148536979,PASS,
2589,HSPA8,B cell,-0.557124620874285,-0.659501520844081,-0.240623761113023,-0.271734368010542,9.3704152438124,1.14432929261198e-08,0.4922397183892098,PASS,
2591,OSM,Treg,-1.18470053684149,-1.15665946544701,-1.2684342989348,-0.90615144581785,8.35086027541196,0.0012570007167657,0.49219179612365876,PASS,
2594,CCL5,Mɸ1-LYVE1,-1.76179450084868,-0.90056631710949,-0.225948956467212,-0.629350521284102,7.27895649384896,4.02076739873248e-44,0.4921214691853134,PASS,
2595,CD74,Mɸ1-LYVE1,-0.852786312306032,-0.436147069469725,-0.385872134853869,-0.287845387520043,12.9001410972513,3.416809895121289e-30,0.4920996088944968,PASS,
2597,NOP53,B cell,-0.805342864449085,-0.308327843964971,-0.303666274528479,-0.205134635828836,9.82990797418454,3.9034835247283e-12,0.49196073895569425,PASS,
2598,TGFB1,Mɸ4-infiltrated,-1.37744158616369,-1.306061633045,-1.46225364467489,-1.06991447420075,8.55217935542814,4.21266334666338e-63,0.4919404703996536,PASS,
2599,RPL8,Mɸ4-infiltrated,-0.142034661103813,-0.0916945567874795,-0.584313028037498,-0.0553237450114845,10.7341527977936,1.27616280207435e-37,0.4919353421153637,PASS,
2603,TXN,cDC2,-1.02725255423624,-0.68914870288258,-1.37976855213026,-0.716640182722844,8.38386410695508,9.8661438772241e-11,0.49186813123560985,PASS,
2605,CTHRC1,EC-aPCV,-0.961187894581687,-1.93609052550523,-1.9735234543751,-1.39149823399197,8.2214563418844,5.98119738996838e-17,0.49184100882636805,PASS,
2606,CTHRC1,Prv-CCL19,-2.5990989379011,-1.66217975557701,-1.18727511653439,-1.40922786630745,8.40501776852576,9.47320602088537e-26,0.4918291826634693,PASS,
2612,HLA-C,EC-aPCV,-0.904506336738787,-1.50677554643676,-1.41867724597031,-1.04153818557114,10.7083279114256,4.92420450685098e-45,0.49171205174248184,PASS,
2613,TCIM,B cell,-0.998166552056364,-0.98877499756373,-0.960387688669325,-0.716407227846749,8.29975697719017,1.00417067296958e-09,0.4917046379725501,PASS,
2614,MT-CO3,Treg,-0.547982374100826,-0.427605732851939,-0.166238238591198,-0.165559553303903,13.5176154482466,4.09367897945418e-06,0.4916862540547794,PASS,
2618,CLEC7A,Mɸ1-LYVE1,-1.75246403873901,-0.705760970730851,-0.455258031441062,-0.621130374234619,8.33755817837478,1.13997569629721e-51,0.4916388027642895,PASS,
2619,MT-ATP6,dS2,-0.131397249178838,-0.45621741115321,-0.34212712904524,-0.139380464729873,13.9681012392505,1.4469695608632e-64,0.4916223370349172,PASS,
2621,SYNGR2,Mɸ1-LYVE1,-0.868642245030162,-0.235153323128795,-0.0745237728161056,-0.131692105119738,8.10937284910702,8.01623882047582e-29,0.4916151764387249,PASS,
2623,ARPC1B,Mɸ1-LYVE1,-0.847545114059131,-0.0973624930715465,-0.180329656329334,-0.101112961877693,9.22311564644773,4.18193449600027e-63,0.4916145798156305,PASS,
2625,ACTG1,cDC2,-1.03255977487146,-0.381163867269318,-0.547875937452944,-0.360523558608605,11.3867247257954,6.306226420210729e-11,0.4915667158945037,PASS,
2632,IL2RG,Mɸ1-LYVE1,-1.85864255688988,-0.582512222696277,-0.187857166067061,-0.522204815314902,7.3511271126374,9.73039522768182e-63,0.4914221856608997,PASS,
2635,PTMS,EC-PCV,-0.526949739132099,-0.626033003835729,-0.649458492314714,-0.385022046641276,9.58072062791478,6.22416215330121e-05,0.49134336234827003,PASS,
2637,PDGFB,EC-PCV,-0.0531304793571027,-1.13576316552427,-0.978196909228999,-0.586008429673964,8.05618209709531,1.55478289269576e-05,0.4913320936864456,PASS,
2638,APOD,Prv-CCL19,-0.042064544262461,-0.988140126418641,-1.05789524060034,-0.545805650408805,8.23412960864995,2.31474664748652e-11,0.4913297300528856,PASS,
2643,NINJ1,Treg,-2.15769080877572,-0.975637787919411,-0.908531119167459,-0.955721540040336,8.48153101107991,1.2664507072119e-05,0.4912694908470659,PASS,
2645,FAM43A,Prv-CCL19,-1.54820276769742,-1.13012893660231,-1.27591225551199,-0.991487521870368,8.26364798997811,6.244593867877329e-12,0.4912628101367647,PASS,
2647,EFHD2,Mɸ4-infiltrated,-0.580329193361177,-0.506655134409394,-0.763824934341205,-0.382420147392074,9.05425952418996,3.9920331968118e-22,0.49122751083654753,PASS,
2648,FTH1,Treg,-0.567391486756816,-0.449361007989372,-0.474289615074915,-0.274762165723742,10.9578380409247,0.0019536276665273,0.4912229739081993,PASS,
2650,SSTR1,EC-PCV,-1.11709981041917,-1.37000254490481,-1.38871763170431,-1.03072552729584,7.92443914982466,6.70317351361389e-07,0.49117750503786867,PASS,
2659,RNASE1,EC-PCV,-0.710341820807427,-0.149269170332189,-0.380572781657124,-0.160114869163007,9.88592123403295,0.0002758596105741,0.4910926885143652,PASS,
2662,HES1,Mɸ4-infiltrated,-2.06478460474894,-1.30462048764417,-2.09279794222812,-1.41539494016567,7.41818812356445,2.32429564577454e-40,0.49105749419498357,PASS,
2664,TNFSF13B,Mɸ1-LYVE1,-1.04365090693861,-0.313767363861036,-0.187107215459943,-0.244545516048998,8.21314831004704,4.55226969782659e-32,0.4910400610764429,PASS,
2666,CD300LF,Mɸ4-infiltrated,-1.19813624009611,-1.37102438683326,-1.31218726378967,-1.0291249073673,7.61159445827901,6.29941908716528e-24,0.4910277487671657,PASS,
2672,ACP5,dS2,-2.21401471397201,-2.00080816224387,-1.7324171410647,-1.63546703364906,7.2786665678857,3.68475475166309e-36,0.49096780198600803,PASS,
2674,PFN1,Mɸ4-infiltrated,-0.190192362916382,-0.0431785083500752,-0.55981729654391,-0.0614986282683658,10.0844830724133,2.20213279775665e-26,0.4909017541802369,PASS,
2675,NME1,cDC2,-0.869994212427801,-0.347313305011675,-1.0932812183743,-0.479291519031964,7.486777496615,5.36918650343113e-06,0.4908955142195699,PASS,
2677,SKIL,Mɸ1-LYVE1,-1.19343735941252,-0.575196235285161,-0.0319412999132614,-0.342622919519816,7.89092512300946,8.13914386131569e-37,0.49086417182439773,PASS,
2678,GAPDH,EC-tip,-1.10047923892039,-0.0166805004542897,-0.0260707755626139,-0.0961739640204001,10.1998356700802,3.9024810945931e-142,0.4908368016109915,PASS,
2679,CD81,EC-tip,-0.557717833716333,-0.181484270336907,-0.123842938664621,-0.0743100544132706,9.60007368990745,1.59826924651269e-41,0.4908349858862583,PASS,
2681,SH3BGRL3,cDC2,-0.151171434314855,-0.489596079354575,-0.299339347014904,-0.162516332645247,10.101759619551,2.70880499189895e-06,0.4907936621684375,PASS,
2683,HLA-DRA,Mɸ1-LYVE1,-1.68540441950064,-1.02664684399858,-0.965431099936905,-0.89807758787508,12.8287975751805,2.00675037308119e-55,0.4907719576787805,PASS,
2690,BZW1,Mɸ4-infiltrated,-0.929376469397601,-0.907701666258106,-1.05118323378994,-0.712039605176782,8.51740294388349,2.26879958019687e-30,0.4906834929633988,PASS,
2691,PPA1,cDC2,-1.25667730155116,-0.51228898308471,-0.647218452212648,-0.507004403727442,9.54823642984621,6.2617338851373e-07,0.49068135425128434,PASS,
2696,RPL23A,B cell,-0.64041444310456,-0.262293652294287,-0.315979394682803,-0.182929951391489,12.2996971093723,4.39402452012573e-25,0.49060421203023674,PASS,
2707,BSG,EC-aPCV,-0.430956140288541,-0.808697539921295,-0.952439419808407,-0.5417137453703,8.46785474108375,9.16064949118752e-05,0.4904397321382316,PASS,
2716,CD37,B cell,-0.750346565042931,-0.154496857311561,-0.312781162901778,-0.169308981507553,10.8447494771299,1.48286747300314e-15,0.4902554301312636,PASS,
2720,RPS18,Mɸ1-LYVE1,-0.376708290298134,-0.498003119499962,-0.90647341677426,-0.395918437954815,11.2017398612612,4.99081829671254e-24,0.4901980796302315,PASS,
2721,CORO1A,cDC2,-0.621785411849137,-0.16366658022366,-0.689766383408313,-0.252421327590179,9.13844786093253,2.11519171060506e-07,0.4901926016758176,PASS,
2725,UQCRFS1,Mɸ4-infiltrated,-0.418004865625976,-0.438712951196889,-1.06703403216782,-0.426707284063176,7.96493493630216,9.55215007207062e-21,0.4901592120271884,PASS,
2730,EEF1B2,Mɸ1-LYVE1,-0.952744635556334,-0.443315175419343,-0.815734892719372,-0.472035111925646,9.44665081078706,4.7620074222009e-26,0.490122141849864,PASS,
2731,EPCAM,cDC2,-1.51917576858193,-1.29655368750177,-0.772079453903121,-0.929094325809828,6.80372029643081,4.27188202775932e-07,0.4900984811101625,PASS,
2743,HAMP,cDC2,-2.30233770026875,-1.72029614173507,-1.28453887335878,-1.42397042979089,6.9853144544513,2.89116829665323e-13,0.4898797896824098,PASS,
2744,RGS16,B cell,-1.59591686620902,-1.32625446970164,-0.910836130592196,-1.00079762286502,8.34169523062669,1.55524640469473e-14,0.4898752066804313,PASS,
2745,MRPL17,EC-PCV,-0.2200591635476,-0.927869210178939,-1.10945774449335,-0.600441709694195,8.19325096979949,1.13753310833056e-06,0.4898627256223676,PASS,
2748,PLBD1,Mɸ1-LYVE1,-1.28627020145752,-0.36781376545969,-0.417117482171044,-0.406420053027617,7.78779431044984,4.23905502638764e-36,0.4898423224584878,PASS,
2749,JAM2,Prv-CCL19,-0.433195588584867,-1.55465184385585,-1.21058789533367,-0.930984230749534,8.26429261995301,3.80693898204278e-14,0.48983103103727865,PASS,
2750,PRNP,Mɸ4-infiltrated,-1.28424305770136,-1.64201606086691,-1.39512351592346,-1.20201019966017,8.33742342964547,9.5052506512915e-56,0.4898294145005294,PASS,
2755,RPL27,B cell,-0.261700128688695,-0.396081385283133,-0.654677011291079,-0.268809234389407,11.0646552774668,5.00812545083619e-17,0.4897560234720289,PASS,
2764,HLA-C,Mɸ1-LYVE1,-0.363529958667642,-0.8137140770825,-1.1514183429785,-0.600323853951957,10.5528344600784,7.551875271399591e-53,0.48963904014287646,PASS,
2766,SFPQ,Mɸ4-infiltrated,-0.886643684934526,-0.98298174332207,-1.22073584247481,-0.799821277692995,8.61781258642892,5.3121634457889e-41,0.48963163029012285,PASS,
2773,MT-ATP6,EC-PCV,-0.157679495171486,-0.533317205452968,-0.311079144713932,-0.210969949570437,13.8461808129479,1.89180973148851e-18,0.48953266678077245,PASS,
2777,MIDN,Mɸ4-infiltrated,-1.54507271332638,-1.28392455654324,-1.53757189637704,-1.15765670665346,8.14430665399719,6.57261396746755e-46,0.4894288592683426,PASS,
2780,STEAP1,Prv-CCL19,-1.36618882303572,-1.37889570549548,-1.47949962390598,-1.14229072127801,8.2358117639417,4.156803464235521e-15,0.48937353117449706,PASS,
2785,RPL27A,B cell,-0.292187152140778,-0.371346374320248,-0.539935125582642,-0.242361782470805,11.493849296074,1.16654157951693e-13,0.4893109221063642,PASS,
2786,GNA15,Mɸ4-infiltrated,-1.35053476111713,-1.17265522625738,-1.091280540722,-0.945466404178564,7.95341515796101,3.77554012334729e-29,0.48929327553794005,PASS,
2788,POMP,cDC2,-0.793669187094427,-0.1101732508359,-0.40148278750868,-0.206610060208042,8.69303802217905,7.39298219218885e-06,0.48923690201830644,PASS,
2790,H3F3A,EC-tip,-0.467419310927159,-0.223275285107122,-0.2033174098471,-0.128334249066316,10.5132969603732,2.80154260905453e-40,0.48923381342814454,PASS,
2799,PYCARD,cDC2,-0.479568741628439,-0.0420872259808267,-0.583043564314991,-0.166476093374214,9.14323665348594,1.17109358545911e-07,0.48911401878530625,PASS,
2802,CLEC14A,EC-tip,-0.725714766236927,-0.730838817426248,-0.720237103842194,-0.533223401222914,9.62339683173427,1.18557678803128e-40,0.4890421603623188,PASS,
2805,CD3D,Treg,-0.707336805414586,-0.414229823216999,-0.115632261831495,-0.235107101344084,10.5965487940719,2.75022526455629e-05,0.489016481414859,PASS,
2806,FKBP1A,EC-aPCV,-0.566412027006916,-0.140214798480153,-0.258646421153068,-0.136824450650758,9.66400165626545,7.10199752639825e-05,0.48897379289527776,PASS,
2812,MRPS6,EC-tip,-1.25515947894581,-0.504805088881564,-0.482145555119027,-0.491987656491849,7.75392817697433,1.71982399676808e-37,0.4888441708374079,PASS,
2815,RPL19,B cell,-0.340762115537456,-0.246566890026289,-0.242351969875834,-0.131941483181012,12.4244481148206,4.99093426424439e-09,0.4887596303362149,PASS,
2816,PFN1,cDC2,-0.881382692513401,-0.392647845874365,-0.796235357157317,-0.457124445797824,10.3939673192748,4.441442195173871e-15,0.4887494516470381,PASS,
2817,RPL28,Prv-CCL19,-0.0404214767054519,-0.537106721371004,-0.721653175265868,-0.317991674151048,11.2762318146145,2.02984305019238e-32,0.48874444695925945,PASS,
2818,SF1,B cell,-0.964669519130193,-0.477269922008554,-0.551745355952246,-0.440617665341875,9.06801317921846,7.22351684929564e-08,0.4887442813019952,PASS,
2820,CYSLTR1,cDC2,-1.63255465816382,-0.12683444177059,-0.84612011788644,-0.525089231697059,7.50606653294074,1.8197298361982e-08,0.48872305283034934,PASS,
2821,RPS2,Mɸ4-infiltrated,-0.304536584721827,-0.116388838833351,-0.769548806739349,-0.219582556499869,11.4281047847208,6.92312387291068e-48,0.48870720826443115,PASS,
2822,ALOX5AP,Treg,-0.31967967805444,-0.997993334902885,-1.09628300638339,-0.666948372825217,8.65417517435296,0.0020653155877664,0.4887032819625746,PASS,
2832,EMP3,B cell,-0.926668259542921,-0.97710407211737,-1.38912060981866,-0.871305119411018,9.15760838744026,4.786091850306e-17,0.4885781027983226,PASS,
2841,FCRL3,B cell,-1.23425470394076,-0.095551183089124,-0.626439785031278,-0.372665442499976,8.49493183359636,1.96416105701565e-10,0.48841874142853864,PASS,
2849,SUMO2,EC-aPCV,-0.0372167005860637,-0.275529814229072,-0.384780066996035,-0.131118030405908,9.36683244795575,0.000117854996902,0.4882170372012623,PASS,
2856,TGFB1,B cell,-0.877118979970284,-1.08174127861476,-0.813757492219201,-0.749829513368888,8.72094066840516,6.7331334783754e-10,0.4880909305862877,PASS,
2858,VWA1,EC-tip,-1.57587666495429,-0.368294272984755,-0.306973822928463,-0.471668712999035,8.88822701252911,1.25246110391529e-100,0.48808175623470773,PASS,
2863,MYL6,cDC2,-0.789269973339529,-0.529444658301823,-0.37025657686569,-0.389890449461477,10.2971153806849,6.271111869543979e-11,0.4879367003208564,PASS,
2868,RPS16,Mɸ1-LYVE1,-0.733006611411025,-0.269005975197874,-0.585350736715096,-0.336117694853552,10.3057473159969,3.53372178056422e-27,0.487832465415091,PASS,
2869,ARL4D,EC-aPCV,-0.0105024944952959,-1.10159588195024,-1.09848649782619,-0.660432494344571,7.87116906637167,1.5414558887994e-07,0.4878277708715798,PASS,
2872,ARPC2,cDC2,-0.666775857977345,-0.047536850427094,-0.386828250875695,-0.181510481547833,10.3127921012559,1.67172187713717e-10,0.4877786655604504,PASS,
2876,CD300A,Mɸ1-LYVE1,-2.48422120157517,-1.52176460887841,-0.992746831221129,-1.33141405388794,7.81891679779264,1.80492652694191e-71,0.4876589521342082,PASS,
2877,PMEPA1,Mɸ4-infiltrated,-2.34234277196979,-2.49200009175155,-2.6929184230427,-2.19266922182864,7.49249328681525,1.15503056332832e-101,0.4876479584896943,PASS,
2878,CHGB,Prv-CCL19,-1.51357302711931,-1.62328709757193,-1.62328709757193,-1.34129397800226,8.22776143666029,4.91454963337366e-21,0.4876321476505867,PASS,
2879,RAB20,Mɸ1-LYVE1,-1.0745636453332,-0.10594114720978,-0.472484181323494,-0.316562697236574,7.79604210223386,1.58404100764962e-27,0.4876149238600482,PASS,
2880,RNF19B,Mɸ4-infiltrated,-2.12613746562847,-1.91411253350922,-1.76365415996007,-1.63445792194502,7.77400675320625,2.24615792731386e-62,0.48761292729328004,PASS,
2883,CTSC,Mɸ1-LYVE1,-0.571353821394464,-0.973536931952201,-1.27932697687183,-0.781015205732207,10.2306268953713,1.53423522631304e-37,0.4875678522278635,PASS,
2885,TMEM59,Prv-CCL19,-0.411374961661411,-0.684889465881172,-0.888918021611296,-0.523406759009325,9.2851066683245,3.49086754536361e-13,0.4875554795430266,PASS,
2886,PGK1,cDC2,-0.93717351696835,-0.666938040284632,-0.195165164719482,-0.435287951883056,8.58286569281188,4.8480920239652e-09,0.48753300631554686,PASS,
2887,RACK1,B cell,-0.324257247137015,-0.302440048196649,-0.44108266369922,-0.231004450084378,11.0664093388998,1.70717534988679e-08,0.48751911255543895,PASS,
2888,CENPE,Treg,-2.02317665887216,-1.20227870544226,-1.13949695776552,-1.14437294368124,8.41924987787553,9.40245818345655e-08,0.487508226655527,PASS,
2889,PDE4A,Mɸ4-infiltrated,-1.5514111678175,-1.65047504793552,-1.40511205688597,-1.30084220742853,7.64064432486187,4.32316080884348e-37,0.48748304846636853,PASS,
2890,RPL10A,B cell,-0.39473624916951,-0.165679249451672,-0.279718863674453,-0.148472859242427,11.6055666839897,1.27200358696379e-07,0.48747942283580326,PASS,
2891,HLA-C,EC-tip,-0.741696491180583,-1.21094429787596,-1.4684201000911,-0.967340500458042,11.0942740035923,1.32812195631382e-164,0.48747305993699,PASS,
2892,XKR5,EC-aPCV,-0.155128512420123,-0.44719546127882,-0.440891819600265,-0.254200886002846,7.82685300365747,0.0002650534384436,0.48746807659936897,PASS,
2894,RPL15,B cell,-0.299046597321973,-0.318115412925588,-0.368677468366974,-0.213398548486768,11.7930479820486,1.29359569205098e-09,0.48745830109234733,PASS,
2901,RPL18A,B cell,-0.480148134439945,-0.303901461828362,-0.36373236151364,-0.246604226087359,12.401752457734,4.04086732154128e-10,0.48732586776096853,PASS,
2905,HTRA3,Prv-CCL19,-0.291048131567781,-2.08146015621355,-2.21698625681837,-1.44600232954125,8.27247891312337,7.80246083394047e-49,0.48716638361618186,PASS,
2906,HLA-DPB1,Mɸ1-LYVE1,-1.73952278289984,-1.22242404430848,-1.28390579381507,-1.13744998803855,11.4456569911749,1.67639333563661e-41,0.4871556533887498,PASS,
2907,TPM4,Mɸ4-infiltrated,-1.32049495964151,-0.878025793546102,-1.12018105615598,-0.863137811608281,9.25927733157764,8.05206788190079e-45,0.4871546359052087,PASS,
2908,RPL26,B cell,-0.425284316005917,-0.112481115230878,-0.117552537776524,-0.0967893029222984,12.2949999384282,3.72117897953244e-12,0.48715084192712954,PASS,
2911,TNFRSF18,Treg,-1.38796578091061,-0.268865284611076,-0.108435699697677,-0.356929723191114,9.92056031068679,0.0028783656238425,0.48711486447841806,PASS,
2912,IQSEC1,Mɸ4-infiltrated,-1.56358724393536,-1.18127227383328,-0.98189503871568,-0.999995289575267,7.80485607640127,3.07694624680663e-26,0.48705596646320687,PASS,
2914,ID3,EC-tip,-1.4091986948362,-0.301414129802888,-0.472189623795719,-0.47610956065456,9.95907820278526,1.27672435797924e-47,0.4869890156211338,PASS,
2916,RPL36AL,B cell,-0.197642650777878,-0.525352348372762,-0.411357166579579,-0.296173066607139,9.82803662031262,1.41633441666648e-08,0.48694993459817815,PASS,
2920,FHAD1,Mɸ1-LYVE1,-1.68922282632039,-0.853970948646211,-0.278825616546022,-0.7043379150986,7.24129798760642,4.46720990939116e-39,0.4868408230974987,PASS,
2922,INSR,EC-tip,-0.746235592316099,-0.923626902778113,-1.1268415599063,-0.768932544335085,9.57162912318565,3.37496235148974e-31,0.48675771037868437,PASS,
2925,PKM,Treg,-1.15864918720972,-0.111523894189435,-0.0323977432693303,-0.235616936588842,9.41936574725462,0.0067482551346578,0.486664426054654,PASS,
2927,ARF6,Mɸ4-infiltrated,-0.715709580461429,-0.74654629113673,-1.00817044912016,-0.660999367614589,8.47280175244354,1.33692834601312e-21,0.4866422155500154,PASS,
2928,RPL39,Mɸ4-infiltrated,-0.272711337775682,-0.123746132524024,-0.761642536263964,-0.256583302843959,11.3397667049658,1.11684577651104e-47,0.4866116777238695,PASS,
2929,HMGN1,EC-aPCV,-0.568968284302563,-0.923522295122522,-0.977279508585108,-0.693072487998007,8.75005114997668,0.0002564018382122,0.486602729639137,PASS,
2930,H3F3A,B cell,-0.484927202141938,-0.636588978590491,-0.543756061507326,-0.442668059156979,10.6385410899361,5.21280479780783e-18,0.4865841827751484,PASS,
2931,SEC61B,Mɸ4-infiltrated,-0.40052572469726,-0.288497844678155,-0.774723087772115,-0.351609098880944,8.74212354819361,4.37478529201358e-21,0.48657773916790553,PASS,
2932,FKBP2,dS2,-0.836293413301949,-0.76998986259736,-0.147559482659296,-0.461041380493877,8.58605956057026,5.86636261230165e-37,0.48654219250744063,PASS,
2934,NPC2,cDC2,-1.68844707710448,-0.281378362452707,-0.543125319704105,-0.555635649851893,10.0991729166735,7.42358667484386e-17,0.4865139411024994,PASS,
2936,MAG,EC-tip,-1.4712829622878,-1.67695091380353,-1.44452460746112,-1.3205262999226,7.19466722130083,4.97515130987833e-39,0.48646536171443505,PASS,
2937,RPS5,B cell,-0.452059062115916,-0.179857761492141,-0.205893661966947,-0.167053139433306,11.4509706983676,3.91136315794016e-08,0.48646492567042227,PASS,
2938,FAM89B,EC-tip,-1.12780045590218,-0.504180609880963,-0.740937574265572,-0.581702130178461,7.90548881024933,2.26578209667071e-40,0.48640111485370424,PASS,
2940,TSPO,Mɸ4-infiltrated,-0.431964852794315,-0.512030420393923,-0.719719946907202,-0.434600879651929,9.5187964090197,2.50722982954824e-21,0.48638463787231867,PASS,
2941,MT-CO3,EC-PCV,-0.642787013551184,-0.263797613688016,-0.208741739400152,-0.242220443578398,13.8435057692273,1.21825888070513e-08,0.48634953637722994,PASS,
2942,RAMP2,EC-PCV,-1.05131232856959,-0.272714359358441,-0.538729292812482,-0.420505723899325,9.66730150056098,6.87361287397951e-07,0.4863333880147292,PASS,
2944,SERPINB1,cDC2,-1.08138216094129,-0.562963829575067,-0.761405603199797,-0.602644611734834,8.83175712178591,6.4701050255866e-07,0.4863012323455216,PASS,
2946,SUB1,Prv-CCL19,-0.326207489646677,-0.743324746867062,-0.954895343844971,-0.570746133907178,8.96650621013843,3.80107685567432e-12,0.48628005638036603,PASS,
2952,GCNT4,Treg,-0.644818260490001,-0.399775726734712,-1.03865569475387,-0.526233815551652,8.37094155775535,0.0074197060534563,0.48616504054645737,PASS,
2953,C4BPA,cDC2,-0.696653287270499,-0.659818938651858,-0.696653287270499,-0.54545178863328,6.75201520133644,1.30786804180531e-05,0.48616429954674306,PASS,
2956,EIF1,Treg,-0.205379284481012,-0.519495877948969,-0.600260980138821,-0.363611931176731,10.9202909266978,7.51556402909106e-06,0.4861113728101192,PASS,
2957,RPS2,B cell,-0.525564922458889,-0.282336565855416,-0.233408911202802,-0.237467992709935,12.6547130445336,5.459114644108891e-15,0.4860816572571275,PASS,
2958,RPSA,B cell,-0.519825155340265,-0.15566654024827,-0.173364710589922,-0.170845266772153,11.4709147429233,4.46827399201695e-12,0.4860782828039399,PASS,
2959,RPL6,EC-aPCV,-0.21683852392319,-0.522040396106826,-0.461576615604473,-0.330259996142272,11.0284823040709,1.12844555968441e-06,0.4860574977746882,PASS,
2960,FKBP1A,EC-tip,-0.74877262133198,-0.599370386258798,-0.329091847742136,-0.434664197696706,9.85027930160793,6.39313264852189e-48,0.4860279271293934,PASS,
2965,RPS26,cDC2,-1.05426007695712,-0.379369850638215,-0.796465739762954,-0.540426212818696,9.90279269423856,6.888356950909019e-11,0.4859664602713817,PASS,
2966,CFL1,cDC2,-0.701894794320256,-0.314257160766279,-0.608285498824337,-0.390618153733062,10.5609588410596,1.41820111575167e-09,0.4859505524038341,PASS,
2968,MT-CO1,EC-PCV,-0.494957246321372,-0.567965687404131,-0.399479752559568,-0.391182299832245,13.7054242462309,1.24943869798087e-15,0.4859179687991704,PASS,
2969,TYMS,B cell,-0.60251889760823,-0.592230260729134,-0.363072326118715,-0.413150301147604,8.29588972022471,7.15561000867645e-08,0.4859090302031429,PASS,
2974,GADD45G,Mɸ4-infiltrated,-1.35171853932645,-1.53853122275244,-2.10533971753818,-1.43479701025023,7.33600010833931,1.12914948552625e-40,0.4858475205513934,PASS,
2976,FXYD5,Mɸ4-infiltrated,-0.675562025306862,-0.821955194466092,-0.923093501106326,-0.67377727321412,8.47246919249472,7.83388566392837e-28,0.48581357653453444,PASS,
2978,RPSA,cDC2,-0.169275940811373,-0.133104798305168,-0.483300454123273,-0.180181157049842,10.6426319595719,4.00329589800954e-06,0.4857926417437099,PASS,
2979,RPL29,B cell,-0.411598895325081,-0.219490645779531,-0.267341961241953,-0.205244587173037,11.833608854783,3.11068795374231e-08,0.48576899181746613,PASS,
2980,RPS16,B cell,-0.42681662882973,-0.285921277424576,-0.397676531734793,-0.269549290747878,11.7723504350158,3.45460237702094e-11,0.4857613549187284,PASS,
2983,DUSP2,Mɸ4-infiltrated,-2.40911681207836,-1.49135214261348,-2.37493396083004,-1.72289451114165,7.53665133288773,3.96797063996226e-51,0.48574449821720916,PASS,
2984,SLC16A3,Mɸ4-infiltrated,-1.34748591572098,-0.791019993444918,-0.200139127549228,-0.606351879954022,9.19183759349267,7.07058561033335e-32,0.48568764378906853,PASS,
2985,APOE,Mɸ1-LYVE1,-0.827558638512668,-1.9056150743122,-1.80235427675497,-1.38993984144601,12.1822792061532,2.24672392405418e-26,0.4856728300064885,PASS,
2986,C9orf135,Treg,-1.00625681011114,-0.957176189285292,-0.930968609684675,-0.801108856244556,8.33474483767404,0.0049631530488844,0.4856644734511263,PASS,
2987,S100A1,cDC2,-1.02304797121752,-1.02304797121752,-1.02304797121752,-0.856395909879899,6.75441522568394,5.06109344911843e-11,0.4856585707005505,PASS,
2988,CD24,EC-PCV,-1.80766813853577,-1.2968036308411,-1.31896509203214,-1.21487349949887,7.95385248168997,0.0001043571314345,0.48565434208742464,PASS,
2990,SRSF3,B cell,-0.420897300726038,-0.870444673598437,-0.394154238409158,-0.500366658408303,8.97366533429986,5.69398322575893e-09,0.4855623373540606,PASS,
2993,RPS26,Treg,-1.11775929837839,-0.833367184597836,-1.07346993077253,-0.816642172166865,10.5112890447058,2.60330497384456e-07,0.48554353214081564,PASS,
2994,RPL4,Mɸ4-infiltrated,-0.471279156904315,-0.375638518353187,-0.754060325485679,-0.417068883725617,9.57947070036509,2.21364289058948e-26,0.4854222297912258,PASS,
2995,RPS6,B cell,-0.392093097897355,-0.153013175454084,-0.214835813952506,-0.168701012407069,12.1371667796517,4.82501400941449e-08,0.48541658230178836,PASS,
2998,MT-ND3,dS2,-0.36394023325182,-0.598676436015016,-0.273712245873453,-0.353499755281284,13.6059646574131,1.0689083609106e-42,0.4853460599736337,PASS,
3000,HLA-C,B cell,-0.55057118882078,-0.787304049033862,-1.02753274419119,-0.672481729781256,10.6205515421555,2.90433568172136e-31,0.48527512838662634,PASS,
3001,TPI1,cDC2,-0.918646008499622,-0.341168620768484,-0.261798089284114,-0.365235615945824,9.03986487353974,1.31849709659997e-05,0.48526998191219284,PASS,
3004,GAPDH,cDC2,-1.27040093022237,-0.369481428664754,-0.494890440768053,-0.512967086167928,10.9449133468042,5.82039968500338e-13,0.4852355789396573,PASS,
3005,ACTG1,B cell,-0.477622326765819,-1.02975365259241,-0.452916275519033,-0.597362206173103,10.6191111282825,5.50158670737226e-23,0.48521426390316535,PASS,
3006,TRAF4,B cell,-0.199314090616015,-1.33653239959485,-0.752705442000411,-0.744386347572152,8.41247934449825,1.978146960926e-16,0.48519108862087307,PASS,
3010,HNRNPM,Mɸ4-infiltrated,-0.851813625235344,-0.667725304068366,-0.972366121277586,-0.674815574924301,8.51323226397601,8.32571645373695e-24,0.48514298650421833,PASS,
3015,RPL6,EC-PCV,-0.273163428806411,-0.500925099894512,-0.508366899015838,-0.36737827215849,11.0386664577598,5.16830290065663e-09,0.48497962910427783,PASS,
3021,PSME1,cDC2,-0.739203068777587,-0.396454950243752,-0.582611482254208,-0.443599312805731,8.62465678704109,2.44098862474944e-05,0.4849002739524929,PASS,
3023,LAMTOR2,cDC2,-0.448377874482546,-0.174668038067642,-0.711704063685202,-0.333207613681282,8.2174100259446,1.08570356067393e-05,0.48489123375089627,PASS,
3025,SIGLEC12,cDC2,-1.52229346772994,-0.223524643222143,-1.43614819538064,-0.774515530230441,6.83522935163237,4.04043596535603e-10,0.48480410323234774,PASS,
3028,UAP1,Mɸ4-infiltrated,-1.45985044858222,-1.21649759640485,-1.5681299268745,-1.19180800536444,7.46676263464051,2.99645753920181e-31,0.4847511580717985,PASS,
3030,ERGIC1,Mɸ4-infiltrated,-0.893714458829473,-1.21257300048692,-1.17141515043162,-0.961428968360471,7.89037973378328,6.59703527141897e-26,0.4847203813790694,PASS,
3033,RGS9,Treg,-0.217837726264083,-0.714550438284342,-0.468336491759086,-0.435601044202284,8.34271493457436,0.0039381294515207,0.4846208993323738,PASS,
3034,LPCAT1,Mɸ4-infiltrated,-1.246176768232,-1.19294030007644,-1.31851854399913,-1.06970809107571,7.6985181946012,4.47096814787981e-24,0.484619524477113,PASS,
3037,NNMT,cDC2,-0.343732170744787,-0.88867298438615,-0.241297841230497,-0.468643177562463,6.76905444721591,1.40730723133336e-05,0.4845986683996579,PASS,
3038,ESAM,EC-tip,-0.907069978797846,-0.634321890680632,-0.556868883440443,-0.569681914730943,8.90355388319589,7.852381541360189e-56,0.48459600621015964,PASS,
3041,VIM,cDC2,-0.418803396387488,-0.537482891158491,-0.296728392821392,-0.36240919968186,11.3445490602653,1.40602051109791e-05,0.48456145810868584,PASS,
3042,HLA-DQB1,B cell,-0.818596778250646,-0.482912879227082,-0.298935361202664,-0.423565535076854,10.3256577907665,5.26987112067242e-10,0.4845578246102964,PASS,
3044,RGS10,cDC2,-0.345670404064458,-0.0237995738696378,-0.435847667571507,-0.187305555693153,9.22274067083265,1.37302691809126e-05,0.48453042207265157,PASS,
3047,SIGIRR,EC-tip,-1.04846143296793,-0.676237040237441,-0.343115237546166,-0.559449916311995,7.89125631801186,1.63534053199344e-36,0.48449205602873063,PASS,
3048,ATP2B1,Mɸ4-infiltrated,-1.95105300410423,-1.35435647002661,-1.69477002650589,-1.39148930094902,8.62844169118746,7.49085666779743e-57,0.4844879267641313,PASS,
3057,POMP,EC-aPCV,-0.258131476773239,-0.554949304597574,-0.709983451786984,-0.452279828570756,8.7525728049354,6.80391646355343e-05,0.4843352632139939,PASS,
3059,MYL12B,EC-tip,-0.694073329090216,-0.193058497845426,-0.197315702466307,-0.263480165256552,9.70669057066136,1.12347965746379e-46,0.48432266311741073,PASS,
3061,EEF1A1,EC-aPCV,-0.288071875905037,-0.0835619445805572,-0.0272637834764719,-0.0956380910437853,12.9847470799245,3.54467163793203e-06,0.48424964242023205,PASS,
3062,TMSB4X,Treg,-0.323804355576466,-0.375577527307528,-0.766525159662731,-0.413443170513785,13.0940570943749,6.67529561846246e-08,0.4842238590281685,PASS,
3064,KPNA2,Treg,-1.10807885540866,-0.978260915117162,-0.871843724542789,-0.839993716368471,8.46408555567191,0.0030867610052699,0.4841532288698427,PASS,
3066,RARRES1,EC-tip,-1.87641237969873,-1.48856256048395,-0.898828684621366,-1.21413213880154,7.19348031996836,4.91797768417765e-51,0.4840630443189339,PASS,
3067,HSPB1,EC-tip,-1.1123451045568,-0.21908378777687,-0.11268532594191,-0.342283853288497,8.80471634937666,2.72842015052039e-54,0.48403787183131514,PASS,
3076,ANKRD22,Mɸ1-LYVE1,-1.25673286416398,-0.0526849096891986,-0.0513601751148311,-0.294135133599326,7.25413595909666,9.265820348139809e-36,0.4839259968176646,PASS,
3077,GIMAP1,Treg,-0.229871090318366,-0.610769610050028,-1.22226291186411,-0.61538101831481,8.61286858426345,0.0001963885406182,0.4839157842519398,PASS,
3079,CES1,Mɸ4-infiltrated,-0.788009047426991,-1.73864444340655,-2.09708660840576,-1.42323827609125,7.35504267440536,1.00375776053449e-44,0.4838446407531593,PASS,
3080,ISCU,EC-PCV,-0.128612238257091,-0.487305965304702,-0.659937839513536,-0.396151416878353,8.73798479529627,0.0004109329634737,0.4838276160911689,PASS,
3083,FMO2,EC-tip,-0.567653225737373,-1.70246858700179,-1.70107066436658,-1.25224227877521,7.25995269952153,1.91466857773482e-32,0.4837809906662157,PASS,
3089,PTGIS,EC-aPCV,-0.336181652153405,-1.33328479505875,-0.877901292903424,-0.830786580911948,8.02371452523306,7.47819910884108e-12,0.48370307025023485,PASS,
3093,NDUFB2,cDC2,-0.35826260127388,-0.085589571354858,-0.528878422699527,-0.256824594935094,8.8868282973988,2.74571663594887e-06,0.48363172195798737,PASS,
3094,CKAP4,Mɸ4-infiltrated,-1.35991225188441,-1.84757620099924,-2.06101703117389,-1.5815371093017,7.72097436643035,8.92612467748327e-60,0.4835742719698235,PASS,
3095,HLA-DQB1,EC-tip,-1.56046528772543,-0.221972246804358,-0.306962142298272,-0.499818981695309,7.58007730475961,1.02161176625143e-42,0.48341955269354286,PASS,
3098,SNHG8,EC-aPCV,-0.134813465382323,-0.283028155902499,-0.0488423006109904,-0.166245416453336,9.15259750222234,4.1998173609289e-05,0.48333093901451185,PASS,
3101,S100A11,cDC2,-0.676641701329129,-0.451829382007121,-0.639495162607126,-0.497762905000856,10.8380754412173,7.92464500623324e-08,0.4833044032123516,PASS,
3105,ID1,Prv-CCL19,-1.8593330840683,-1.97770913279831,-1.1995563235693,-1.50538416675632,8.34246799144166,1.80868351977768e-25,0.4831219595663962,PASS,
3106,PARK7,cDC2,-0.479564749520529,-0.0502466943302301,-0.498508976750773,-0.270540075905887,8.91865706537071,1.86395004437336e-08,0.4830957906921582,PASS,
3112,ACTB,B cell,-0.113496475667006,-0.581410349696351,-0.0651174474469682,-0.288612294722372,11.4633619680261,1.1410527422761e-13,0.4829349768705089,PASS,
3113,CFI,cDC2,-1.76710556348826,-1.49555296195078,-1.56479103513499,-1.39501046471493,6.8429756099681,8.89458484419538e-11,0.48292513547597876,PASS,
3115,HPSE,Mɸ4-infiltrated,-2.10527747677484,-2.59432307008486,-2.70721751961214,-2.24536473510449,7.78917713453972,2.73440157094093e-110,0.4829116722417733,PASS,
3116,RPS19,cDC2,-0.0858885091399661,-0.0539719752738943,-0.330915191597985,-0.152911963347719,12.2401439576669,1.31094959304433e-05,0.4829004317935789,PASS,
3118,NPM1,Mɸ1-LYVE1,-0.0848048229534303,-0.616363201374964,-0.708707348979411,-0.468876083424459,9.1524717262353,2.1694313662889e-30,0.48285750313489617,PASS,
3119,PABPC1,Mɸ4-infiltrated,-0.325483309364462,-0.3980301705677,-0.565405096002186,-0.394874103498964,9.9761440288513,1.06679997068716e-20,0.4828540411393772,PASS,
3122,HLA-DPB1,B cell,-0.495500917321192,-0.874223672923382,-0.913872351455376,-0.707258299438013,11.1448044446037,8.26710194871231e-29,0.48283490778256427,PASS,
3123,UPP1,Mɸ4-infiltrated,-0.84111536373334,-0.958827178872664,-1.29129757920799,-0.914679542892293,8.82167605528959,2.12979464612754e-37,0.48277990486254707,PASS,
3125,RACK1,cDC2,-0.0174394387675089,-0.265204111870709,-0.496962278874867,-0.266283799493491,10.6394412215197,1.17627674946254e-07,0.48276275610793196,PASS,
3126,ATP5MG,cDC2,-0.154418262746593,-0.0911353144034454,-0.495042740804819,-0.227941318934467,9.75751882161046,1.13649083121387e-08,0.4827108990770829,PASS,
3127,FRZB,Prv-CCL19,-1.66922080389963,-1.93855612343778,-2.59367556040519,-1.84861842088315,8.73969546756192,1.33071768617165e-47,0.48269043910974696,PASS,
3128,GAPDH,B cell,-0.416964327161122,-0.654137479929599,-0.177329093770448,-0.411907246348812,9.64237582379979,1.8947015496896e-08,0.48268097522111125,PASS,
3134,LY6E,EC-aPCV,-0.339006630553319,-0.823877871403458,-1.00376252530767,-0.684769225846623,8.95179652622641,1.9835346166823e-09,0.48258150413311707,PASS,
3137,BLOC1S1,cDC2,-0.465135521080915,-0.120986093513629,-0.605828615064964,-0.333997118380959,8.43718249646642,6.04638334101213e-06,0.48254861479591876,PASS,
3140,SPINT2,EC-PCV,-0.838569081372883,-1.33732817633871,-1.17944110171141,-1.03782402287968,7.95285143104302,0.0007819899624976,0.48246869945754955,PASS,
3141,CREM,EC-PCV,-0.523364256098155,-1.25333590282747,-1.30999951907705,-0.97577782148081,8.0531101581604,5.46600429451376e-06,0.48246827028518374,PASS,
3144,RPL11,Mɸ1-LYVE1,-0.0799950677759318,-0.3084481961679,-0.627750886328293,-0.337253773499174,11.0338880819749,1.99432456740187e-25,0.4823952188901188,PASS,
3149,BAMBI,cDC2,-0.640118808536768,-1.0830470179903,-1.0830470179903,-0.873366391908736,6.75774893336937,8.10532054357465e-11,0.48229891512205514,PASS,
3153,VMP1,Prv-CCL19,-0.362104544384019,-0.295786985397599,-1.19342973663115,-0.543504033908446,9.33042750921455,3.87173955883063e-12,0.48223096620071404,PASS,
3155,WFDC2,EC-PCV,-2.63610671373943,-2.0106116537183,-2.19429668377079,-1.97991904649034,7.9637747386212,4.18609443009359e-17,0.4822009116983287,PASS,
3159,IER3,Mɸ4-infiltrated,-1.54072576899085,-1.52613876132696,-1.20242396917213,-1.2714149256684,9.18428294672665,1.66975985297835e-39,0.48207273742127543,PASS,
3163,RPL3,Mɸ4-infiltrated,-0.173727595370869,-0.124843965231302,-0.617246213360121,-0.290067952685215,10.6280338371086,5.76152637903838e-27,0.482062394078581,PASS,
3165,SPINT2,EC-aPCV,-0.0747155350223273,-1.27648395348388,-1.33293454073502,-0.907264266475426,7.85312324335061,5.94687657270217e-10,0.4820485843268623,PASS,
3167,SST,Treg,-0.89067531842094,-0.89067531842094,-0.89067531842094,-0.801461510015086,8.32912366375016,0.0095717548244765,0.48204731020215197,PASS,
3170,EMP3,Mɸ4-infiltrated,-1.51839817469084,-0.419777984623603,-0.671372691794069,-0.691206759770342,10.3182631417084,3.76479105825543e-24,0.4819583452205924,PASS,
3175,RPL7,Mɸ4-infiltrated,-0.291722344838493,-0.0495154202168594,-0.503349775463906,-0.258941893607036,10.066482042083,2.5847082942641e-21,0.481865489679799,PASS,
3179,GIMAP7,Treg,-0.57912984901415,-0.387319274875574,-1.56539725553709,-0.732559083844516,9.06441667595792,1.57910343589889e-08,0.4817131688552683,PASS,
3181,RPL13,Mɸ4-infiltrated,-0.116263769560758,-0.142260662673798,-0.694274024775004,-0.313287763015551,11.7468037406369,4.93497975423323e-44,0.48168209241025806,PASS,
3182,RPL15,Prv-CCL19,-0.147081997768105,-0.712006889558467,-0.664159819767224,-0.528319382060053,11.3624541085959,5.50099174533941e-29,0.48167761827249744,PASS,
3184,ETF1,Mɸ4-infiltrated,-0.527525982369653,-0.727897117889635,-1.2640902227588,-0.77239620997693,7.88616696278132,8.07293122892356e-26,0.481646867945856,PASS,
3185,CD53,cDC2,-0.153105931553493,-0.488899473172982,-0.047523474095422,-0.283548120489159,8.63886731011213,6.00425846564658e-08,0.48159232601379875,PASS,
3187,TYMP,B cell,-0.0801812920079902,-0.808859595589678,-0.0123890109953231,-0.382980319965123,8.66298980783323,1.2132182650649e-08,0.48154484975857215,PASS,
3188,ODC1,Treg,-1.52904494722833,-0.314242275511999,-0.493124941556263,-0.613320403170496,8.64935042134168,0.0010028245914686,0.4815249829067108,PASS,
3189,RPL27A,Mɸ1-LYVE1,-0.0125899065483104,-0.328956971480725,-0.722147335587818,-0.374198299589685,10.4492127931008,1.93338213531324e-42,0.4815088613492655,PASS,
3190,P2RY8,Treg,-1.40735445003354,-0.828852652210306,-1.16106745978264,-0.966295227284193,8.39140107794777,0.0063504383106344,0.48148834075919145,PASS,
3191,BGN,EC-tip,-3.04922583898951,-1.02018291369474,-1.2255861474525,-1.40903713628891,7.91156617802636,1.44391585877318e-154,0.48147668169782476,PASS,
3192,GSTP1,EC-PCV,-0.216112919285441,-0.463149670719277,-0.62313520432967,-0.440957630022232,9.11835086423572,4.36129686076496e-05,0.4814138858079759,PASS,
3193,S100A16,EC-PCV,-0.173496555665041,-0.619947280662785,-0.808015977127177,-0.542656720828875,8.74434766246051,4.43122344706504e-06,0.4813493149678398,PASS,
3195,RPS15,Mɸ1-LYVE1,-0.0964584779884252,-0.379304215719855,-0.635284800090638,-0.391270365155167,10.7151748636205,5.022194362682e-29,0.4812795562296298,PASS,
3198,EIF1,Mɸ4-infiltrated,-1.0125786247001,-0.885535584209051,-1.06764621025295,-0.886779356967207,10.905614900212,9.16636070299131e-94,0.48117593769418815,PASS,
3199,RPL9,Mɸ4-infiltrated,-0.289767804598872,-0.173156112341588,-0.581357389400328,-0.339647342135327,10.8561186162009,1.88001577645255e-29,0.48116499325193307,PASS,
3200,ARPC3,cDC2,-0.332137600185932,-0.0137756896528428,-0.267973715073969,-0.207044945723006,10.4802011377059,6.44580048531251e-06,0.48112276055943326,PASS,
3202,RHOG,B cell,-0.599068712750203,-1.07046264553922,-0.768004662840649,-0.795168395011147,8.52435975685984,4.13436396172902e-09,0.48110802062941543,PASS,
3203,RPL24,Mɸ4-infiltrated,-0.168565257081435,-0.212580982788276,-0.754775211360344,-0.377646854537715,10.1535463274648,1.13353910976073e-39,0.48109820911869217,PASS,
3211,RPL19,Mɸ1-LYVE1,-0.366675253290679,-0.559089359335524,-0.859966617175888,-0.579372807450051,10.916214760251,4.485375794278e-24,0.48092861328885306,PASS,
3212,RHEB,EC-aPCV,-0.220309331085298,-0.826757155028648,-0.92245052427869,-0.669549365388376,8.36202195822524,1.99396771867363e-06,0.48092464912212374,PASS,
3214,EEF1A1,B cell,-0.392288716883473,-0.175185442885457,-0.10559232919562,-0.244134698967459,13.2499753749975,2.66853890675489e-12,0.4807766119594291,PASS,
3215,RPL29,Mɸ4-infiltrated,-0.187369025264195,-0.232190181548791,-0.711824168099771,-0.385308451237216,10.5837095099307,1.71674169379432e-33,0.4806915318022655,PASS,
3216,RPL24,Mɸ1-LYVE1,-0.336503676494114,-0.579262478689497,-0.855308649467469,-0.584906644739623,9.97472742462387,6.14577097291811e-25,0.48064967439828193,PASS,
3217,PTMA,B cell,-0.196806852182426,-0.521361451149995,-0.430726267035985,-0.423539824249609,11.4941104073488,3.87655553035756e-19,0.48063039124920587,PASS,
3218,HLA-DPA1,B cell,-0.138963805934979,-0.490417637503571,-0.459965737012816,-0.408269910802569,11.0286681316571,1.20686093933021e-10,0.4806221149054076,PASS,
3219,PIM3,B cell,-0.465659059957776,-1.34445775366196,-1.08194475150251,-0.967780243710651,8.5050971527353,1.78673572857003e-18,0.4806182320460329,PASS,
3221,CCL2,Mɸ1-LYVE1,-2.20735956275583,-0.563997781484737,-0.829822595041211,-0.957856562602217,7.8289626333165,2.98896477167282e-33,0.48050428307447546,PASS,
3224,HLA-DRA,B cell,-0.689765864729053,-0.402669941056537,-0.374561646215216,-0.466174579273055,12.3656802181119,1.56666455776796e-15,0.4803958401266306,PASS,
3226,RPS26,B cell,-1.68527661970981,-0.928688321355245,-1.53715415261287,-1.18406019882921,10.267033520103,2.39499572476089e-33,0.4803179757153497,PASS,
3227,RACK1,Prv-CCL19,-0.0857800052044083,-0.752945342760818,-0.851349242559612,-0.606756746683161,10.8600040912907,9.02447226561723e-41,0.48030718854762217,PASS,
3228,TRMT6,Mɸ4-infiltrated,-0.284253622195336,-0.782007729032605,-1.45656891114402,-0.819603140611929,7.47268017634391,3.82398580843728e-23,0.4803021241373416,PASS,
3229,ATP5MG,Mɸ4-infiltrated,-0.189254400208526,-0.132417140246973,-0.659508170732628,-0.342821026736338,9.2080347523961,7.50282584144594e-26,0.48026946686306554,PASS,
3232,TSPAN13,Mɸ1-LYVE1,-1.84768389667705,-1.02089683015787,-1.30565676604837,-1.19225306909344,7.20613531196637,5.30215306761757e-26,0.4802221830467482,PASS,
3235,C1QTNF4,Prv-CCL19,-0.580156065336113,-1.39782135822464,-1.53647590037792,-1.1419738606876,8.30204131174064,3.19904163049316e-15,0.4802031790027491,PASS,
3236,RPL32,Mɸ4-infiltrated,-0.209757074656543,-0.207082400447378,-0.947469873903585,-0.452301382768056,11.1442680440226,9.93603711198316e-63,0.4801859364788677,PASS,
3237,GBP1,Mɸ1-LYVE1,-2.74314716200146,-0.759227825818557,-1.13012463800512,-1.23371295913538,7.58850081941919,2.35739739037245e-77,0.4801817693980405,PASS,
3238,CCR7,Treg,-1.33990016121012,-0.714585759613578,-1.46305835111019,-1.01211879815348,8.5330051364348,1.36214346917721e-05,0.48012626610905895,PASS,
3239,S100A4,Mɸ4-infiltrated,-0.72039008799094,-0.455013529499852,-0.846745792420493,-0.622684687029238,11.2900708755843,3.26259092824601e-21,0.4800585883505977,PASS,
3241,SPAG9,Mɸ4-infiltrated,-1.14093207015707,-1.00102644864075,-1.2774389735736,-1.03528870635225,8.13350059478441,1.97608684456857e-31,0.47989669013318903,PASS,
3242,SERPINB9,Mɸ4-infiltrated,-1.89475670478821,-1.91909058091147,-2.44413483229251,-1.8822224316089,8.4113039801837,2.94141441185303e-82,0.4798899870289237,PASS,
3243,TREM1,Mɸ4-infiltrated,-1.63684436495385,-1.45955481176991,-1.04972027831751,-1.25605167699558,8.45678357906779,3.36918779078856e-42,0.4798744536493364,PASS,
3245,RPS7,Mɸ4-infiltrated,-0.115558792128229,-0.152194059676589,-0.691321719450863,-0.353108322296276,10.5073053815632,6.01697183122739e-35,0.4798138147738576,PASS,
3246,SLC25A6,Mɸ1-LYVE1,-0.229143057184922,-0.508832811067428,-0.83834670926221,-0.548215432039906,8.93033849550657,1.80572549280289e-23,0.4797905680853553,PASS,
3248,CXorf36,EC-PCV,-0.669649993470313,-0.994339705377583,-0.996165386366889,-0.863332036884731,8.84885039470772,5.81412264609194e-07,0.4797776218691658,PASS,
3251,RPL12,Mɸ1-LYVE1,-0.24402061144505,-0.462222279290833,-0.916580300177568,-0.555936862221705,10.882835473287,3.79596808406999e-37,0.47969787375261674,PASS,
3252,RPL22,Mɸ4-infiltrated,-0.244806167488138,-0.11069024245225,-0.58937816661619,-0.33865031922931,10.2331451197684,8.04204317679823e-28,0.47969275543535594,PASS,
3253,MRPL51,cDC2,-0.321949114945208,-0.0028753997044315,-0.562588247058551,-0.307065992609783,7.96887712318666,2.39920207073196e-05,0.4796787351874968,PASS,
3254,PF4,Treg,-0.570681498026104,-0.570681498026104,-0.570681498026104,-0.570681498026104,8.32641633829349,0.0036570161204615,0.4796784640187792,PASS,
3255,DYNLL1,EC-PCV,-0.408416877875789,-0.296957313780336,-0.564623805726205,-0.434154608507716,9.26011305400774,0.0004977838489888,0.4796708319546134,PASS,
3259,ECSCR,EC-tip,-0.735435693309669,-0.105101980559974,-0.0391034403794568,-0.293380712937938,8.81250023183989,3.26291086640642e-41,0.4795570412603349,PASS,
3260,FAM96B,B cell,-0.0151405889915881,-0.718003127110104,-0.572797771607036,-0.520322901762727,8.61771646120123,1.63741157548764e-08,0.4795372622488995,PASS,
3261,SERPINA1,Mɸ1-LYVE1,-2.20639542895352,-0.494845194903282,-0.187027646997491,-0.778388660748875,8.02024752277381,1.18063884225201e-99,0.47948973281076407,PASS,
3264,PSME1,Treg,-1.01395141928659,-0.419478445319082,-0.339834900275222,-0.545946708432268,9.31680490209318,0.0065406621122407,0.4794549268730898,PASS,
3265,RRM2,B cell,-0.395719150125547,-0.308277539069547,-0.0285640723075913,-0.301319226839756,8.29183367964916,2.39588705380487e-09,0.47945492400971695,PASS,
3266,UBL5,cDC2,-0.272081638843059,-0.0312885926382654,-0.417454301754428,-0.275394243908944,9.05803358094762,4.65487531244564e-06,0.47941765899987954,PASS,
3267,RPL28,EC-PCV,-0.263702084375125,-0.389770604551842,-0.522503832655078,-0.434668849178771,11.4640978236537,9.587022864927641e-15,0.47940037979195876,PASS,
3268,CCNB2,Treg,-1.4926523363931,-0.86875873234069,-0.805939171611801,-0.937840078008506,8.39179377444969,0.0024969901826602,0.4793954298907083,PASS,
3271,B2M,EC-tip,-0.120887433771049,-0.551000498310611,-0.675211083806392,-0.5087086477721,13.1645223954286,2.49887525633244e-89,0.47932100225521984,PASS,
3274,RPL28,Mɸ1-LYVE1,-0.0719729971392675,-0.542063176070537,-0.79876510616044,-0.529943827187886,11.239573200601,1.14693391221945e-54,0.4792289253009035,PASS,
3277,RPS6,Mɸ4-infiltrated,-0.0471193363914802,-0.0032024788433358,-0.650099009274691,-0.287707599898977,10.7177762095948,2.59096269583521e-36,0.4791202865237673,PASS,
3281,RPL27,Mɸ4-infiltrated,-0.212068223599674,-0.206540635965937,-0.745691419739099,-0.421480069933656,10.1762082352794,4.96129306447504e-39,0.4790363062194734,PASS,
3283,HLA-B,EC-aPCV,-0.230707254495167,-0.628571702872623,-0.603977273459119,-0.546887489229074,11.4138533031681,1.65258924333554e-14,0.4789904717239759,PASS,
3284,TAGLN2,cDC2,-0.285071736527156,-0.67464575958778,-0.259896067272706,-0.485806273310818,8.49879117145577,6.65683543658126e-07,0.47897265337220274,PASS,
3288,PDIA3,cDC2,-0.912828587841305,-0.144947939494681,-0.48070295934383,-0.470498674793168,8.72119202817422,3.45181119060532e-06,0.4788840800419569,PASS,
3289,RPL4,EC-aPCV,-0.407851005330449,-0.267178360057441,-0.125554162342149,-0.32536565700755,9.77531358357913,1.13996469066941e-05,0.4788485103519186,PASS,
3291,FMO2,EC-PCV,-0.756071317967156,-2.36529369992541,-2.34978697122687,-1.81237389465866,8.18132277618828,5.830898773572e-37,0.478796695126521,PASS,
3292,RPS24,B cell,-0.182408921070108,-0.223345027077667,-0.266025032158321,-0.30238449711577,12.0516215484244,1.9429869755697e-07,0.4787959242177876,PASS,
3294,EZR,Mɸ4-infiltrated,-2.24030307876885,-1.47720157982511,-1.97238124991998,-1.66040234393541,8.451953816821,4.3863955541933e-63,0.4787406164769252,PASS,
3295,TNFRSF18,B cell,-1.70451209349893,-1.67459332589316,-1.546586141081,-1.50782868231277,8.32332451040274,2.85460434229506e-21,0.47870792120074734,PASS,
3296,RPL23A,Mɸ4-infiltrated,-0.203279587582243,-0.0983635721846621,-0.59994493834195,-0.34866224177774,10.522164168494,1.17340280064509e-26,0.4786840466816543,PASS,
3298,NINJ1,B cell,-1.09034847414107,-1.37788456204124,-1.1750120395509,-1.16415868374483,8.31761376636798,9.84503447012917e-12,0.4785992921367564,PASS,
3302,SNN,Mɸ4-infiltrated,-1.36375571331565,-1.07217849145916,-1.41681075820551,-1.16768500907708,7.61004894391549,1.37943537618126e-27,0.47852042845938814,PASS,
3303,RPS26,Mɸ4-infiltrated,-0.679567035387373,-0.499917531877426,-0.64636099019608,-0.607821767510157,9.67954639332258,3.60869609725625e-25,0.47844585427403974,PASS,
3306,RPL18A,Mɸ4-infiltrated,-0.103147795774837,-0.178647477074142,-0.755463210847561,-0.405885060698685,10.921590836364,3.5919037255275e-40,0.4783463575252518,PASS,
3308,GAPDH,EC-aPCV,-1.31996821334385,-0.3114291138532,-0.398716598587908,-0.60346064120185,10.4595370152961,1.32663163489765e-32,0.47830541391147036,PASS,
3309,RPL6,Mɸ4-infiltrated,-0.230175240387323,-0.0536841307910533,-0.597488377063149,-0.344457541581955,10.6610850462851,1.04457316372861e-29,0.4782957920635072,PASS,
3311,RPS16,Mɸ4-infiltrated,-0.688186051520752,-0.439416235195355,-0.845826623545923,-0.642677987310901,10.8309597178224,1.38341723522417e-55,0.47824525390323724,PASS,
3314,RPL21,Treg,-0.0102259470462856,-0.0525023750036878,-0.30927925574961,-0.229342536752177,11.6995402672262,0.0087236745360136,0.47821130795581246,PASS,
3316,PPIB,cDC2,-0.532183831452194,-0.0547139426941622,-0.528900112927439,-0.388262392772262,8.92427244654898,6.51525411628591e-08,0.47817203861427104,PASS,
3317,SMOX,Mɸ4-infiltrated,-2.03457563153385,-1.8541790823614,-1.94137831485247,-1.76620612700755,7.49195203762128,4.04182518593562e-55,0.47817033147084886,PASS,
3318,EPCAM,EC-PCV,-1.57038803784766,-1.37944186506047,-1.45117450219221,-1.34476704092057,7.92673692030478,3.73989186137352e-06,0.4781652715775987,PASS,
3319,KDM6B,B cell,-0.956232352893345,-0.837651777017372,-0.231948336305045,-0.688034691389459,8.43966853523042,2.25965740365414e-07,0.47813559041859705,PASS,
3320,ARID5A,Mɸ4-infiltrated,-1.68497130280368,-1.31497100567521,-1.54195914222178,-1.36880902092696,7.68180165473663,3.27058988171864e-37,0.47811542839424676,PASS,
3322,RPS15A,Mɸ4-infiltrated,-0.0518899561342001,-0.0172604523537132,-0.682835099289703,-0.324030285055128,10.664168639672,6.483076086970891e-35,0.47803312372503726,PASS,
3323,CREM,Treg,-1.15675098916113,-0.767838923997131,-1.49918101542712,-1.03827937106694,8.85143122904143,2.21186331056513e-07,0.4780265586350262,PASS,
3325,PPIA,B cell,-0.148263686281178,-0.523590171149239,-0.457303867657876,-0.471626432038667,9.73938037034583,5.86903716163482e-09,0.478015551421489,PASS,
3326,IVNS1ABP,Mɸ4-infiltrated,-0.969999983897381,-1.12931277144743,-1.61044770037141,-1.16970319787856,8.50210952151866,3.18637830141165e-40,0.4780134857632137,PASS,
3327,RPS12,Mɸ1-LYVE1,-0.0850199327899511,-0.58338376541946,-0.934565552471582,-0.606085861113603,11.5467739952685,6.53662357334456e-58,0.47800619362947927,PASS,
3329,COTL1,Mɸ4-infiltrated,-1.11295086945736,-0.419370994308608,-0.487584961683889,-0.631246210578914,10.1046195330587,3.60449468878137e-27,0.47796839344743136,PASS,
3330,NACA,Mɸ4-infiltrated,-0.298944441039023,-0.29103541902384,-0.630816990676409,-0.460448110709642,10.2543890549733,2.39105011932993e-27,0.4779556741882798,PASS,
3331,RPL26,Mɸ4-infiltrated,-0.388507390283594,-0.262263664630085,-0.864612418961807,-0.528057959623409,11.0508316220963,9.91466724470702e-42,0.47795447944800407,PASS,
3333,DYNLT3,EC-aPCV,-0.0871912113578417,-0.980735863437096,-1.0230495525495,-0.781499534491287,7.92005443437489,1.60050209942889e-05,0.47791728274880607,PASS,
3337,ATP5F1E,Treg,-0.114376568864216,-0.0558930273207198,-0.3243906915687,-0.263918210001059,10.8969711171644,0.008559764931881,0.4777430166676476,PASS,
3339,GCH1,Mɸ1-LYVE1,-1.61134603795985,-0.451202597364539,-0.653230276733665,-0.791190713877623,7.23424689373741,2.12415114426756e-40,0.47773163859028517,PASS,
3341,IGKC,EC-aPCV,-0.143770410107977,-0.259238821172577,-0.762303304577327,-0.457704117863478,7.92761196054375,1.61556976040545e-09,0.4776964265180995,PASS,
3343,RPL36,Mɸ1-LYVE1,-0.0868210152634373,-0.250777674701276,-0.603410099145048,-0.403072930092193,10.5483738187711,7.20315156227365e-27,0.47766792774902933,PASS,
3344,FAM129A,EC-aPCV,-0.642918508493173,-2.03966261355569,-1.97225541082082,-1.56704430187479,7.8987441439933,3.61000568447763e-15,0.4776392774300196,PASS,
3345,GPCPD1,Mɸ4-infiltrated,-1.45865951205662,-1.21136872521029,-1.16688807186148,-1.1872757762125,8.35878116823635,4.40898476362281e-36,0.47762927132479455,PASS,
3346,PIF1,Treg,-0.82536736734204,-0.861518157037119,-0.610736080865674,-0.779024042052374,8.34625553776756,0.0005321644205553,0.4775750527996835,PASS,
3347,MAD2L1,cDC2,-1.33228470092324,-0.0129034071710559,-1.10510775162004,-0.693746267808242,6.99465242722244,4.44919374113532e-07,0.4775362485729596,PASS,
3348,SH3TC1,EC-tip,-1.57101105649988,-0.485142693885187,-0.322648070964627,-0.713727934553522,7.30775024980408,1.25627676310068e-43,0.47750752620582393,PASS,
3349,CXCL8,Treg,-1.36400955887045,-1.36400955887045,-1.30324092184732,-1.2658113820458,8.33347721605041,7.37318030186096e-07,0.47749753789949323,PASS,
3350,H3F3B,Mɸ4-infiltrated,-0.840916562199758,-0.793477233468991,-1.10134111457391,-0.887262397577575,10.5261346299272,1.3033277907936e-83,0.4774583010058492,PASS,
3353,HLA-C,cDC2,-0.40441015393711,-0.418588066441027,-0.459980843075851,-0.493801364836447,10.3291488136688,7.92704910571317e-06,0.477438393610214,PASS,
3354,LINC01013,EC-PCV,-0.614778887017939,-1.48815652952519,-1.53210177632142,-1.22541384631125,7.92644115124533,1.90615292085397e-10,0.47742263703626403,PASS,
3355,QSOX1,Mɸ4-infiltrated,-1.16665944100618,-1.49397384281181,-0.95211046397378,-1.18398952621968,8.08970805554445,4.45705747200544e-34,0.47737174327620285,PASS,
3357,NFKB1,B cell,-1.50877709376611,-1.42104778576065,-1.05011141495936,-1.25288848257082,8.54791418576231,1.92867872117401e-19,0.4772925771080088,PASS,
3359,HLA-DRA,cDC2,-0.33767435037127,-0.420134142140151,-0.151544068767374,-0.406550124140331,13.9921023848837,3.9104568206007e-10,0.4772328311333239,PASS,
3360,RPS28,Treg,-0.0911624344991445,-0.0067077951858977,-0.330229610575151,-0.253930751780797,11.9841232866208,0.0002077555853042,0.47720882522442787,PASS,
3362,BID,cDC2,-1.22846872060321,-0.283235158641929,-0.622440418840655,-0.653975964446812,8.01570166464535,1.06029442742352e-06,0.47711938968624623,PASS,
3363,RPL18,Mɸ4-infiltrated,-0.239895582818381,-0.169817669052256,-0.591406724445501,-0.410895878354503,10.5088389031018,1.44681843368936e-25,0.4770877106974905,PASS,
3364,SRSF3,Mɸ4-infiltrated,-0.52361576136749,-0.610231171761496,-1.1621350032889,-0.778228511209289,8.75752404509496,2.04419614940072e-42,0.4770579728593589,PASS,
3366,NEU4,cDC2,-0.859274315010251,-0.859274315010251,-0.859274315010251,-0.859274315010251,6.75042160019972,2.31687111664913e-06,0.4770208506854302,PASS,
3369,FAU,Mɸ4-infiltrated,-0.262185635097626,-0.199728290427232,-0.54529652745714,-0.41639772789655,10.8189717204429,1.27326705835685e-28,0.4769783852150685,PASS,
3370,COL9A3,EC-tip,-1.64069669893981,-0.890244926763923,-0.793882233902144,-1.01284532063618,7.20254303947988,6.76743059548345e-38,0.4769479028779417,PASS,
3371,RPL6,Treg,-0.245749937114584,-0.143363325281496,-0.376743260060396,-0.350300287162451,11.3906276340624,0.0043440361747553,0.47694249653124593,PASS,
3373,STK40,Mɸ4-infiltrated,-1.56063470182897,-1.5509940772273,-1.48248263098302,-1.43679664603255,7.66646795501086,8.288293046937599e-43,0.47689506028230005,PASS,
3376,SNAI1,Mɸ4-infiltrated,-3.45253973457599,-2.40592325275014,-2.96552548670941,-2.61558138220209,7.55798193526319,1.82182306443819e-122,0.4768266952391463,PASS,
3377,RRAGA,EC-PCV,-0.411942456590673,-0.761982605027053,-0.94163243784291,-0.759343636629461,8.31785356220511,0.000380130517714,0.47682567341760457,PASS,
3378,RPS4X,Mɸ4-infiltrated,-0.144175585955171,-0.140495384285645,-0.626257228572445,-0.396524198523621,10.7535114729051,1.18806851811529e-26,0.4767912877397745,PASS,
3381,HLA-DQB1,cDC2,-0.445680609765718,-0.386372933933914,-0.15476600729578,-0.426118950275053,11.8241947688946,1.43540907379876e-06,0.47669663083962205,PASS,
3384,RPL23A,EC-aPCV,-0.109729249169979,-0.158604185855425,-0.0092144341735967,-0.245217931856538,11.274851011129,1.68308992247692e-09,0.4765390470915979,PASS,
3385,CD22,EC-tip,-1.24508020523351,-1.7075183237673,-1.47658339186835,-1.43764356896095,7.20224172599439,1.03260655173708e-35,0.4764844294968087,PASS,
3386,UBE2C,Treg,-1.21843963325306,-0.947233504152414,-0.778998061629013,-0.952299488167038,8.40005108929229,0.0005776341036734,0.4764825393875417,PASS,
3387,S100A9,Mɸ4-infiltrated,-1.88474271314578,-1.83366526304606,-1.83522080181497,-1.71892860732242,12.3906299787323,3.86418873553561e-82,0.47648108620588414,PASS,
3388,RPS12,Mɸ4-infiltrated,-0.0198065290992916,-0.0839047993849497,-0.784694509135427,-0.399906457791683,11.4664513266624,1.32563038223075e-49,0.47643238262699816,PASS,
3389,RPL15,Treg,-0.0645179371743423,-0.226309269924539,-0.454514462957954,-0.375975089455222,11.3833363776649,0.0002998940478327,0.47641966001659014,PASS,
3390,TYROBP,Mɸ1-LYVE1,-0.164241708702481,-0.423422219534091,-0.55153787560254,-0.492301607823205,11.0418645683303,7.37583504120724e-27,0.4763981004137039,PASS,
3391,RPLP1,Mɸ4-infiltrated,-0.222079217083044,-0.158948635064701,-0.800092958494492,-0.470428942657614,12.0305721580894,1.63938089364962e-54,0.47639593318482854,PASS,
3394,TPT1,Mɸ1-LYVE1,-0.84366868919181,-0.348334944857815,-0.482975243653168,-0.579244865016505,12.4909670217346,3.04607401153231e-26,0.4763737397275778,PASS,
3395,SERF2,EC-aPCV,-0.148494661101005,-0.0203623283829551,-0.201058584826614,-0.255181592563316,10.1957719791717,5.45678934987396e-09,0.4763209597631832,PASS,
3396,RPL41,Mɸ1-LYVE1,-0.0654506006000563,-0.385157795114948,-0.535411427062256,-0.456852540148637,11.9578982026616,1.29649388875379e-27,0.4763147363677206,PASS,
3397,RPS16,Treg,-0.0696778902995291,-0.172540636024461,-0.511973137740529,-0.374108227066412,11.2612565235306,1.61643619598803e-06,0.47631270182055,PASS,
3399,UXT,Treg,-0.406598678195933,-0.403254200621149,-0.839419572980094,-0.608281028864614,8.88405737892834,0.0040926624105744,0.47625338381434595,PASS,
3402,MMP28,EC-PCV,-1.05681705727115,-1.28087655970622,-1.26586639625783,-1.18110574945491,8.20491591873418,9.35894346559426e-06,0.47615904603119996,PASS,
3403,HLA-C,EC-PCV,-0.642417009013854,-1.05688471878119,-0.944514829550222,-0.929709540445259,10.9035896666915,5.244628256894e-28,0.4760446504718495,PASS,
3405,MYDGF,EC-PCV,-0.704502060859665,-0.969441189801649,-1.0243734977171,-0.930579086646658,8.37883961310266,0.0001358961163311,0.4759940365375494,PASS,
3406,SELL,Mɸ4-infiltrated,-1.37985128357288,-1.14198576638652,-1.83246162117933,-1.34855668289299,7.63780103431036,2.20480096165046e-32,0.475985082877428,PASS,
3407,LGMN,cDC2,-0.271562559237381,-1.18905442018391,-0.206801476306948,-0.718254853979778,7.12098933308234,1.43015833550058e-08,0.47597029239608085,PASS,
3409,RPS24,Mɸ4-infiltrated,-0.0164795569750269,-0.0043619595073356,-0.667863964085823,-0.351234098072386,11.46790918349,9.71714986149966e-51,0.4758898736606806,PASS,
3411,PPIA,cDC2,-0.146074453671646,-0.0531202689039714,-0.514223793685386,-0.354436337350254,9.71393481937284,9.525774168570239e-12,0.4758798991883861,PASS,
3414,MOB2,Treg,-0.696173310930227,-1.01929166251747,-1.15900859636398,-0.986245615402253,8.47552683425135,0.0017036656897537,0.47581028782086676,PASS,
3416,NRGN,Treg,-0.878950489637201,-0.963814770777953,-1.06452854039928,-0.977963207332667,8.33536656724242,0.0010261983997526,0.4757186624365965,PASS,
3418,EEF1A1,EC-PCV,-0.34904078872444,-0.0392854453046061,-0.0920246920984957,-0.28515825393675,13.0101221961976,1.67595513642478e-06,0.47570883634381955,PASS,
3419,TMSB4X,cDC2,-0.520303774661029,-0.134445855180366,-0.330615236327792,-0.413265011391171,13.9032787474253,2.1413366676162e-08,0.4756493494246498,PASS,
3420,RPS13,Mɸ4-infiltrated,-0.415401522344154,-0.407611376218936,-0.986139526212913,-0.660612934349539,10.7010727374059,1.60669614484369e-57,0.4756405415440887,PASS,
3422,IFI6,EC-aPCV,-0.0140385222764521,-1.52593777489408,-1.53705282467705,-1.15102096850305,8.40271038079996,6.30679902237853e-27,0.47560143779318215,PASS,
3423,CYTOR,Mɸ4-infiltrated,-1.76463907782301,-2.03955223114733,-2.13810563515992,-1.87200394700886,8.20188993966508,1.87353541472584e-79,0.4755908443592772,PASS,
3424,SUB1,Mɸ4-infiltrated,-0.3284587871053,-0.377313311590773,-0.966074338273428,-0.628889298260814,8.810230665062,1.31741353191909e-34,0.47556513143888074,PASS,
3426,RPS29,dS2,-0.0541842599713525,-0.186392598770399,-0.563635614169381,-0.404330222860634,10.9738872953975,3.3005972675415e-42,0.4755415765583881,PASS,
3427,PTMA,dS2,-0.580611456437769,-0.350767796967581,-0.543508141711777,-0.561080673872108,11.2463154148545,4.95239062470085e-36,0.4754602622177122,PASS,
3428,SST,EC-tip,-1.25272355642257,-1.25272355642257,-1.25272355642257,-1.21743021543297,7.13777583386419,4.66930228110119e-38,0.47542065654117244,PASS,
3432,TBCB,EC-PCV,-0.772889200897835,-0.695565791850314,-0.991905300878989,-0.843293772203794,8.31079124247338,0.0003313178247365,0.47535172617242893,PASS,
3435,RPL29,Treg,-0.0486473900268569,-0.113854241203292,-0.370081277597055,-0.333131312238003,11.3169478346752,0.0006748053607353,0.47529087060272396,PASS,
3436,UBA52,Mɸ4-infiltrated,-0.320420423297714,-0.173212300964085,-0.491521659778584,-0.43754045005349,10.7085831343095,3.37442840884105e-29,0.4752413440665101,PASS,
3437,WNT6,Prv-CCL19,-0.390468078146056,-1.22974557985876,-1.54827762169356,-1.11898494513221,8.34226771547525,4.94484934409706e-18,0.47522808250239046,PASS,
3438,RPS14,Mɸ4-infiltrated,-0.376865745752405,-0.233192315001074,-0.761284991376059,-0.539147355604548,11.0983648272199,8.288293046937599e-43,0.4752189696634751,PASS,
3439,HS3ST3B1,Mɸ4-infiltrated,-1.21966206666313,-1.35673862088972,-1.30171021120247,-1.26714878452508,7.37395467581558,8.67569493309339e-23,0.4751990535951625,PASS,
3440,RPL37,Mɸ4-infiltrated,-0.147109076835261,-0.017545708523917,-0.635190222061486,-0.386023902525892,11.1020234737509,1.86844140012258e-38,0.47519108079040867,PASS,
3441,S100A16,EC-aPCV,-0.18156992566713,-0.667919792835509,-0.674099498062227,-0.639574932069243,8.80436307836552,0.0001986925897915,0.47517290536538687,PASS,
3442,CEBPB,Mɸ4-infiltrated,-0.456045448205665,-0.631427366728504,-0.908037100855014,-0.739508411825296,10.4160873221158,5.77565209037356e-29,0.4751439742036592,PASS,
3443,EEF1A1,Treg,-0.13857723529846,-0.13364562055559,-0.409395616701704,-0.370453514798196,12.7876886276956,4.84279189940893e-05,0.47511894978511654,PASS,
3444,TM4SF1,EC-aPCV,-0.262345597504823,-0.176260034612295,-0.472913016593973,-0.425583711828675,9.71130872129825,0.0002145066235502,0.47510102487961986,PASS,
3445,EIF1,B cell,-0.0387909391376375,-0.587429980300503,-0.417126115475713,-0.520377570154102,10.5221685986087,3.29794119072726e-26,0.47501355594309663,PASS,
3446,COL9A3,B cell,-1.09167356879834,-1.0522866126011,-1.07607531163748,-1.06878457412729,8.32515999353763,1.66395764535161e-07,0.4749656072548121,PASS,
3447,RPL19,Mɸ4-infiltrated,-0.168168322621503,-0.250059614820076,-0.797298570560657,-0.520763973526424,10.9326304802096,6.48588957053834e-48,0.47489433893941674,PASS,
3450,SKIL,EC-tip,-1.15426055135992,-0.403081329403099,-0.241296711144319,-0.62781852074724,7.89660297249522,1.00632375484387e-32,0.4747849862734115,PASS,
3451,RPL35A,Mɸ4-infiltrated,-0.349258988448453,-0.226695011980805,-0.676340984937226,-0.51889298843421,10.5784213434632,8.17627893423115e-32,0.4747313316696636,PASS,
3453,RPL5,Treg,-0.0730464488631096,-0.243660746898626,-0.54239838404132,-0.441130520536045,10.989384378902,1.37989636283017e-06,0.474608643213226,PASS,
3454,MKNK2,B cell,-1.15834909663033,-1.20208857614921,-1.10799550138746,-1.15409157140414,8.67706648128834,1.11833119031133e-15,0.47453682842397477,PASS,
3455,SMCO4,Mɸ1-LYVE1,-1.04819997769523,-0.0619626421819714,-0.176326483691095,-0.47345221492824,7.5071948815763,5.33982334908546e-28,0.47445569964617956,PASS,
3456,IER5,Mɸ4-infiltrated,-1.35213062315943,-1.39526202330245,-0.803198239978279,-1.18901875560063,8.20898120303424,8.71996651391892e-30,0.4744095679189195,PASS,
3461,RPS29,Mɸ1-LYVE1,-0.256463106339298,-0.395803046629703,-0.860966212265098,-0.618789457506035,10.7790548558361,2.4088591141489e-30,0.4742344700261179,PASS,
3463,COX6C,dS2,-0.75306223178402,-0.474062567031713,-0.681821689486386,-0.696948305011841,9.99211524041316,1.94557383139939e-44,0.47422740046674716,PASS,
3464,RPL11,Mɸ4-infiltrated,-0.151186243088209,-0.160646737104107,-0.681046301475671,-0.46850078068237,11.1183375146052,4.40949669770272e-40,0.4742154806910866,PASS,
3465,HLA-DPA1,cDC2,-0.312820913507751,-0.317623456605813,-0.0524851912728526,-0.398840370530765,13.0892772149472,3.36140645899725e-08,0.474173296964694,PASS,
3467,KLHDC8A,EC-aPCV,-0.0984558095665644,-0.580954790455346,-0.590319606494966,-0.590319606494966,7.82723720545145,7.29028836429331e-06,0.47407716810698824,PASS,
3469,IL3RA,EC-tip,-1.11991248880264,-0.0906899195980893,-0.0050096607806674,-0.465212975374182,7.89552221013621,2.51947802672348e-39,0.4739276921478422,PASS,
3470,CDKN2C,Treg,-1.61354232418979,-0.888076427253552,-0.515769184083637,-0.986005837909991,8.45098241588881,0.000111333580925,0.47373702405729023,PASS,
3471,H3F3A,EC-PCV,-0.0189104658942817,-0.353787576942656,-0.414872716198488,-0.455625775106581,10.013407563583,1.80879911251649e-05,0.47371677640427423,PASS,
3473,GAPDH,Prv-CCL19,-0.915457844698971,-0.0172561287917769,-0.205178001003594,-0.454926991735107,10.4560538381136,4.11791018606018e-17,0.47361720221943493,PASS,
3474,SRGN,Mɸ4-infiltrated,-0.596242323665974,-0.726677021213199,-0.692648881599402,-0.772720144771094,12.0342907729441,2.18658403643957e-31,0.4736148150066379,PASS,
3475,BACE2,EC-tip,-1.06987798584052,-1.10920963479627,-0.849217296062775,-1.05036462213787,8.28131762898773,1.63120064751851e-48,0.4734636887549633,PASS,
3478,RPS26,EC-aPCV,-0.350121158971197,-0.215490996860726,-0.640105924914492,-0.530625395369602,10.2729465649348,1.17707030581456e-23,0.4733988565338365,PASS,
3479,GBP5,Mɸ1-LYVE1,-1.87718054096869,-0.284071849044961,-0.933081061188518,-0.929434864964082,7.32931476742214,3.3712131571665e-56,0.4733937147248446,PASS,
3480,RPS6,Treg,-0.0765960949352983,-0.164943561101155,-0.438485525679418,-0.41283603124457,11.5480696525218,4.50066850020344e-05,0.4732916459174765,PASS,
3481,APOC1,Mɸ1-LYVE1,-0.706717145693551,-2.22969816184076,-2.47320533593471,-1.85443204593844,10.8512752585096,2.13850054295383e-67,0.47328289618083613,PASS,
3482,NDUFB11,cDC2,-0.132845490592278,-0.0174230370697079,-0.447950855720004,-0.373885205801788,8.3052230582421,6.9687074559573e-06,0.4732640616308159,PASS,
3484,RPS21,EC-aPCV,-0.5729178508346,-0.151052646529381,-0.0508090799033489,-0.406601012547051,11.4555527561747,1.84358339817449e-15,0.47321549489833736,PASS,
3485,CTHRC1,EC-tip,-0.717765487061752,-1.06624230954713,-1.19102952129869,-1.05779462937736,8.71296081943733,9.98315923787212e-38,0.473214824350856,PASS,
3486,HAPLN3,EC-tip,-1.68857260420921,-0.867958616659696,-1.08557387950145,-1.14956043309213,7.42478683871828,8.20008053054319e-55,0.47318896814213607,PASS,
3487,EIF3K,Mɸ4-infiltrated,-0.288961665923408,-0.222853362574966,-0.850766478868709,-0.579947976571641,8.75692776228889,1.73597404279327e-29,0.47313104153227126,PASS,
3488,HBB,EC-PCV,-0.829768663557183,-1.0181025558886,-1.0181025558886,-1.0181025558886,7.91545377174027,1.2463353934816e-05,0.4731193236247881,PASS,
3489,RAMP1,dS2,-0.357476256436164,-1.01740426646761,-1.07687437633976,-0.941875963643173,10.0156953196444,1.5549300775574e-87,0.4731096614762182,PASS,
3491,IL1R1,Mɸ4-infiltrated,-0.784531258670035,-1.89758558614047,-2.9852540725392,-1.88582119838773,7.61244060700609,5.82197983986919e-90,0.47298758868535884,PASS,
3492,BCAR3,Mɸ4-infiltrated,-1.60115566286659,-1.35189356001271,-1.6405627442286,-1.46573592733583,7.3048471296267,2.22390882099461e-28,0.4729669944164395,PASS,
3493,ENC1,Mɸ4-infiltrated,-1.95492854263514,-2.22321217581765,-1.60109348751711,-1.87138773883647,7.52896124103752,2.58404583725445e-54,0.4729662266400173,PASS,
3495,RPS23,Mɸ4-infiltrated,-0.177816565844317,-0.139366754509102,-0.765432039587971,-0.511328160614364,11.0787802720573,1.91833558155477e-41,0.4729349124968905,PASS,
3496,SYNPO,EC-tip,-1.1423591803521,-0.782269286720301,-0.127734992531621,-0.76971957372298,7.74579904019305,5.07426065242369e-35,0.47286777145473585,PASS,
3497,H3F3A,Mɸ4-infiltrated,-0.613545518754257,-0.655594110363602,-0.898531360627643,-0.815769780257257,10.9334225963219,1.5768755037816e-70,0.4728376516914086,PASS,
3500,KANSL1-AS1,B cell,-1.14604817019752,-0.2122209978702,-0.724618019012034,-0.715493750317938,8.34574087170947,9.5686000442516e-10,0.4727452403159892,PASS,
3502,TACR1,EC-aPCV,-2.5749155160584,-0.403946647271972,-0.488737725195669,-1.01424786970853,8.2174436951275,4.30658922026704e-14,0.47271175660057124,PASS,
3503,GAPDH,Treg,-0.587728441172637,-0.063569159003643,-0.0175701507328683,-0.381185439819713,11.2003506620748,0.0013685626832561,0.4726560342410878,PASS,
3507,HLA-B,EC-tip,-0.25352186975344,-0.528313351584168,-0.575749870090063,-0.622985674821142,11.3828634060006,9.20079778366835e-54,0.4726229564604814,PASS,
3508,LINC01480,EC-PCV,-1.09401939457271,-1.09401939457271,-0.962001955159824,-1.09401939457271,7.92019951371157,7.83093810870955e-05,0.472477419533477,PASS,
3511,MTHFD2,Mɸ1-LYVE1,-1.17228046130911,-0.312837922011308,-0.13618332384381,-0.617404344211548,7.57796390075603,2.91604516487816e-30,0.4723039702813441,PASS,
3513,RPS3A,Mɸ4-infiltrated,-0.205593174280847,-0.122205531714386,-0.749770905404361,-0.519073932542433,11.0035832658536,5.38626727646937e-44,0.47226081488809524,PASS,
3514,VPS37B,Mɸ4-infiltrated,-1.08089855638402,-1.19364487270254,-1.22546499291622,-1.20086796059407,7.4990586617477,3.38161297537328e-22,0.4722555111908889,PASS,
3517,FTH1,dS2,-0.47119503375286,-0.307198833508796,-0.546592354110224,-0.58662164139268,11.3625535356206,1.56016715917768e-49,0.4721031674024267,PASS,
3518,EIF1,dS2,-0.0039959399508404,-0.189267360329022,-0.395748675750019,-0.420777483114791,10.2326450710408,4.59728297078738e-42,0.47208136467964856,PASS,
3520,PLXDC2,Prv-CCL19,-0.138540946129148,-1.66988978063586,-1.76088878645951,-1.34375043746686,8.25719781497316,2.04303926051638e-28,0.4720715716521227,PASS,
3521,RPL30,Mɸ4-infiltrated,-0.197172490536145,-0.246537974358789,-0.76116494546347,-0.568261836556088,11.0896171714916,1.04827772027621e-42,0.47205655580925193,PASS,
3524,RPLP1,Treg,-0.0718903338381251,-0.250220936288906,-0.633551591555884,-0.51650020730622,12.733957792623,3.17112545654206e-10,0.4719421508402809,PASS,
3525,DLGAP3,Mɸ4-infiltrated,-1.67851617505701,-1.9299367270567,-2.09270318943953,-1.84529862647277,7.32745927442688,3.64538347018367e-51,0.47187343113457514,PASS,
3527,RACK1,Treg,-0.129949638067912,-0.327011014036468,-0.660898449061886,-0.564055159011197,10.6710326352717,3.30969452850857e-08,0.47179680266150126,PASS,
3528,TESC,Mɸ4-infiltrated,-0.0588144158013855,-0.693498211821813,-1.67849963985268,-0.944650766848133,7.42061438439663,8.47936191590077e-29,0.47175440613260067,PASS,
3533,HLA-DPB1,cDC2,-0.099302937591103,-0.288890795378035,-0.125796282137639,-0.41568767968746,13.0309424110468,1.08213037603429e-05,0.47164573167798607,PASS,
3536,FTL,EC-aPCV,-0.0024731400306458,-0.272584929502858,-0.368464520286102,-0.453617235923818,10.5684683387533,1.62280738827475e-06,0.4715375555649843,PASS,
3537,RPLP0,Treg,-0.180501222808636,-0.0940336460878185,-0.492785075147325,-0.454386170607975,10.2941214106755,3.46080862517764e-05,0.4715243413481826,PASS,
3538,RPL34,Mɸ4-infiltrated,-0.196104583749782,-0.147877965586735,-0.727426201903858,-0.535459810048937,11.1385163266087,2.23822393385089e-43,0.47147227446406215,PASS,
3539,TYMP,Mɸ1-LYVE1,-1.7703644823988,-0.750857187702018,-0.435435704852926,-0.984282806909438,9.38890858790466,1.43523554324863e-76,0.47140133774296655,PASS,
3541,SELENON,EC-aPCV,-0.260837634394833,-0.941321836326747,-0.702920041308119,-0.831292839355807,8.09916711175179,7.13119901199562e-05,0.47121186200139675,PASS,
3542,ATP1B3,B cell,-0.155661397658467,-0.926045211073192,-0.695851996627085,-0.80473181152786,8.46252750294817,2.00070478395177e-12,0.47118354767332965,PASS,
3546,EMD,Mɸ4-infiltrated,-1.25024748859852,-1.02330177156083,-1.12974145589061,-1.16339210016137,7.68110412433008,4.68353048376341e-23,0.4710784199017969,PASS,
3547,PRMT1,EC-PCV,-0.210947900906242,-0.783031142109121,-0.867917108832354,-0.808143007034278,8.42764125370816,0.0001626608722247,0.47107195725203266,PASS,
3551,PDLIM3,EC-PCV,-1.79225026827937,-0.919508901896273,-0.62451995707791,-1.10468846566045,8.12072848999119,0.0001749304485368,0.471016028340195,PASS,
3552,NMB,EC-PCV,-0.572182320172696,-1.37211476245967,-1.45478261624238,-1.24800955261312,7.98090696263667,7.34009597746541e-07,0.47098889718871373,PASS,
3553,SOCS3,B cell,-0.070652513684985,-1.41706564810249,-0.14701941751962,-0.837627873413212,8.36357653015708,4.475196552696911e-25,0.4709536400213757,PASS,
3554,PFDN5,Mɸ4-infiltrated,-0.39076834137804,-0.495929117451227,-0.544654724572181,-0.660362290484031,10.1276766015656,1.24860728365708e-36,0.47088555968177426,PASS,
3555,IER2,B cell,-0.698419409008491,-1.06791007381738,-0.398506962438875,-0.889958653428348,9.03746866848663,3.52911226297303e-11,0.4708791083751732,PASS,
3556,RPL3,EC-PCV,-0.602466778009349,-0.628793956710206,-0.688226325857316,-0.783920249456226,12.1432916827806,1.72089415159604e-25,0.4708775405672786,PASS,
3557,COX4I1,Mɸ4-infiltrated,-0.176540426796893,-0.312025097793578,-0.828980725498154,-0.626436534809684,9.3181682712164,1.54515838341819e-38,0.47086115888208835,PASS,
3560,HLA-E,EC-tip,-0.0750385749028068,-0.469180128465459,-0.517265201376295,-0.587419098987829,10.730465574242,5.117704289281361e-67,0.4707807192187005,PASS,
3561,RPL15,EC-PCV,-0.275110271657042,-0.352716973244838,-0.398104158507067,-0.554236868272114,11.4069059407905,2.07839728046327e-05,0.4707463117992932,PASS,
3566,TOX,EC-aPCV,-0.0064162632963789,-0.637647274427172,-0.58078679665762,-0.65751734687075,7.83089161262596,1.58369084262874e-06,0.4704039270278004,PASS,
3567,TAGLN2,B cell,-0.0523622404878199,-0.678725272423841,-0.705491391580962,-0.71185609011245,9.12402201099057,1.90307199540347e-11,0.47039583882435765,PASS,
3569,SERPINB1,Mɸ4-infiltrated,-1.30950284796791,-1.07618758645265,-1.31101613135238,-1.25416316067547,8.88416586762326,5.0000447832639e-54,0.47026528856399963,PASS,
3572,MIR22HG,Mɸ4-infiltrated,-1.00340113415571,-1.40301800725646,-1.59330271234435,-1.39260129796266,7.51484524670378,2.34279724477136e-35,0.4701430782481794,PASS,
3573,MYO1G,Mɸ4-infiltrated,-1.33721152847694,-0.942263456880709,-0.15645405036596,-0.919973654367428,8.28543438264318,2.33680821336315e-28,0.47012227564204656,PASS,
3574,RPS27A,Mɸ4-infiltrated,-0.169233887295593,-0.0914423074690158,-0.578786259762509,-0.499632014799786,11.0256811600034,2.69757686391972e-37,0.47009534286611576,PASS,
3576,CD8A,Treg,-0.241382037833191,-0.216904514597819,-0.527103407789588,-0.544593675812655,8.34034323650974,0.000336348004257,0.4700596471340045,PASS,
3578,FURIN,Mɸ4-infiltrated,-0.590808152295117,-1.21263363538715,-1.0641082267118,-1.10527549127361,7.79132650277668,3.04825432715053e-24,0.4700028557737879,PASS,
3580,TIAM2,Mɸ4-infiltrated,-1.38969511409107,-1.57659868111608,-1.08587767170491,-1.4046986087878,7.30600297055344,3.23141109493368e-22,0.46997812675055506,PASS,
3582,GPNMB,dS2,-0.496158587486238,-1.53519917091369,-1.28006799221932,-1.26631067960564,7.89264405216918,4.939139032749929e-40,0.46986082721599776,PASS,
3583,GMFG,Mɸ4-infiltrated,-0.294175370774975,-0.591982988126551,-0.651556903446025,-0.72148335247139,8.87740124603513,1.19342863017155e-20,0.4698509712905839,PASS,
3584,GSTP1,Mɸ4-infiltrated,-0.410550704083428,-0.235373124612923,-0.666269100071858,-0.620862805955092,9.27768818871219,4.83810386109448e-21,0.4698269253554132,PASS,
3585,GZMM,Treg,-1.19436010148234,-0.825985823813066,-0.336113504755842,-0.899610038658735,8.70020864276774,0.0014475747217241,0.46978299418742636,PASS,
3586,MMP28,EC-aPCV,-0.175359822495894,-0.303449260820118,-0.623480705321523,-0.593164259714584,8.0655614627,0.0002616122790642,0.4696984255995697,PASS,
3587,RPL21,Mɸ4-infiltrated,-0.29918920083426,-0.125747151416304,-0.725283776751077,-0.579317609008014,11.0088511456845,7.24166268835473e-52,0.46967567178650854,PASS,
3589,S100A8,Mɸ4-infiltrated,-1.86861719429306,-1.50122388208155,-1.42009884204792,-1.56631232767037,11.5773942680354,2.71994049580933e-41,0.4695605983230022,PASS,
3594,SST,cDC2,-1.5005842501523,-1.45619159692177,-1.5005842501523,-1.5005842501523,6.75594933313679,1.35330475418579e-06,0.46919614809079657,PASS,
3595,TNFRSF4,B cell,-1.07573358846963,-1.3664811321811,-1.18535435114594,-1.30119394308788,8.30495133033493,1.12051164860463e-14,0.46911114158834666,PASS,
3596,SLC40A1,B cell,-0.556175836479854,-1.06119327472006,-0.910755103382857,-1.01846241090627,8.30765075382132,2.95897135692921e-10,0.46906131456957356,PASS,
3599,FLNB,Mɸ4-infiltrated,-2.28051834743969,-0.917565390588822,-0.506376190066879,-1.20578794554825,8.06687337081609,6.32646031884782e-24,0.4689395981988077,PASS,
3600,ISG20,Mɸ4-infiltrated,-1.72454462067208,-3.34870805122983,-3.25637640726836,-2.81217250788066,7.68246723696372,2.19151447020927e-158,0.4688763831435515,PASS,
3602,RPS26,Prv-CCL19,-0.16876736651212,-0.220246408900238,-1.08254722033966,-0.692071081791797,10.1853230160487,6.09502762320497e-32,0.4688550488271364,PASS,
3603,LMNA,B cell,-0.0042496845534335,-1.23205487557103,-0.72577779271539,-0.936549830711069,8.35960758711259,1.11690547814843e-27,0.4687883856062846,PASS,
3606,SKIL,Mɸ4-infiltrated,-1.32557733717333,-1.27196615720542,-1.05380450304757,-1.28695780088581,8.60221320613821,4.57584735362614e-45,0.4687059107355211,PASS,
3614,CFL1,dS2,-0.864614995569663,-0.0675575655016119,-0.193705053923541,-0.562102840818971,9.50460527235914,4.23237034722549e-90,0.46818143463380313,PASS,
3616,JUND,Mɸ4-infiltrated,-0.96051971555903,-0.550534441421078,-0.779992776492783,-0.893487817306695,9.6287689427367,3.87968249495767e-24,0.46809846849874087,PASS,
3619,SST,EC-PCV,-1.73182837404142,-1.73182837404142,-1.73182837404142,-1.73182837404142,7.9189443227022,4.39588716075211e-15,0.4679307605917879,PASS,
3621,HLA-C,Mɸ4-infiltrated,-0.513809668963543,-0.330198338394071,-0.450857349370811,-0.657212018593604,10.6165260156949,4.04210753017837e-26,0.4677680599142337,PASS,
3622,DNASE1L3,cDC2,-3.84292234490144,-0.632395911529561,-0.569152560936236,-1.46890712932585,7.31556550117798,2.38921838564586e-07,0.4677372076498647,PASS,
3624,RPS28,EC-PCV,-0.361756813533594,-0.32210626055914,-0.385809599840525,-0.611508072901242,12.1225895701328,1.55191780657854e-07,0.46772868837397047,PASS,
3625,PSMB5,EC-PCV,-0.452560103206078,-0.878098141283535,-0.995636222321241,-0.975710604559263,8.35498423339218,5.94524025624222e-05,0.46769101448781686,PASS,
3626,INSIG1,Mɸ4-infiltrated,-1.36097524083972,-0.55765558975486,-1.45381784153409,-1.15115384639397,8.2920083732407,3.87459270818881e-21,0.4676458605301412,PASS,
3627,RILPL2,Mɸ4-infiltrated,-0.140352111336248,-0.674983092223966,-1.04282754829609,-0.858894427354393,8.02741747477139,4.27330952871764e-21,0.46759325594165957,PASS,
3629,IGFBP3,EC-PCV,-0.0022953289644787,-0.806724809081102,-0.905544464283808,-0.848035628365331,7.93387161014847,0.0002663790812997,0.4675059534159193,PASS,
3630,CREM,B cell,-0.923465271397751,-1.92496583295452,-1.45150483874404,-1.57669050386799,8.38840933946232,1.8220733559105e-28,0.4674851909927005,PASS,
3631,RPL10,dS2,-0.189132546114529,-0.101024141497988,-0.0904940958657384,-0.439730588356675,12.8453582444414,2.15183301768973e-70,0.46741481192970086,PASS,
3632,KRT8,EC-PCV,-1.01019975053218,-0.965328838075646,-1.25969239645798,-1.18551423036502,8.07222635182041,0.0003436176375901,0.4673261887307968,PASS,
3637,CLDN10,EC-aPCV,-1.62847314726396,-1.56809813365857,-1.61291761986201,-1.62847314726396,7.82881826492091,2.46985505613794e-06,0.46701647491928644,PASS,
3638,SLX4,Mɸ4-infiltrated,-1.60380537825062,-1.3785502023052,-1.39439065969927,-1.49548045802649,7.35041031131963,3.21605379496179e-25,0.4669403118922053,PASS,
3640,H3F3B,dS2,-0.0466110244001993,-0.0188675694104386,-0.26759091569079,-0.438275567501209,10.520559204103,1.02131647480727e-78,0.46689759130180164,PASS,
3641,RASSF5,Mɸ4-infiltrated,-1.78983245659249,-1.25534705284103,-1.02738341042637,-1.39351330512972,7.84207885642832,5.738512799498771e-35,0.466848351291744,PASS,
3642,CD74,EC-aPCV,-0.56877238865058,-0.0417542960325834,-0.031265708696071,-0.486873560919385,11.2371078706017,6.39123980400009e-09,0.4667521698440141,PASS,
3652,IL1R2,Treg,-1.96006977252041,-0.335663909194826,-0.210560857427464,-0.902326468293528,8.6161675517057,6.13519884241426e-07,0.46632275971553466,PASS,
3653,NCOR2,Mɸ4-infiltrated,-1.07696667113524,-1.06111366195511,-0.937963005367403,-1.1682336252568,8.070438712451,2.89708006914646e-26,0.4662402899574339,PASS,
3657,GBP2,Mɸ1-LYVE1,-1.10912352967134,-0.182749878576764,-0.289681111596332,-0.710288834918186,7.57259853580412,1.65004397744258e-24,0.4659672184078662,PASS,
3659,MAPK7,Mɸ4-infiltrated,-1.81474943753468,-1.0826939215306,-1.13495409792086,-1.37539203490201,7.46107638670031,9.41330682081144e-26,0.4659261098217053,PASS,
3661,GSTO1,EC-PCV,-0.708180697375004,-0.662383007529511,-0.938596145107186,-0.960773934063276,8.44115404267617,0.0001447524942725,0.4659086144738419,PASS,
3662,CD93,Mɸ4-infiltrated,-0.663249037818193,-1.63167116697551,-1.23077265999988,-1.37967763286546,8.89749494316654,1.33586100953346e-48,0.4659041256845658,PASS,
3668,AATK,Mɸ4-infiltrated,-1.16078043343186,-1.45371375842994,-1.41982712164406,-1.46184844242556,7.30716658982432,1.24051432730221e-22,0.4655698385638764,PASS,
3669,IER3,Mɸ1-LYVE1,-2.35241394997907,-1.59383604281257,-0.985542387099274,-1.64353615259809,8.3274602293113,7.59496136439927e-41,0.4655368837995147,PASS,
3670,IL7R,Mɸ4-infiltrated,-1.95343782438304,-0.378555569630284,-1.8799381846314,-1.34881797016959,8.30908828406602,6.396203961002251e-25,0.46544909044884597,PASS,
3671,PERP,Treg,-1.25478806335582,-0.866774716222177,-0.510767623390635,-1.03912280342807,8.46800515432695,0.0051184192565759,0.46543913353438104,PASS,
3672,GREB1,EC-aPCV,-0.251250837651097,-0.815963199462558,-0.796873947143025,-0.906062397460128,7.8339714205337,0.0001176760825716,0.4653091210648549,PASS,
3673,SIRPG,cDC2,-1.29799619386389,-1.50415002020002,-1.10470437782802,-1.43077348800717,6.76355145421015,3.832633821985019e-11,0.4652790515073269,PASS,
3676,LDHA,B cell,-0.0582992670085424,-1.09437139182602,-0.533717927977764,-0.907990719255489,8.71157557974411,3.43302802221252e-20,0.4652155452217892,PASS,
3681,CLU,cDC2,-1.84256674712401,-1.68077239892093,-1.72139285614896,-1.77345705960563,6.83469362922641,3.18654850439772e-26,0.46476953346748845,PASS,
3682,RPL37,EC-PCV,-0.374240125942634,-0.100765610913209,-0.0006587183313892,-0.503580133482354,12.2714670149904,1.78995560812138e-11,0.4646827707977463,PASS,
3687,DSTN,dS2,-0.0489258120521874,-0.25906313719488,-0.424847793421834,-0.605698580592817,9.09471513783638,5.82620868965399e-45,0.4642860237987745,PASS,
3691,TPT1,EC-PCV,-0.204985486859382,-0.147916557889136,-0.19882297469549,-0.543637693004363,12.8255107073761,0.0002489174004882,0.4642380537815523,PASS,
3692,LCP2,Mɸ4-infiltrated,-0.727430212828425,-1.19652965008591,-1.78222366137363,-1.39873296247486,8.25434869807603,1.09218771404949e-50,0.46407321139831437,PASS,
3694,CCL20,Treg,-1.72062456119748,-1.60316942760122,-0.791254606375259,-1.49309265068671,8.60004170983864,2.36424804546457e-10,0.463802609593588,PASS,
3697,MROH8,EC-aPCV,-1.01157825756448,-0.808524445987685,-0.543078840083922,-1.01157825756448,7.85077270654132,4.82511596060001e-05,0.4634649252941657,PASS,
3700,SRSF5,Mɸ4-infiltrated,-0.71773885291748,-0.744554587513855,-0.649067091393008,-0.964200599554282,8.6763244874486,4.124727928467459e-30,0.4632140733570009,PASS,
3701,SPP1,EC-PCV,-1.23602154283555,-0.49604022304248,-1.00500909392568,-1.06337564141218,7.96127074684424,3.29753383932076e-05,0.4630744542369106,PASS,
3702,MAMLD1,Mɸ4-infiltrated,-1.27828916330857,-1.28712678876132,-1.61613815129835,-1.50946160963222,7.27413408190447,1.45868911960982e-28,0.46299776791251146,PASS,
3703,SH3BP5,Mɸ4-infiltrated,-0.520299361256485,-1.00025999528413,-2.11822430371061,-1.39206867824163,7.93455691998844,1.55307222582591e-53,0.46299631373374756,PASS,
3704,HYAL2,EC-tip,-1.15366021725488,-0.832910817279616,-0.463554702702119,-1.03735191913535,9.10058327099105,2.719362592303e-54,0.4628623850649235,PASS,
3706,AREG,Treg,-0.660407460768246,-1.11204946681291,-1.11686549777645,-1.20789418242911,8.35842270466595,0.0002304963055316,0.46259743965984,PASS,
3707,KCTD20,Mɸ4-infiltrated,-0.823077739953188,-1.133816506123,-1.14104273892246,-1.25295331135186,7.87165579480789,2.0818052541246e-29,0.46252929637558565,PASS,
3708,SNX9,B cell,-0.317016825784363,-0.93808680374371,-0.591299865584475,-0.958553230499352,8.45430216164388,2.06842308230116e-09,0.4624112820404323,PASS,
3709,TPT1,Mɸ4-infiltrated,-0.334937755430873,-0.16960016472658,-0.346814459163916,-0.64329258985184,12.469577596256,3.69390250666138e-24,0.4623118480638777,PASS,
3711,APOBEC3A,Mɸ4-infiltrated,-1.01255094588235,-2.22743166596902,-2.16878748089754,-1.97201661483835,8.11534262187196,2.33410495333391e-51,0.46223936719193986,PASS,
3716,MEF2D,Mɸ4-infiltrated,-1.8516190699142,-1.65121061156696,-1.37531102753653,-1.70947783645541,7.71113193367854,1.39382815560333e-49,0.46204284169704596,PASS,
3719,JUNB,Mɸ4-infiltrated,-0.731761234969365,-0.817488703939539,-1.28975429336598,-1.17109060790619,9.65024486043929,2.92260064380887e-37,0.46182509665200927,PASS,
3721,PADI4,Mɸ4-infiltrated,-2.04763308820501,-1.88890905346849,-2.00577374068535,-2.01050633763017,7.29065284136288,2.29989689205954e-48,0.461723605624328,PASS,
3722,PLTP,EC-PCV,-0.790139052990968,-1.18890755748474,-1.2812450642171,-1.31399676008936,7.94921852881883,0.0004341353305768,0.46169507792536246,PASS,
3723,RPL36,EC-PCV,-0.221645942457664,-0.0676784503155252,-0.0705784371011244,-0.537776547398063,11.8134643652551,0.0003518821206668,0.4616930601521499,PASS,
3724,CTGF,cDC2,-0.568259205397052,-1.09647626943019,-0.586979393606856,-1.070531927831,6.77662474901131,7.02958082609329e-06,0.4616651117793453,PASS,
3727,ELK3,Mɸ4-infiltrated,-0.970815192981421,-1.40126321174636,-1.10751859012359,-1.38340226316217,7.81950875455152,1.51911019550782e-31,0.46156624078072883,PASS,
3729,FTL,dS2,-0.214786504269995,-0.260089664324068,-0.388309162921586,-0.67865414861365,11.2211618168436,2.48647386342672e-87,0.46137677212115996,PASS,
3730,DDX5,Mɸ4-infiltrated,-0.151194267696355,-0.362309036218924,-0.446268223119175,-0.715908475511852,9.72675198142925,3.22534639348772e-24,0.4613338872918968,PASS,
3731,SLC35E4,Mɸ4-infiltrated,-2.58883907038983,-2.32580838286855,-2.32613073847829,-2.39060145918208,7.46622920602932,1.50358426333128e-103,0.46133025167658176,PASS,
3733,GPR146,EC-tip,-0.644936455990153,-1.24404495981501,-1.21040030878741,-1.29770196485482,7.72700035621754,2.36818943762864e-35,0.4611224146978985,PASS,
3737,SLC43A2,Mɸ4-infiltrated,-2.39050009913635,-1.802901970473,-1.5837048924455,-1.94670149817821,8.95373183919214,1.97180362957529e-93,0.4609253929479499,PASS,
3738,TNFRSF1A,Mɸ4-infiltrated,-1.07281448696656,-1.17327894351254,-0.857422515507931,-1.26930309584812,8.31990483748347,1.88685770844687e-40,0.4608163986484861,PASS,
3740,ICAM3,Mɸ4-infiltrated,-1.62388663322374,-1.13517535672111,-1.45253844834616,-1.51116742373371,7.67967765097892,1.23055225548478e-30,0.46071419772936567,PASS,
3741,RPL18,EC-PCV,-0.181984705758612,-0.0655148637031063,-0.141463463076404,-0.565621310167116,11.4018039542642,5.38052058526162e-05,0.46065056039170277,PASS,
3742,SIGLEC12,Mɸ4-infiltrated,-1.73823092340345,-2.17084395401478,-3.01414944098545,-2.35123680185285,7.46091954825942,4.56030754827563e-115,0.4605943072883029,PASS,
3745,ID4,EC-aPCV,-0.210705287585939,-0.961845299083242,-0.923457065105177,-1.05762569088027,7.83567023904379,4.23134747591496e-05,0.4605496607493345,PASS,
3746,DLGAP3,cDC2,-0.918733380066263,-1.32683953001438,-0.98506278685322,-1.33236990223216,6.77963718215689,5.37600917383755e-07,0.4604482216245602,PASS,
3750,AC004585.1,Treg,-0.521421162857301,-0.972311498133227,-1.48792690796451,-1.26193514265338,8.39041157457809,3.83362763596672e-05,0.4601492313380626,PASS,
3755,PLEKHG2,Mɸ4-infiltrated,-0.543329893376416,-1.21922054326663,-1.39800531175329,-1.33620956471211,7.38551848890745,1.30186120672141e-21,0.45980996822439596,PASS,
3756,IQCA1,EC-aPCV,-0.0250538498903942,-0.787151997424727,-0.753099258964698,-0.937078367494898,7.83939910029584,0.0001010270454717,0.4597366544569656,PASS,
3757,SELENOM,dS2,-0.421480823385507,-0.48157960106252,-0.116277780941314,-0.755219371522809,9.25633199905812,7.251239197965999e-51,0.45971172269251914,PASS,
3761,SRPX,EC-PCV,-0.152409188879652,-0.672199627793426,-1.08586564895792,-1.00214282017803,8.08193236469219,1.23570816469353e-05,0.4595695031440909,PASS,
3766,MTRNR2L12,EC-aPCV,-0.883857345948538,-0.457895402108891,-0.0935558661678539,-0.831010863520127,10.9424942022492,4.59768964420608e-32,0.45931562254597397,PASS,
3770,IFI30,Mɸ1-LYVE1,-1.45221248513262,-0.497733850394506,-0.480556871001691,-1.0425356460347,7.61670373745088,3.10877025023916e-29,0.4590548121758895,PASS,
3771,NEU4,Mɸ4-infiltrated,-1.39431140646606,-1.8711659806453,-1.88128157405991,-1.87306269392811,7.27523338744167,4.018802434664941e-52,0.4589994648719144,PASS,
3772,AGPAT5,EC-aPCV,-0.130125775543563,-0.95995273544352,-1.09780192254482,-1.11159498840248,7.98101152500554,2.84609968677907e-07,0.4588539580221627,PASS,
3773,SELENOK,Mɸ4-infiltrated,-0.622147539202802,-0.297880838579937,-1.09592363616764,-0.97528142829618,8.10551683054191,2.47441700219749e-22,0.45869302166468695,PASS,
3774,KBTBD11,Mɸ4-infiltrated,-0.912616336025645,-1.23893681954305,-1.5786116522019,-1.47271913833813,7.38021112547211,1.76103707375301e-26,0.45868689854140227,PASS,
3776,ATP1B3,Mɸ4-infiltrated,-0.940266494707578,-1.07486919541656,-1.65486329662682,-1.44106937338308,8.94642484093028,1.07210421000967e-58,0.4585047924604125,PASS,
3777,TCEAL9,dS2,-0.195019489028877,-0.209495457238383,-0.265107134231264,-0.683388110406974,8.18239384826699,4.50348086436484e-39,0.458393925381085,PASS,
3779,NUPR1,dS2,-0.17850563824636,-0.423157161414181,-0.770795661746227,-0.871331140555813,8.42636041164387,7.54727540393063e-51,0.45813707612802596,PASS,
3780,RPS3,EC-PCV,-0.269797190803388,-0.165177278042464,-0.267262315578017,-0.687811437796783,11.8764300585513,7.17124960876518e-08,0.45808128643168383,PASS,
3781,CCL2,EC-tip,-1.54766614440472,-1.71086761594034,-2.57225133168546,-2.04020285908154,7.69238238885968,7.88156276742233e-47,0.45804995184757274,PASS,
3782,CTSS,Mɸ4-infiltrated,-0.277209238705376,-0.474787545434031,-0.639185831545025,-0.876342803877931,10.7392571331699,4.32016959669579e-31,0.45804008716086336,PASS,
3785,ABCA6,Prv-CCL19,-0.0866689264465015,-1.16243478955585,-1.53577466365211,-1.30159814337096,8.27100318968848,5.569763360600691e-19,0.45760170275564827,PASS,
3786,RPL10,EC-PCV,-0.174516424712218,-0.0201386091764794,-0.152611392969759,-0.608695288326872,12.795561401246,4.83701504617878e-09,0.4575726317682571,PASS,
3787,DEPP1,EC-PCV,-1.13344590812196,-0.154452802972796,-0.718814741247889,-0.949804379332988,8.25990712341884,5.23806195101835e-05,0.45752700079040776,PASS,
3788,DEFB1,EC-aPCV,-2.74047668516705,-2.70928345887122,-2.72804477008408,-2.74047668516705,7.82851372219207,1.26006983207083e-08,0.45749549816877494,PASS,
3789,GADD45A,cDC2,-1.64906856110151,-0.905307160584231,-0.451708655653026,-1.23718082388724,6.94724051769392,8.24798646625582e-06,0.4574651173606301,PASS,
3790,PLTP,Mɸ1-LYVE1,-1.43811243271458,-0.59637739558673,-0.675809714880967,-1.14397731591791,9.02844508172032,4.07330513084989e-25,0.4574641259015774,PASS,
3791,JARID2,Mɸ4-infiltrated,-1.51641584316259,-1.58470613738112,-1.65121510722931,-1.74938594496754,8.22411340269929,1.02506151645023e-66,0.4574533554035264,PASS,
3792,ATP1B3,dS2,-0.891896393400111,-0.461414443345872,-0.0212317435614019,-0.849776367350635,7.7906731784895,1.89554947144093e-36,0.4573985856091828,PASS,
3793,TLE3,Mɸ4-infiltrated,-1.40144340157779,-1.7179476850327,-1.6059336251863,-1.76600826470627,8.0786030383915,5.851887252214949e-57,0.4573726152105043,PASS,
3798,CSRNP1,Mɸ4-infiltrated,-1.37395245040839,-1.1782226913718,-1.29247846435827,-1.48981873686851,7.53482053303061,2.12053602264286e-27,0.4569902361811088,PASS,
3799,MT-ND4L,EC-aPCV,-0.858576827080791,-0.211797046985241,-0.435756048132921,-0.862804595249242,10.0364128081846,1.38464026856386e-17,0.4569714021469651,PASS,
3801,RPS27,EC-PCV,-0.389546312734876,-0.224636688416749,-0.0624622860507115,-0.704170544695948,12.5246700392036,1.48894821188009e-17,0.45681168193569943,PASS,
3802,MT-ND4L,dS2,-0.627557770637242,-0.977092570201681,-1.09312852406765,-1.23552352291864,8.91093181323573,1.40365211852349e-61,0.45678741380037474,PASS,
3806,RPL27,EC-PCV,-0.202924044824524,-0.0379601964831095,-0.0529902651697611,-0.614003789153309,10.4649497602763,0.0006624799656264,0.45664520435144323,PASS,
3808,FPR1,Mɸ4-infiltrated,-0.657077497741787,-1.66506496702538,-1.441426009444,-1.57532131824239,8.7237791172749,5.79968695874125e-55,0.45656445908453075,PASS,
3812,RPS23,EC-PCV,-0.0102245815510222,-0.0300196497261565,-0.0782156700028811,-0.593770061330311,12.3451707738077,1.77107789222113e-05,0.4561672232958914,PASS,
3813,BMP4,EC-tip,-0.571186674774671,-0.984937520720455,-1.60329888165088,-1.36256934325298,7.31775194236301,4.05729165795652e-32,0.456163338190123,PASS,
3815,HSPA1A,EC-PCV,-0.198315596121623,-0.899357603098724,-0.8050283300636,-1.07594202306569,8.36736378550196,0.000415235747057,0.45608259965478615,PASS,
3817,BCAT1,EC-aPCV,-1.95710830743197,-2.10680539615153,-2.08328331289106,-2.16793870759598,7.83231819549234,5.89036261316839e-06,0.4559884332477471,PASS,
3818,CD59,dS2,-0.262854012182422,-0.753439355315478,-0.818563793399905,-1.04243202833301,8.06746887917899,4.55093448648726e-37,0.45597558173824654,PASS,
3822,MUC16,EC-aPCV,-2.25930888707595,-2.08324980417471,-2.20843141138446,-2.25930888707595,7.83333668651535,8.99548419174185e-07,0.45565533036102945,PASS,
3825,HLA-F,Mɸ4-infiltrated,-1.08226937354962,-0.767258201175347,-0.797900401326779,-1.19364143946033,8.16028413512067,3.36239265243289e-24,0.45556624190658884,PASS,
3827,PLSCR1,Mɸ1-LYVE1,-1.10028810068424,-0.626517998492493,-0.356159503686841,-1.04989157581873,8.1681790159134,2.68063201622784e-24,0.45540962598192636,PASS,
3829,RPS29,EC-aPCV,-0.650673563432352,-0.324353531641924,-0.033152288381213,-0.799596753972782,11.4521493559094,1.59012200513386e-44,0.45538084153976127,PASS,
3832,XBP1,dS2,-0.673417395443879,-0.211329747532263,-0.0839682573548954,-0.782222272354934,8.17926028847993,8.45903084187891e-45,0.4551612191961876,PASS,
3835,RPS18,EC-PCV,-0.105499086665322,-0.0307766998778772,-0.0401807233149805,-0.622163456158189,12.8181242467066,2.14456348698829e-07,0.4550295973841895,PASS,
3837,TNFRSF1B,Mɸ4-infiltrated,-1.34556535855257,-1.54037792846338,-0.649044047963689,-1.4887757397572,9.35757992100522,4.39280030160399e-67,0.4548105207947761,PASS,
3838,ZSWIM6,Mɸ4-infiltrated,-0.822784011481174,-1.18443336193465,-1.05010154205987,-1.36176104349837,7.89267591550854,7.06393616209067e-29,0.45478720212307233,PASS,
3841,NPW,Treg,-1.0073525412414,-0.95774321980487,-0.228798860438543,-1.12773197827802,8.37132244482149,0.0001358032629916,0.45464940030293166,PASS,
3843,TIMP1,Mɸ4-infiltrated,-2.50218286832849,-0.936648341380303,-0.0611816283881593,-1.37232199014439,12.8104086270159,2.3637407924992e-50,0.45435573811759566,PASS,
3850,RARRES2,EC-aPCV,-0.0137348653104874,-0.654415022827209,-0.790002979359891,-0.991727540049887,7.84578934152279,6.68372753677381e-05,0.4540378414068359,PASS,
3852,RACK1,EC-PCV,-0.160963605179759,-0.389855926400494,-0.529130201983573,-0.876553892009828,10.8967309551544,1.14010992004608e-15,0.45367576516173985,PASS,
3855,LONRF3,Mɸ4-infiltrated,-2.03683087161663,-1.71187960160081,-2.30455559109858,-2.12183384550732,7.41012809266329,5.23050647567598e-66,0.45357056801569406,PASS,
3859,CENPF,Treg,-1.60626474128725,-1.11800617077226,-1.31918841684759,-1.57038897234561,8.5689401184899,1.15259864284188e-06,0.4533024118925972,PASS,
3860,SELENOK,dS2,-0.701691372840445,-0.635782251999184,-0.237794909496565,-0.989527348536461,7.85908030097418,3.2269791830771e-39,0.45329153281886775,PASS,
3861,SNHG8,EC-PCV,-0.884325834223891,-0.580262511082194,-0.318158073678044,-1.02183036716442,9.27536262331364,3.15984192640129e-07,0.4532484480819526,PASS,
3862,EDF1,EC-aPCV,-0.212341101983507,-0.0742218309357499,-0.21767750502839,-0.723813874197739,9.24679805901289,0.0002441151842093,0.45324089607761303,PASS,
3865,GPX4,dS2,-0.45494375406391,-0.800205868522178,-0.547724142506753,-1.07629075978711,8.97054441284485,2.19354234095696e-81,0.4529459469251954,PASS,
3871,P2RY6,EC-tip,-2.1664065257439,-1.22207955493441,-1.43325941961024,-1.75719960361496,7.22638480167498,3.930244871834039e-92,0.4524188122619391,PASS,
3873,METRN,dS2,-0.885086980165179,-0.321970552685018,-0.113037130507372,-0.90951272938794,7.79850043505907,1.60270436752728e-46,0.45226450871248053,PASS,
3876,RPS29,EC-PCV,-0.745076883958939,-0.406266750826711,-0.10728083548533,-0.913192052870589,11.5263185190804,2.50821227027467e-32,0.45212403763794384,PASS,
3884,RARA,Mɸ4-infiltrated,-1.65732253361545,-1.60465632393347,-1.46402112858,-1.80935361340236,7.78446565017285,1.52446347553325e-48,0.4518678419917234,PASS,
3886,HLA-DRB5,B cell,-1.68543070973565,-0.360714548321698,-0.145724341693574,-1.08563625004167,9.90540034695741,4.690713543584451e-44,0.45148449137913504,PASS,
3889,GK5,Mɸ4-infiltrated,-0.925332628449964,-1.26477776360608,-1.21911107468369,-1.49884441610548,7.68653068366435,3.01321555459363e-26,0.45126149365587725,PASS,
3891,CTNNB1,Mɸ4-infiltrated,-1.06243180988523,-0.666943149387152,-0.610080848122807,-1.18060915417646,8.69625499277092,1.10501813775665e-29,0.4511207470059698,PASS,
3892,XIRP2,EC-tip,-0.104372286407416,-0.584591534105469,-1.50765614942683,-1.19968090264024,7.20939201689615,3.43143137979701e-35,0.45103493928824184,PASS,
3894,C17orf107,Mɸ4-infiltrated,-1.27268113236206,-1.21027286428619,-1.42015190754837,-1.59946541129138,7.30787165609776,1.24416065023467e-22,0.45072999757711724,PASS,
3896,TOP1,Mɸ4-infiltrated,-0.223629184819416,-0.769629952200233,-1.02095663668297,-1.17281729568698,8.49932352976013,3.01365718353233e-35,0.4505406238651521,PASS,
3897,FCMR,cDC2,-1.38998258613056,-0.257565719628675,-0.824126403863803,-1.16527825828353,6.82147464998088,1.77208091684664e-06,0.4505213526748646,PASS,
3899,NFKBIA,B cell,-0.12625268007643,-0.42231618714612,-0.254862267828249,-0.8744857922809,8.98108618447989,4.44897861709326e-10,0.45046166837002793,PASS,
3900,VAT1,EC-PCV,-0.850503356594137,-1.23679156013789,-1.12166753509001,-1.46450994518918,8.27836158750163,9.39601109528274e-06,0.4503921793123716,PASS,
3903,DUSP23,EC-tip,-0.671029264789981,-0.694575612855476,-0.665271683504533,-1.14679406775519,8.74064862793713,4.84891807839484e-38,0.45025682394310074,PASS,
3905,HAS1,Mɸ4-infiltrated,-2.14985871475244,-1.90494360651923,-1.68178389058072,-2.09585212224483,7.30560059136444,2.95039718511772e-48,0.45014610839250463,PASS,
3907,AC004556.1,Mɸ4-infiltrated,-0.754130963891738,-1.06200881058595,-1.38726506093591,-1.4558631797354,7.27056030580014,5.77898619619343e-24,0.4500392830876158,PASS,
3908,IER2,Prv-CCL19,-1.12639780624203,-1.33622315661952,-1.74187479701192,-1.70573464151479,8.75852993584751,2.05686766945938e-17,0.4500361411096233,PASS,
3913,CD83,B cell,-2.89812015983949,-2.41400786951643,-1.5272785268561,-2.41816050083081,8.82973435981779,3.08164819350361e-65,0.4496403049284285,PASS,
3914,UBE2E3,dS2,-0.110567009176716,-0.133385433846052,-0.0941959003066622,-0.762286778194823,7.84982308124446,2.7642181385481e-55,0.4496257391654336,PASS,
3921,CD69,Mɸ1-LYVE1,-1.25841932165738,-0.155262714624842,-0.234450999305228,-0.996386075211127,7.24011192660878,1.43118882091444e-26,0.4493843893956878,PASS,
3923,CDKN1C,cDC2,-0.978070095767524,-0.205042388520759,-1.26005689346295,-1.19387588401835,7.07789642054211,1.09827810402236e-08,0.4493525415190652,PASS,
3924,MCL1,Mɸ4-infiltrated,-0.468049845497194,-0.782109830684138,-1.29044398757928,-1.30401979989334,9.4410556213162,1.40853867414256e-53,0.4490102195561509,PASS,
3925,MIR4435-2HG,Mɸ4-infiltrated,-1.11538543933885,-1.3985952483437,-2.10752603434184,-1.83271304354695,7.81722397750873,4.5468699653152e-56,0.4489834903645181,PASS,
3928,FOSL2,Mɸ4-infiltrated,-0.868201223566178,-1.04775444586724,-1.13983435025088,-1.42918631677039,8.44096314246866,2.7923504814618e-32,0.4488278154059286,PASS,
3930,LBR,Mɸ4-infiltrated,-0.805707653261982,-0.81933173567119,-0.587683143332276,-1.21958053513066,8.11829908820118,1.34346065395214e-21,0.44853580484748573,PASS,
3938,METRNL,Mɸ4-infiltrated,-0.582553485534131,-0.743577196451793,-1.20432629146313,-1.30750014880026,8.92738025704913,1.26777335907663e-47,0.4478568282497975,PASS,
3939,PCDH12,EC-aPCV,-1.47346359021586,-0.326516058772811,-0.10064798540964,-1.08527483800807,7.96222827998922,8.70931937699744e-08,0.447770985443573,PASS,
3942,NPC2,dS2,-0.237165081345407,-0.515141958438018,-0.190211278453227,-0.95398043687046,8.50705643220912,6.23594888743274e-56,0.44766914489599435,PASS,
3944,FAM49A,Mɸ4-infiltrated,-1.04758320689674,-0.956208806128455,-1.32409785855459,-1.49055064869779,7.76007931979423,3.47485092283103e-30,0.4476383287787036,PASS,
3945,NR2F1,dS2,-1.05634084983087,-1.15416138064011,-0.510617970657918,-1.37263592108044,8.23124114239153,3.05225892445e-38,0.447528318603638,PASS,
3946,AKAP13,Mɸ4-infiltrated,-0.287086208832234,-0.714136725306692,-0.821239241292443,-1.16644234100292,8.77960251597303,1.61393348169184e-34,0.4474716117908594,PASS,
3951,NR2F1-AS1,EC-aPCV,-0.800536197331866,-1.57294936683968,-1.5600456593851,-1.72943747044587,7.8395127229533,1.99779528940817e-05,0.4467131778440794,PASS,
3952,VDR,Mɸ4-infiltrated,-1.57621269666908,-1.42492130365444,-1.30233234730022,-1.75858759360481,7.79323662087964,1.56304744312841e-40,0.4465521794081876,PASS,
3954,HAVCR2,Mɸ4-infiltrated,-0.505438348014036,-0.985482199397262,-0.906094000154537,-1.32752706001689,8.35091978800279,7.56997632352621e-32,0.4463325102241498,PASS,
3956,TP53INP2,Mɸ4-infiltrated,-1.31972213298755,-1.26837444061258,-1.17028067609315,-1.62773360324779,7.34761069843292,2.47028940587837e-21,0.4463138436534914,PASS,
3959,THBS4,Prv-CCL19,-2.08612009845451,-2.54623438266807,-2.45820439443735,-2.58914076313391,8.25976654744372,3.39391718782951e-55,0.44604645906241247,PASS,
3964,JUND,B cell,-0.722654534206958,-1.12190096486804,-0.474484156191508,-1.32540383016766,9.65392166553326,5.2056705008406e-33,0.44548981929908704,PASS,
3965,CTSL,Mɸ1-LYVE1,-1.46827390417085,-0.61710433700053,-0.11620425913984,-1.21536668062137,10.1100610541342,2.17317290044615e-59,0.44543938483555123,PASS,
3967,WARS,Mɸ1-LYVE1,-2.62936033575643,-0.654546144525086,-0.978177165249506,-1.64266831203224,7.56077052280968,2.31674678981878e-90,0.4453140230791054,PASS,
3968,CREM,dS2,-0.526666369570226,-0.0103677681883076,-0.458107756429722,-0.942681059165374,7.36411899945695,5.18717630688915e-57,0.44529887184342337,PASS,
3970,EFEMP1,EC-aPCV,-3.29073924407169,-3.60893501736863,-3.46950627941008,-3.6405777236369,7.83858022596903,1.3195928957093e-31,0.44519966936315525,PASS,
3971,MARVELD1,EC-aPCV,-1.26193088275346,-0.263282954200406,-0.119692083174127,-1.07350218692736,7.9619172481004,7.1522757151271e-05,0.44517139902703456,PASS,
3972,TRDC,Treg,-1.25676080482381,-1.17832906834849,-0.804832350024194,-1.52092227607051,8.39715369480482,2.01174523841098e-08,0.4448356242359827,PASS,
3973,AMPD2,Mɸ4-infiltrated,-1.38411674652207,-1.4085544314261,-1.10612535438527,-1.69363019294809,7.67131889213007,3.50768791182658e-36,0.4447711387764292,PASS,
3974,NNMT,EC-tip,-0.140463476317995,-0.986771765064335,-1.31712348113025,-1.38531607894207,8.88446034185663,9.20404060330908e-72,0.44476300804043434,PASS,
3976,CD86,Mɸ4-infiltrated,-1.08572546630433,-1.12796724306567,-0.714782846695874,-1.45762035275046,8.41733170228666,2.46545499853629e-39,0.44451588229215405,PASS,
3977,SPATS2L,dS2,-0.364085362343598,-0.480408213184513,-0.0800318318954913,-0.992770680533789,7.62122922578339,2.04122830921951e-37,0.44445883208410286,PASS,
3978,HIF1A,Mɸ4-infiltrated,-1.2201838084962,-1.39254384878764,-1.22145463096637,-1.68955916341614,9.19627908361874,4.30143964572729e-58,0.4444485531315985,PASS,
3979,BCL2A1,B cell,-1.1998198729197,-1.16245968520578,-0.762982859315035,-1.50162418243084,8.55755870698763,3.12545208494264e-19,0.444421556584569,PASS,
3983,MALT1,Mɸ4-infiltrated,-2.32987899929736,-1.40539633682404,-2.07744350736094,-2.12846606299613,7.88919742881352,5.16160386833339e-78,0.44383388914299937,PASS,
3990,INAFM2,Mɸ4-infiltrated,-1.4192398870508,-1.25065942698103,-0.888821900733909,-1.6194099468381,7.6525695050092,7.76083779371342e-32,0.44297935220524487,PASS,
3995,TESC,EC-PCV,-2.02242685944498,-0.36392889779083,-0.4588908960504,-1.35040087806837,8.25566922643666,3.87314505521398e-07,0.4428307912572654,PASS,
3998,PDGFC,EC-aPCV,-0.492438066232808,-1.49323253347394,-1.39184229398012,-1.6638162226121,7.84522297382565,4.51739256578185e-10,0.44247877915557376,PASS,
4000,PLA2G7,dS2,-1.13466787124056,-2.03869287521637,-2.29638506279418,-2.20512765669271,7.4748210291425,3.76708914405673e-74,0.4421545283284128,PASS,
4003,RETN,cDC2,-0.517337855537162,-0.997898663646434,-1.61380480479882,-1.55906303640567,6.83290746945527,1.35795097271913e-08,0.442055846472577,PASS,
4006,MRPL33,EC-aPCV,-0.321088051882718,-0.666401762656336,-0.790469272920925,-1.23616116784379,8.62798403348104,8.69639156975145e-05,0.44177938806930833,PASS,
4009,IGFBP4,EC-tip,-1.00774319799203,-0.850344770039369,-0.598301253751709,-1.36943122721802,9.84636009612151,2.64024774653723e-102,0.4415654080547732,PASS,
4011,GADD45B,Mɸ4-infiltrated,-0.200698636391104,-1.11396139334343,-1.60886416881868,-1.5543334363462,8.13633603118723,1.50659284908943e-32,0.44133264385075194,PASS,
4012,CSTA,Mɸ4-infiltrated,-0.603067899026075,-0.724623257859504,-1.02390566310819,-1.3641755530694,8.43880561566437,2.13678833412622e-36,0.4409417607259809,PASS,
4016,CTSD,dS2,-0.755756800692575,-1.28107125415165,-2.02142736648257,-1.8157090195099,7.85573298686861,2.96099276596371e-83,0.44045130493713774,PASS,
4020,JOSD1,Mɸ4-infiltrated,-1.27874264870726,-1.1619947626813,-1.07318402618368,-1.64902544861036,7.81556977427896,1.2099045729652e-34,0.4398016172407445,PASS,
4022,RAB38,EC-aPCV,-1.03817091760099,-0.0557132869204924,-0.0069880206322854,-1.03817091760099,7.91150640367848,7.15146185885153e-05,0.4397094553030822,PASS,
4028,AC055874.1,EC-aPCV,-1.62587091133396,-1.03758588081944,-0.825029021126284,-1.62587091133396,7.88095934246572,3.70584179180319e-05,0.4389759291284227,PASS,
4029,DNMBP,Mɸ4-infiltrated,-0.558680194375853,-1.07862882603197,-1.34037964368723,-1.57161144902107,7.40443606576526,1.6131380487887e-23,0.4388858474630009,PASS,
4033,CLSTN3,dS2,-0.747815087236434,-0.368163564841959,-0.144679385846766,-1.13067266301543,7.17849643117485,5.069621653744309e-36,0.4383571834968486,PASS,
4037,MYZAP,dS2,-0.622656619764891,-0.245831754959149,-0.177506221000203,-1.08996872378322,7.1012734000439,4.55439847724075e-36,0.4378039854173706,PASS,
4038,FAM3C,dS2,-0.381404485036105,-0.50448623598841,-0.710253715354637,-1.23856603981999,7.59738590389816,5.85055997450285e-58,0.4377907329096244,PASS,
4044,TES,Mɸ4-infiltrated,-0.409199524127059,-0.749344912161232,-0.980940491967099,-1.38320483624943,7.83840897084042,6.61530851532595e-24,0.4373245872352455,PASS,
4049,SDS,Mɸ4-infiltrated,-3.13614199326724,-0.585205077938652,-0.887054104128835,-1.8225799587261,8.33518716542277,3.54988180571794e-29,0.436715961828846,PASS,
4055,VEGFA,Mɸ4-infiltrated,-1.63512959038909,-1.3721377434413,-1.32066226430222,-1.88804269298749,9.15925234618524,2.06751013956624e-45,0.4362749492710418,PASS,
4059,EDNRB,dS2,-0.507843093453488,-0.54449110979592,-0.0048382033616383,-1.15273675935672,7.21780343905702,3.59474980931776e-37,0.4360616445136649,PASS,
4060,PKIG,dS2,-0.503862364575693,-0.644415087001673,-0.615662344053658,-1.30768011667834,7.89510887073124,1.70731767524539e-71,0.4359419238659872,PASS,
4062,HYAL2,EC-PCV,-1.11018759008485,-0.984969433344833,-1.17991761104769,-1.64043253620955,9.14020519124685,8.97978145473687e-07,0.4357156838052985,PASS,
4064,RAB9A,dS2,-0.16618946854574,-0.379712848489443,-0.272867935840723,-1.11322412144152,7.51159554084883,3.35510524587958e-59,0.43553502880910483,PASS,
4070,SMOX,dS2,-0.528960809212736,-0.482184795947576,-0.917976035694497,-1.34967358840757,7.22388965809872,4.82970421527481e-47,0.43439058562483657,PASS,
4072,SPSB1,EC-tip,-0.175557199790962,-1.06739623062489,-0.721621358291487,-1.43514230192752,7.3029002594606,2.27904189205966e-42,0.4342234186262184,PASS,
4078,C2orf40,EC-PCV,-2.53137789409412,-1.72803145723377,-1.49171493782961,-2.26056889778103,8.04618293871899,2.67968065126905e-11,0.43380240599351844,PASS,
4079,RARRES1,dS2,-1.04709635966748,-1.06285859235247,-1.61732487188677,-1.78129198608146,7.41669621601712,1.92074780880524e-38,0.4337881067481277,PASS,
4081,S100A13,Prv-CCL19,-1.1825776111466,-1.09709641974864,-1.29438135751435,-1.74598143384771,8.72460924644493,2.51750411020807e-19,0.43339578603322104,PASS,
4084,CFP,Mɸ4-infiltrated,-1.81510351008384,-0.973378879184866,-0.803816392894007,-1.71324642591672,8.27069730322488,9.26341674813807e-37,0.43316498331610354,PASS,
4094,SULT1A1,Mɸ4-infiltrated,-1.321721022202,-0.998381676519964,-1.17009358744406,-1.7345592475676,7.57397468446198,2.34424341933662e-30,0.4315507691299845,PASS,
4098,CCNH,Mɸ4-infiltrated,-0.410599479785318,-0.702600001967833,-1.20552766506769,-1.50515374572631,7.86125431741442,1.27326705835685e-28,0.4312024027082856,PASS,
4099,OSM,Mɸ4-infiltrated,-2.41267975395459,-2.31261363479441,-2.29917423419743,-2.70022961675617,8.19756819388784,2.12675484397899e-76,0.4306412700105273,PASS,
4101,CD55,Mɸ4-infiltrated,-1.51742061207309,-0.532355101854964,-0.488228109464719,-1.49548904393432,8.73778610821798,7.83388566392837e-28,0.4304013665067356,PASS,
4102,BTG1,Mɸ4-infiltrated,-0.0562324494238996,-0.420500137654869,-0.0121190073572424,-1.13991724813162,10.3507314659865,4.07850647308343e-32,0.4303258682256594,PASS,
4104,SYAP1,Mɸ4-infiltrated,-1.40800490191119,-1.28129815977748,-1.82945292297404,-2.01386136070999,8.0929722560546,2.92947428895125e-68,0.43014316990150436,PASS,
4107,ID3,Mɸ1-LYVE1,-2.42681548352003,-1.11531959833774,-0.913132130562031,-1.94945988991252,7.45880988240809,3.48075828429066e-57,0.4293864090296455,PASS,
4111,COTL1,dS2,-0.559075847957498,-0.349838009964567,-0.0708779901999097,-1.22910092422873,7.62355970227361,1.29335850821247e-83,0.42876036499924614,PASS,
4112,FMO2,EC-aPCV,-1.00427159007913,-2.77350895047185,-2.50488714453996,-2.68373590237652,7.88597823328482,2.06775602342131e-35,0.4287568627227327,PASS,
4117,SLA,Mɸ4-infiltrated,-0.123508815407531,-0.704842594198968,-0.739004454739297,-1.41423445574177,8.76371011499789,2.23278778809553e-32,0.42764575566770213,PASS,
4119,AKAP12,Mɸ4-infiltrated,-3.33530626635758,-2.83910467008728,-3.58272428134721,-3.55598722692901,7.44398862742103,5.59570390556137e-167,0.4275657506383771,PASS,
4126,MEGF6,EC-aPCV,-1.24994779079208,-0.134004499230049,-0.384694865946396,-1.3642029417049,7.92281484746214,4.95539570319376e-06,0.4270553712584117,PASS,
4130,PBX3,dS2,-0.473043864787096,-0.647568666702238,-0.755981494965852,-1.46527047876529,7.22858231945678,4.28383620062658e-48,0.4267566115643515,PASS,
4141,ADM5,EC-tip,-1.08727899574339,-1.16260394707231,-1.44673610738864,-1.89138486853596,7.71306416860593,1.50680118892377e-55,0.4251636602525894,PASS,
4142,NR4A1,Mɸ4-infiltrated,-0.203728412150897,-0.316840234211852,-1.4462193263975,-1.50114984158945,7.93093994442809,2.78255455468458e-27,0.4250384303905657,PASS,
4148,GZMB,Treg,-1.81671584997888,-2.65165321450289,-2.6792724609666,-2.89390313896451,8.39672010323972,4.39282257646105e-53,0.4240346940674092,PASS,
4151,SHISAL1,dS2,-0.251193712357389,-0.969282135374325,-0.738136909412222,-1.56414406774016,7.0949786280857,1.72077748339095e-36,0.42389801808726413,PASS,
4152,SYN1,Mɸ4-infiltrated,-2.42482460740641,-0.900925379277746,-0.338718424105529,-1.83290058556514,7.49420916995285,9.03287731722196e-39,0.4238439941837306,PASS,
4154,HBEGF,Mɸ4-infiltrated,-0.671863810917368,-0.810557656641974,-0.855168776850438,-1.6077548872633,8.81564001181567,9.95217416204966e-21,0.423604619885639,PASS,
4156,APOD,dS2,-0.283580475040313,-0.919280713089313,-0.206023147219565,-1.45648215034097,8.51184485700253,1.87686531237877e-75,0.4234127650813686,PASS,
4157,FCN1,Mɸ4-infiltrated,-0.243153851416195,-0.354324756773837,-0.180086073625872,-1.2874319104209,10.164642786867,2.92162529777051e-22,0.4232607725939162,PASS,
4163,MFGE8,dS2,-0.127126224628621,-0.7069857768179,-0.87874641671332,-1.53322430973421,8.50722800269312,4.81559228440503e-163,0.4213226831527437,PASS,
4168,SOX4,dS2,-0.0255789970293156,-1.33773637866089,-1.35095284030746,-1.82452170496987,9.53543416041131,2.67496008217463e-168,0.42021278499304626,PASS,
4169,TMCC3,Mɸ4-infiltrated,-0.119745455723002,-0.993938577608884,-1.12504581691824,-1.68709232384034,7.49921142234683,9.965189854946388e-30,0.4198942372346274,PASS,
4172,CD300E,Mɸ4-infiltrated,-0.760379502053091,-1.41597993183924,-1.17514840625461,-1.93362564330694,8.92728624168967,2.46575460937325e-45,0.4192529003249631,PASS,
4177,TNFRSF12A,EC-aPCV,-0.749725807209799,-0.284834140926303,-0.746153525517783,-1.52022898572743,7.90959721750961,3.64683549696188e-08,0.41843876366473165,PASS,
4180,DPYSL2,dS2,-0.141830416462068,-0.654122337625089,-0.33565356882963,-1.47403056294049,7.77435983106191,2.07735230893306e-109,0.4171257851436159,PASS,
4186,DUSP4,Mɸ4-infiltrated,-2.49711786625818,-1.84736937897286,-3.12708135581162,-2.94706316499734,7.58713369689071,6.63102520639878e-98,0.4155766742531369,PASS,
4187,LINC01013,EC-tip,-1.36706563276316,-0.858659640005223,-1.17786610853071,-1.91032132086402,7.27188777618814,9.843375049624129e-57,0.41531003903131325,PASS,
4190,WNT6,dS2,-0.974521605624452,-1.39332370072983,-0.891731340077034,-1.95906639342014,7.14894695012826,4.30993469599437e-47,0.4145891264092853,PASS,
4193,PTPRU,dS2,-0.744539410909241,-0.749578716374358,-0.494519768993532,-1.6612357143289,7.22139704065031,6.42255279790148e-65,0.4138837204625171,PASS,
4194,BEX2,EC-aPCV,-0.0596987848105115,-1.33246929663949,-1.31977613965632,-1.91037894704703,7.92652213108064,6.06814143559415e-12,0.4132700725001395,PASS,
4203,PLD1,dS2,-0.484051937057678,-0.329254780943033,-0.468111476037413,-1.54181854145013,7.13139406824985,4.44309672372192e-76,0.411196699212695,PASS,
4206,GBP2,dS2,-0.244737037748846,-0.409119654215467,-0.884453986834399,-1.61734349616356,7.42105959727087,7.12804995580309e-101,0.41053414185257386,PASS,
4207,THBD,Mɸ4-infiltrated,-1.06329735773822,-1.06842339253793,-2.0735669398589,-2.18488786082287,8.5218948140369,2.37521972680698e-47,0.410495629091935,PASS,
4209,ARRDC3,Prv-CCL19,-0.938769801168006,-0.84630754755819,-1.00455613293002,-1.86461815703167,8.41404216590167,2.02975587828957e-14,0.41032608684125915,PASS,
4211,NR4A3,Mɸ4-infiltrated,-1.19287637220264,-0.647648619167553,-2.03399362222183,-2.07985593810438,7.53743757238287,8.18069421872423e-45,0.4098421674933463,PASS,
4216,IER3,dS2,-1.49856531141593,-1.75338800267704,-2.56821511099045,-2.62914332504223,7.24345456354683,1.30476785673988e-76,0.40904549307130134,PASS,
4221,RPS26,EC-PCV,-0.301398506984983,-0.0174010979699127,-0.751351114761875,-1.53898564376952,10.333265981986,9.12685305424792e-38,0.4077999508603038,PASS,
4224,ENPP2,dS2,-0.125287234051469,-0.672757164988659,-1.52825112039956,-1.85583650495523,7.61049671603712,4.50655955793551e-115,0.4065889535819763,PASS,
4227,WDR86,dS2,-0.307588887003518,-0.601975096326775,-0.814285096887215,-1.72361523970682,7.42755960868963,1.98605948320371e-104,0.4060664336481942,PASS,
4230,IGFBP3,Prv-CCL19,-1.13864669700816,-0.141546015610357,-0.0507736710889147,-1.60926312186115,8.56369383889024,2.11736293301404e-11,0.4046032480028133,PASS,
4241,HTR2B,dS2,-0.33448533948328,-0.815255268372889,-0.454351589593606,-1.78460664525239,7.5891922135929,4.76921412366498e-107,0.4010595766246962,PASS,
4244,TRPC4,dS2,-0.216524888821283,-0.847951212355398,-0.811935735988302,-1.85381624303674,7.12626136422868,8.37706684972156e-72,0.400245805178495,PASS,
4245,CDKN1C,dS2,-0.0873452151753673,-0.986265600250524,-0.935589025809115,-1.90542475820987,8.395628337962,8.11785296215433e-144,0.3997586749978679,PASS,
4247,FXYD5,dS2,-0.322098436495144,-0.592644564482691,-0.102220211430774,-1.69080232713383,7.78026549977573,1.81492040623065e-163,0.39909737456545,PASS,
4252,RBP1,dS2,-0.549633656094515,-0.664340588456255,-0.689931535500337,-1.85366205154573,9.9122476040771,0,0.39811629578021485,PASS,
4255,CCDC71L,dS2,-0.544796412233502,-1.12975335959654,-1.7243921253814,-2.20029584160204,7.39010603817798,1.39722315615093e-100,0.3974153863721554,PASS,
4262,F3,dS2,-1.52965440220544,-0.396606662149909,-1.39312613267153,-2.09337345763345,8.45933053539949,6.97541829602262e-199,0.3962184830810274,PASS,
4265,GABARAPL1,Mɸ4-infiltrated,-1.55857977200283,-0.890783463450445,-0.928748235938627,-2.14948157767996,8.18080386117101,2.07166830196418e-46,0.39520927960642926,PASS,
4269,APOE,dS2,-1.60027444360179,-1.21572753041801,-0.45397340555499,-2.17291146488537,10.4282490962179,3.130163421869e-204,0.394267867041753,PASS,
4272,RRAS,EC-aPCV,-0.603970552082629,-0.757438860448841,-1.05265582172502,-2.01056494621233,8.13198545451128,8.03244834344382e-07,0.39361854757680526,PASS,
4275,SIPA1L1,Mɸ4-infiltrated,-0.545599723277269,-1.35498473321993,-1.45530450268575,-2.27062865135385,7.84396274294205,1.05690470063876e-55,0.3922764283347291,PASS,
4287,GRASP,Mɸ4-infiltrated,-0.12356481696511,-0.0230888306702614,-1.32757159355948,-1.94685518353607,7.54269410512608,7.420073856514031e-45,0.38402999859703274,PASS,
4288,MXD1,Mɸ4-infiltrated,-0.535006510633298,-0.676657997900563,-0.34242977385242,-1.98021894793681,8.50684790582734,3.86763752790398e-35,0.3835823636133238,PASS,
4294,MAP3K8,Mɸ4-infiltrated,-0.813258274225572,-0.73536985358323,-1.70530568983007,-2.36682929296594,8.13430406539152,2.05228999744732e-65,0.3768914270303682,PASS,
4296,CD68,dS2,-0.450205588740623,-0.811970010248152,-0.173163403378298,-2.08423069225226,7.19348626255295,3.64886734745838e-131,0.37499378719574505,PASS,
4300,ANGPTL4,Mɸ4-infiltrated,-2.92086305671652,-1.09665152201241,-1.53938049395537,-2.90173478878586,7.75382102088757,8.46848639399297e-47,0.36937962365890925,PASS,
4304,CHI3L2,dS2,-0.204277199121134,-1.36922580609386,-0.696835438723791,-2.38096787340494,7.09931922858289,6.94049929217461e-135,0.36715377543722816,PASS,
4308,CREM,Mɸ4-infiltrated,-1.14508806913159,-1.20362647063225,-1.51671501713395,-2.64505916294544,8.07887169076008,7.72091363877427e-66,0.36435124118948736,PASS,
4317,DES,dS2,-0.579039029415071,-0.413201419798399,-1.23265473471716,-2.47577019699366,7.44493792416447,3.76519462407559e-218,0.35008524560286447,PASS,
4318,FXYD7,dS2,-1.33748292409562,-1.87956870376858,-1.28183770122951,-3.01361468706792,7.15574887837138,9.97127983912225e-143,0.34844528389695784,PASS,
4319,DKK1,dS2,-0.424413406728732,-0.967378611552824,-0.485437883324263,-2.4821816907519,8.17718147264904,1.27751746390769e-139,0.3482759318939561,PASS,
4322,IGFBP1,dS2,-1.4623922085989,-1.63937903651072,-3.76941978436427,-3.71766190653062,7.19177792146996,1.72915047950222e-247,0.3442342703657583,PASS,
4323,APOC1,dS2,-2.2729921831518,-1.54556890774271,-0.800548298240367,-3.06645148976436,8.40062274808249,1.4008120459839e-279,0.3410384029032266,PASS,
4326,LXN,EC-aPCV,-1.61918484363399,-0.688371300409623,-0.661475451640674,-2.78354478550791,8.19602040745762,1.15059101197167e-06,0.3323428748589069,PASS,
4331,IGFBP3,dS2,-0.132059175151551,-1.29740580063768,-1.74518043207734,-3.11671374061872,9.43949485700688,5.51905967788346e-245,0.31620915183958015,PASS,
